stage,id,label,horizon,schedule,top_n,gate,factor,weighting,fee_mult,requested_start,actual_start,end,total_return,cagr,max_drawdown,sharpe,avg_exposure,trades,yearly
broad,m36_month_start_top1_no_gate_base_equal,3月50%+6月50%｜月初 Top1｜无闸门｜纯动量｜equal,m36,month_start,1,no_gate,base,equal,1.0,2021-07-10,2021-07-13,2026-07-10,-0.281434224604328,-0.06407267262474825,-0.6812171212724223,0.011288448869831593,0.9867768595041322,77,"{""2021"": -0.390678124488988, ""2022"": -0.3452314802927833, ""2023"": 0.07901451888609112, ""2024"": -0.1701697984403452, ""2025"": 0.9482375554669622, ""2026"": 0.04890732998927172}"
broad,m36_month_start_top1_majority_below_ma100_base_equal,3月50%+6月50%｜月初 Top1｜2/3指数低于MA100空仓｜纯动量｜equal,m36,month_start,1,majority_below_ma100,base,equal,1.0,2021-07-10,2021-07-13,2026-07-10,0.3971713948215323,0.06930531775102233,-0.24533473690852414,0.3944421921042223,0.3413223140495868,37,"{""2021"": -0.13339588178182737, ""2022"": -0.02447176742282131, ""2023"": 0.13405507672306904, ""2024"": -0.16036551973107982, ""2025"": 0.5115015214963614, ""2026"": 0.17087196702132101}"
broad,m36_month_start_top1_majority_below_ma120_base_equal,3月50%+6月50%｜月初 Top1｜2/3指数低于MA120空仓｜纯动量｜equal,m36,month_start,1,majority_below_ma120,base,equal,1.0,2021-07-10,2021-07-13,2026-07-10,0.38189520079825345,0.06695255766942454,-0.30751773297652696,0.38126532642055067,0.3752066115702479,41,"{""2021"": -0.212147452382205, ""2022"": -0.008684952749895558, ""2023"": 0.10129625594427139, ""2024"": -0.14216809320588053, ""2025"": 0.6310077119778441, ""2026"": 0.17087196702132057}"
broad,m36_month_start_top1_majority_below_ma150_base_equal,3月50%+6月50%｜月初 Top1｜2/3指数低于MA150空仓｜纯动量｜equal,m36,month_start,1,majority_below_ma150,base,equal,1.0,2021-07-10,2021-07-13,2026-07-10,0.0008008740753930876,0.00016040901499847493,-0.330431563660187,0.1427939375918834,0.35619834710743803,35,"{""2021"": -0.2082266405234514, ""2022"": 0.0, ""2023"": 0.10055302572149771, ""2024"": -0.11407979183297534, ""2025"": 0.4526740450392839, ""2026"": -0.09003152206316112}"
broad,m36_month_start_top1_majority_below_ma200_base_equal,3月50%+6月50%｜月初 Top1｜2/3指数低于MA200空仓｜纯动量｜equal,m36,month_start,1,majority_below_ma200,base,equal,1.0,2021-07-10,2021-07-13,2026-07-10,0.10751477997634606,0.020670867710435026,-0.4003747663836388,0.21721771351779592,0.3768595041322314,39,"{""2021"": -0.2266775198587626, ""2022"": 0.0, ""2023"": 0.023559966207423066, ""2024"": -0.07874488098453547, ""2025"": 0.6665359879877073, ""2026"": -0.07074627962786673}"
broad,m36_month_start_top2_no_gate_base_equal,3月50%+6月50%｜月初 Top2｜无闸门｜纯动量｜equal,m36,month_start,2,no_gate,base,equal,1.0,2021-07-10,2021-07-13,2026-07-10,0.41749204783311367,0.07240332461344368,-0.594627056567149,0.38567242760484655,0.986262455817635,139,"{""2021"": -0.19211377768196936, ""2022"": -0.3453488951826721, ""2023"": -0.08198486817957373, ""2024"": 0.20615689367791612, ""2025"": 0.5502767722563888, ""2026"": 0.6402205074963694}"
broad,m36_month_start_top2_majority_below_ma100_base_equal,3月50%+6月50%｜月初 Top2｜2/3指数低于MA100空仓｜纯动量｜equal,m36,month_start,2,majority_below_ma100,base,equal,1.0,2021-07-10,2021-07-13,2026-07-10,0.8747358713479543,0.1341887521828542,-0.19517814506790343,0.6876493575247756,0.3413223140495868,74,"{""2021"": -0.004901879375456053, ""2022"": -0.01088941724550141, ""2023"": 0.01152389995089087, ""2024"": -0.032550124286887416, ""2025"": 0.25316506841568054, ""2026"": 0.5881080016608897}"
broad,m36_month_start_top2_majority_below_ma120_base_equal,3月50%+6月50%｜月初 Top2｜2/3指数低于MA120空仓｜纯动量｜equal,m36,month_start,2,majority_below_ma120,base,equal,1.0,2021-07-10,2021-07-13,2026-07-10,1.1270441997652183,0.16324762180646735,-0.19450291519974872,0.7736715038974739,0.37501481513895774,80,"{""2021"": -0.05604408890563228, ""2022"": 0.011994711098413102, ""2023"": 0.0070538740550167844, ""2024"": 0.0020673928448495804, ""2025"": 0.42062840500990584, ""2026"": 0.5881080016608897}"
broad,m36_month_start_top2_majority_below_ma150_base_equal,3月50%+6月50%｜月初 Top2｜2/3指数低于MA150空仓｜纯动量｜equal,m36,month_start,2,majority_below_ma150,base,equal,1.0,2021-07-10,2021-07-13,2026-07-10,0.4437886971310052,0.07636012227987643,-0.24782878714539325,0.4337056567887622,0.35600655067614784,69,"{""2021"": -0.05692026739982359, ""2022"": 0.0, ""2023"": -0.03525890094878126, ""2024"": -0.010597208885087528, ""2025"": 0.2258687377748949, ""2026"": 0.3377992436591597}"
broad,m36_month_start_top2_majority_below_ma200_base_equal,3月50%+6月50%｜月初 Top2｜2/3指数低于MA200空仓｜纯动量｜equal,m36,month_start,2,majority_below_ma200,base,equal,1.0,2021-07-10,2021-07-13,2026-07-10,0.545290440237095,0.09111221092541588,-0.25729540077763,0.49270940677146524,0.3766677077009412,77,"{""2021"": -0.05863871815996313, ""2022"": 0.0, ""2023"": -0.055081135030882966, ""2024"": 0.013677823144460755, ""2025"": 0.33325142125994067, ""2026"": 0.3143495093997497}"
broad,m36_month_start_top3_no_gate_base_equal,3月50%+6月50%｜月初 Top3｜无闸门｜纯动量｜equal,m36,month_start,3,no_gate,base,equal,1.0,2021-07-10,2021-07-13,2026-07-10,0.6835986673311787,0.11001380791050641,-0.5216699917643726,0.5055350440165317,0.9853858417444409,181,"{""2021"": -0.06208286510995753, ""2022"": -0.3961033711100964, ""2023"": 0.05610124479952394, ""2024"": 0.08917541001743001, ""2025"": 0.5799797183152469, ""2026"": 0.6856381050487454}"
broad,m36_month_start_top3_majority_below_ma100_base_equal,3月50%+6月50%｜月初 Top3｜2/3指数低于MA100空仓｜纯动量｜equal,m36,month_start,3,majority_below_ma100,base,equal,1.0,2021-07-10,2021-07-13,2026-07-10,0.9107134043871068,0.13851661209376687,-0.2340983673356768,0.7261712526848418,0.34093475541589857,108,"{""2021"": 0.01064401162333839, ""2022"": -0.02706552959763775, ""2023"": 0.008069697509767382, ""2024"": -0.09210484992960954, ""2025"": 0.35623236125709346, ""2026"": 0.6131424981361369}"
broad,m36_month_start_top3_majority_below_ma120_base_equal,3月50%+6月50%｜月初 Top3｜2/3指数低于MA120空仓｜纯动量｜equal,m36,month_start,3,majority_below_ma120,base,equal,1.0,2021-07-10,2021-07-13,2026-07-10,1.1359643569577789,0.16422338570834927,-0.22275294419883773,0.800979129777305,0.3748190529365597,120,"{""2021"": -0.02528498569272286, ""2022"": -0.016340946588187633, ""2023"": 0.01564950001544063, ""2024"": -0.06216154714400668, ""2025"": 0.49398577913132224, ""2026"": 0.6131424981361369}"
broad,m36_month_start_top3_majority_below_ma150_base_equal,3月50%+6月50%｜月初 Top3｜2/3指数低于MA150空仓｜纯动量｜equal,m36,month_start,3,majority_below_ma150,base,equal,1.0,2021-07-10,2021-07-13,2026-07-10,0.645097378585384,0.10488074804857361,-0.24801675953221258,0.5562547034128567,0.35569924842026707,99,"{""2021"": -0.024522357184038723, ""2022"": 0.0, ""2023"": -0.005798034554153841, ""2024"": -0.06054901124596024, ""2025"": 0.3040213392258799, ""2026"": 0.4267904232916053}"
broad,m36_month_start_top3_majority_below_ma200_base_equal,3月50%+6月50%｜月初 Top3｜2/3指数低于MA200空仓｜纯动量｜equal,m36,month_start,3,majority_below_ma200,base,equal,1.0,2021-07-10,2021-07-13,2026-07-10,0.6302826081673272,0.10288000350237025,-0.2833681583879203,0.5504156133609914,0.37635021420616144,113,"{""2021"": -0.025313416228390895, ""2022"": 0.0, ""2023"": -0.03574858269321357, ""2024"": -0.05845011685204693, ""2025"": 0.36031456534324025, ""2026"": 0.39554639254944624}"
broad,m36_month_start_3_top1_no_gate_base_equal,3月50%+6月50%｜月初第3日 Top1｜无闸门｜纯动量｜equal,m36,month_start_3,1,no_gate,base,equal,1.0,2021-07-10,2021-07-13,2026-07-10,-0.03351153530226003,-0.006806069691533412,-0.6143317027109081,0.1777868943511818,1.0,65,"{""2021"": -0.26620606347955067, ""2022"": -0.40945273916474545, ""2023"": 0.14606232157117582, ""2024"": -0.1706718616553411, ""2025"": 1.3000016006864423, ""2026"": -0.012032580305826102}"
broad,m36_month_start_3_top1_majority_below_ma100_base_equal,3月50%+6月50%｜月初第3日 Top1｜2/3指数低于MA100空仓｜纯动量｜equal,m36,month_start_3,1,majority_below_ma100,base,equal,1.0,2021-07-10,2021-07-13,2026-07-10,0.48351072905879855,0.0822291134927593,-0.33257293089849504,0.43175530052534455,0.34710743801652894,37,"{""2021"": -0.03196161982949164, ""2022"": -0.047556335677858885, ""2023"": -0.04958654857476741, ""2024"": -0.14710306004952678, ""2025"": 0.6897285913132876, ""2026"": 0.19721571694685758}"
broad,m36_month_start_3_top1_majority_below_ma120_base_equal,3月50%+6月50%｜月初第3日 Top1｜2/3指数低于MA120空仓｜纯动量｜equal,m36,month_start_3,1,majority_below_ma120,base,equal,1.0,2021-07-10,2021-07-13,2026-07-10,0.5959787519040041,0.09819082590637795,-0.31959674659255644,0.48302751221110457,0.3611570247933884,35,"{""2021"": -0.02975364698452776, ""2022"": -0.028597831428281983, ""2023"": -0.04683620033722802, ""2024"": -0.15188461472884252, ""2025"": 0.7831620024037853, ""2026"": 0.1972157169468578}"
broad,m36_month_start_3_top1_majority_below_ma150_base_equal,3月50%+6月50%｜月初第3日 Top1｜2/3指数低于MA150空仓｜纯动量｜equal,m36,month_start_3,1,majority_below_ma150,base,equal,1.0,2021-07-10,2021-07-13,2026-07-10,0.24619444711392235,0.045084108586053384,-0.2841344161945091,0.30165566468045474,0.34710743801652894,31,"{""2021"": -0.02975364698452776, ""2022"": -0.04828890363807947, ""2023"": 0.011902601209472063, ""2024"": -0.08746478529213508, ""2025"": 0.6008868595847734, ""2026"": -0.069557906930096}"
broad,m36_month_start_3_top1_majority_below_ma200_base_equal,3月50%+6月50%｜月初第3日 Top1｜2/3指数低于MA200空仓｜纯动量｜equal,m36,month_start_3,1,majority_below_ma200,base,equal,1.0,2021-07-10,2021-07-13,2026-07-10,0.46689126770817935,0.07978903918785174,-0.2776928954409572,0.41762014890875604,0.36198347107438017,33,"{""2021"": -0.0543514733828534, ""2022"": 0.0, ""2023"": -0.030129024953336137, ""2024"": -0.09231693065300584, ""2025"": 0.9365595767388566, ""2026"": -0.07268179007669362}"
broad,m36_month_start_3_top2_no_gate_base_equal,3月50%+6月50%｜月初第3日 Top2｜无闸门｜纯动量｜equal,m36,month_start_3,2,no_gate,base,equal,1.0,2021-07-10,2021-07-13,2026-07-10,0.3434922274296066,0.060944716966080836,-0.5161817192501263,0.3515511635807106,0.9999571678538186,136,"{""2021"": -0.13070491521859706, ""2022"": -0.3880553600491867, ""2023"": 0.060759166613064464, ""2024"": 0.038896600114034285, ""2025"": 0.5777316092719018, ""2026"": 0.4391665480386806}"
broad,m36_month_start_3_top2_majority_below_ma100_base_equal,3月50%+6月50%｜月初第3日 Top2｜2/3指数低于MA100空仓｜纯动量｜equal,m36,month_start_3,2,majority_below_ma100,base,equal,1.0,2021-07-10,2021-07-13,2026-07-10,0.5157802221765146,0.08690516865944997,-0.37882966082077607,0.4874777929352263,0.3471056402542439,76,"{""2021"": 0.0006864674002655669, ""2022"": -0.07155315712287214, ""2023"": -0.14029827457476352, ""2024"": -0.04240478110633594, ""2025"": 0.27852703218662556, ""2026"": 0.574421166760249}"
broad,m36_month_start_3_top2_majority_below_ma120_base_equal,3月50%+6月50%｜月初第3日 Top2｜2/3指数低于MA120空仓｜纯动量｜equal,m36,month_start_3,2,majority_below_ma120,base,equal,1.0,2021-07-10,2021-07-13,2026-07-10,0.6366657637715321,0.10374382806880766,-0.3645500463785727,0.5523445969466705,0.3611552270311034,74,"{""2021"": -0.038796829399818544, ""2022"": -0.03655051265941156, ""2023"": -0.12943423175812807, ""2024"": -0.02946824568689188, ""2025"": 0.34946937862133143, ""2026"": 0.5744211667602488}"
broad,m36_month_start_3_top2_majority_below_ma150_base_equal,3月50%+6月50%｜月初第3日 Top2｜2/3指数低于MA150空仓｜纯动量｜equal,m36,month_start_3,2,majority_below_ma150,base,equal,1.0,2021-07-10,2021-07-13,2026-07-10,0.2994503664184789,0.05388324690150381,-0.3140168011240111,0.3458563197319392,0.34708288984912444,65,"{""2021"": -0.038796829399818544, ""2022"": -0.02979856433253647, ""2023"": -0.10136416319401831, ""2024"": 0.007921630424937876, ""2025"": 0.1787190505548284, ""2026"": 0.3256876875748127}"
broad,m36_month_start_3_top2_majority_below_ma200_base_equal,3月50%+6月50%｜月初第3日 Top2｜2/3指数低于MA200空仓｜纯动量｜equal,m36,month_start_3,2,majority_below_ma200,base,equal,1.0,2021-07-10,2021-07-13,2026-07-10,0.4530452918421555,0.07773923049853848,-0.30718391395361355,0.44360427819225107,0.3619567775490679,69,"{""2021"": -0.042350917468405136, ""2022"": 0.0, ""2023"": -0.10452223961636464, ""2024"": -0.005211194912009054, ""2025"": 0.325615571928638, ""2026"": 0.3051153583853792}"
broad,m36_month_start_3_top3_no_gate_base_equal,3月50%+6月50%｜月初第3日 Top3｜无闸门｜纯动量｜equal,m36,month_start_3,3,no_gate,base,equal,1.0,2021-07-10,2021-07-13,2026-07-10,0.8834284429849006,0.13524045600794699,-0.5149977165031882,0.5769679022252373,0.9986535153371484,179,"{""2021"": -0.07753777278450658, ""2022"": -0.40722745730333076, ""2023"": 0.26957866141613307, ""2024"": 0.08452853046091313, ""2025"": 0.6570685885071796, ""2026"": 0.5244015618456781}"
broad,m36_month_start_3_top3_majority_below_ma100_base_equal,3月50%+6月50%｜月初第3日 Top3｜2/3指数低于MA100空仓｜纯动量｜equal,m36,month_start_3,3,majority_below_ma100,base,equal,1.0,2021-07-10,2021-07-13,2026-07-10,0.8169954398611505,0.12710205447138634,-0.33591748480159966,0.6639557340561262,0.34686829499240157,109,"{""2021"": 0.017963788359650845, ""2022"": -0.056559857948335845, ""2023"": -0.1103256307744348, ""2024"": -0.06382978106882908, ""2025"": 0.4744716804226219, ""2026"": 0.5727536786703371}"
broad,m36_month_start_3_top3_majority_below_ma120_base_equal,3月50%+6月50%｜月初第3日 Top3｜2/3指数低于MA120空仓｜纯动量｜equal,m36,month_start_3,3,majority_below_ma120,base,equal,1.0,2021-07-10,2021-07-13,2026-07-10,0.9462517341798529,0.14272812885805464,-0.3139885603144208,0.7207050932263479,0.3608486321856697,109,"{""2021"": -0.02467472930821657, ""2022"": -0.026136890214682018, ""2023"": -0.0854436902877096, ""2024"": -0.04877325922643316, ""2025"": 0.5288761247289848, ""2026"": 0.5727536786703367}"
broad,m36_month_start_3_top3_majority_below_ma150_base_equal,3月50%+6月50%｜月初第3日 Top3｜2/3指数低于MA150空仓｜纯动量｜equal,m36,month_start_3,3,majority_below_ma150,base,equal,1.0,2021-07-10,2021-07-13,2026-07-10,0.577605109287441,0.09564600149576119,-0.31002385863248927,0.5198670247402025,0.34671753418758483,96,"{""2021"": -0.02467472930821657, ""2022"": -0.019784602146932784, ""2023"": -0.056686831809565574, ""2024"": -0.023077809287559536, ""2025"": 0.3184609297181853, ""2026"": 0.3865005908436683}"
broad,m36_month_start_3_top3_majority_below_ma200_base_equal,3月50%+6月50%｜月初第3日 Top3｜2/3指数低于MA200空仓｜纯动量｜equal,m36,month_start_3,3,majority_below_ma200,base,equal,1.0,2021-07-10,2021-07-13,2026-07-10,0.6421398214891378,0.10448248236708735,-0.31385936097328015,0.5590157405398006,0.36158664799833007,104,"{""2021"": -0.027374492343417378, ""2022"": 0.0, ""2023"": -0.07409733724516587, ""2024"": -0.026312913812787553, ""2025"": 0.4017631995236792, ""2026"": 0.3638950996677497}"
broad,m36_mid_month_top1_no_gate_base_equal,3月50%+6月50%｜月中 Top1｜无闸门｜纯动量｜equal,m36,mid_month,1,no_gate,base,equal,1.0,2021-07-10,2021-07-13,2026-07-10,0.9720808115861572,0.14575061333385286,-0.5097025601850104,0.561690132939689,1.0,59,"{""2021"": -0.24040941757041567, ""2022"": -0.245088581355412, ""2023"": -0.0022121661125403813, ""2024"": 0.29561750230650286, ""2025"": 0.6873369373593619, ""2026"": 0.5672163151299003}"
broad,m36_mid_month_top1_majority_below_ma100_base_equal,3月50%+6月50%｜月中 Top1｜2/3指数低于MA100空仓｜纯动量｜equal,m36,mid_month,1,majority_below_ma100,base,equal,1.0,2021-07-10,2021-07-13,2026-07-10,0.5899228109106962,0.09735465360410256,-0.3672131844907228,0.5041495390143487,0.3504132231404959,37,"{""2021"": -0.10929232610010575, ""2022"": -0.004948946463356307, ""2023"": -0.025158199328451536, ""2024"": 0.026695758911736922, ""2025"": 0.13982306408137957, ""2026"": 0.6025877007448872}"
broad,m36_mid_month_top1_majority_below_ma120_base_equal,3月50%+6月50%｜月中 Top1｜2/3指数低于MA120空仓｜纯动量｜equal,m36,mid_month,1,majority_below_ma120,base,equal,1.0,2021-07-10,2021-07-13,2026-07-10,0.8704245654612204,0.13366568517730548,-0.27926110761000467,0.628630035982412,0.35619834710743803,39,"{""2021"": -0.10726073479437126, ""2022"": 0.03759208346597509, ""2023"": 0.008951030925976378, ""2024"": 0.05661767538275253, ""2025"": 0.29790800502663006, ""2026"": 0.48729362155460776}"
broad,m36_mid_month_top1_majority_below_ma150_base_equal,3月50%+6月50%｜月中 Top1｜2/3指数低于MA150空仓｜纯动量｜equal,m36,mid_month,1,majority_below_ma150,base,equal,1.0,2021-07-10,2021-07-13,2026-07-10,0.5462559211702818,0.09124876293445894,-0.36972219642293713,0.46886583903857854,0.3396694214876033,35,"{""2021"": -0.10991335798905022, ""2022"": 0.04431625862611699, ""2023"": 0.026535556643153768, ""2024"": 0.086679163750355, ""2025"": 0.1351957128513599, ""2026"": 0.3387844167991576}"
broad,m36_mid_month_top1_majority_below_ma200_base_equal,3月50%+6月50%｜月中 Top1｜2/3指数低于MA200空仓｜纯动量｜equal,m36,mid_month,1,majority_below_ma200,base,equal,1.0,2021-07-10,2021-07-13,2026-07-10,0.9281781045877708,0.140594045639431,-0.3805480461035027,0.6409607222946079,0.3743801652892562,33,"{""2021"": -0.07314890973207622, ""2022"": 0.0, ""2023"": 0.05306483161742048, ""2024"": 0.07123410433516608, ""2025"": 0.3903562193817607, ""2026"": 0.3517963603749601}"
broad,m36_mid_month_top2_no_gate_base_equal,3月50%+6月50%｜月中 Top2｜无闸门｜纯动量｜equal,m36,mid_month,2,no_gate,base,equal,1.0,2021-07-10,2021-07-13,2026-07-10,0.21338968278248882,0.0395132043907096,-0.47488804496923187,0.286553350537253,0.9988939690395459,142,"{""2021"": -0.15170666899345042, ""2022"": -0.26115991531938, ""2023"": -0.010235124990906286, ""2024"": 0.1844343523326213, ""2025"": 0.15663435124772884, ""2026"": 0.42513126610076357}"
broad,m36_mid_month_top2_majority_below_ma100_base_equal,3月50%+6月50%｜月中 Top2｜2/3指数低于MA100空仓｜纯动量｜equal,m36,mid_month,2,majority_below_ma100,base,equal,1.0,2021-07-10,2021-07-13,2026-07-10,0.12319794712200749,0.023550443157123624,-0.41064957761815923,0.2197129245528992,0.3504132231404959,90,"{""2021"": -0.06737256137766501, ""2022"": -0.03811142758594821, ""2023"": -0.03150013307891719, ""2024"": -0.02769446072547166, ""2025"": -0.09943750907315918, ""2026"": 0.48510913530131106}"
broad,m36_mid_month_top2_majority_below_ma120_base_equal,3月50%+6月50%｜月中 Top2｜2/3指数低于MA120空仓｜纯动量｜equal,m36,mid_month,2,majority_below_ma120,base,equal,1.0,2021-07-10,2021-07-13,2026-07-10,0.3479034792717355,0.06164175041242537,-0.2852719071585592,0.3893797895679865,0.35619834710743803,91,"{""2021"": -0.08816395065311522, ""2022"": 0.015645387565114355, ""2023"": -0.005285111406707843, ""2024"": 0.001245321154185186, ""2025"": 0.03013157573960501, ""2026"": 0.42698471197069}"
broad,m36_mid_month_top2_majority_below_ma150_base_equal,3月50%+6月50%｜月中 Top2｜2/3指数低于MA150空仓｜纯动量｜equal,m36,mid_month,2,majority_below_ma150,base,equal,1.0,2021-07-10,2021-07-13,2026-07-10,0.07474902850427001,0.01454794362378653,-0.3801336316159075,0.1812076229540934,0.3396694214876033,82,"{""2021"": -0.11119363460468668, ""2022"": 0.02656224815767061, ""2023"": 0.023104988693348982, ""2024"": 0.029372137615169436, ""2025"": -0.10659182812735779, ""2026"": 0.25928284233309884}"
broad,m36_mid_month_top2_majority_below_ma200_base_equal,3月50%+6月50%｜月中 Top2｜2/3指数低于MA200空仓｜纯动量｜equal,m36,mid_month,2,majority_below_ma200,base,equal,1.0,2021-07-10,2021-07-13,2026-07-10,0.22779435358609001,0.04197405339768756,-0.3756645001419019,0.30087677293966997,0.37434249147710963,79,"{""2021"": -0.05849615835374489, ""2022"": 0.0, ""2023"": 0.02801325104731056, ""2024"": 0.014908470837927235, ""2025"": -0.004488536516080721, ""2026"": 0.2629404752813671}"
broad,m36_mid_month_top3_no_gate_base_equal,3月50%+6月50%｜月中 Top3｜无闸门｜纯动量｜equal,m36,mid_month,3,no_gate,base,equal,1.0,2021-07-10,2021-07-13,2026-07-10,0.7904825283603047,0.1237875470850196,-0.4441590660069843,0.5502042189071138,0.9989145880823569,194,"{""2021"": -0.10551248620507025, ""2022"": -0.2877094369521801, ""2023"": 0.22995885860358456, ""2024"": 0.15797601698521802, ""2025"": 0.3110603919728774, ""2026"": 0.507933944107251}"
broad,m36_mid_month_top3_majority_below_ma100_base_equal,3月50%+6月50%｜月中 Top3｜2/3指数低于MA100空仓｜纯动量｜equal,m36,mid_month,3,majority_below_ma100,base,equal,1.0,2021-07-10,2021-07-13,2026-07-10,0.3907865090771905,0.06832446527070224,-0.35999973102843685,0.43064758771430817,0.3501806832550218,132,"{""2021"": -0.05938735523066574, ""2022"": -0.06576187594789196, ""2023"": -0.012832547558173313, ""2024"": 0.004843546360381534, ""2025"": 0.03994644664394187, ""2026"": 0.546614690629978}"
broad,m36_mid_month_top3_majority_below_ma120_base_equal,3月50%+6月50%｜月中 Top3｜2/3指数低于MA120空仓｜纯动量｜equal,m36,mid_month,3,majority_below_ma120,base,equal,1.0,2021-07-10,2021-07-13,2026-07-10,0.7377029458508451,0.11707072897656379,-0.19923466780122823,0.6404101976400743,0.3558627035378019,130,"{""2021"": -0.0436809312137767, ""2022"": -0.008131327674570255, ""2023"": 0.004445788549348517, ""2024"": 0.0423717025586452, ""2025"": 0.19174554218759132, ""2026"": 0.48004938967329425}"
broad,m36_mid_month_top3_majority_below_ma150_base_equal,3月50%+6月50%｜月中 Top3｜2/3指数低于MA150空仓｜纯动量｜equal,m36,mid_month,3,majority_below_ma150,base,equal,1.0,2021-07-10,2021-07-13,2026-07-10,0.3596487583151271,0.06348879883034142,-0.29279900989826413,0.39742583299195905,0.3392805244992144,117,"{""2021"": -0.0673711974422857, ""2022"": 0.012228228499817195, ""2023"": -0.035451577742970475, ""2024"": 0.06349016697699117, ""2025"": 0.05249764630817966, ""2026"": 0.3447796432513923}"
broad,m36_mid_month_top3_majority_below_ma200_base_equal,3月50%+6月50%｜月中 Top3｜2/3指数低于MA200空仓｜纯动量｜equal,m36,mid_month,3,majority_below_ma200,base,equal,1.0,2021-07-10,2021-07-13,2026-07-10,0.5329951110275395,0.08936723665373969,-0.29892940471915197,0.5130681550311119,0.37394880874296627,113,"{""2021"": -0.023467550103993484, ""2022"": 0.0, ""2023"": -0.0070170069270194535, ""2024"": 0.05263524904806682, ""2025"": 0.11844270710449756, ""2026"": 0.3536641906385889}"
broad,m612_month_start_top1_no_gate_base_equal,6月50%+12月50%｜月初 Top1｜无闸门｜纯动量｜equal,m612,month_start,1,no_gate,base,equal,1.0,2021-07-10,2021-07-13,2026-07-10,0.6697233073754485,0.108174843105729,-0.39940652818991096,0.471259063773866,0.9545454545454546,33,"{""2021"": -0.03883801705083656, ""2022"": -0.03260754126595755, ""2023"": -0.06762789117260526, ""2024"": -0.010131494907767657, ""2025"": 0.7068824143523322, ""2026"": 0.22098589184421025}"
broad,m612_month_start_top1_majority_below_ma100_base_equal,6月50%+12月50%｜月初 Top1｜2/3指数低于MA100空仓｜纯动量｜equal,m612,month_start,1,majority_below_ma100,base,equal,1.0,2021-07-10,2021-07-13,2026-07-10,0.8405165084723769,0.13001031814912078,-0.23935231010552893,0.6090695069194715,0.3371900826446281,31,"{""2021"": -0.03653078235722229, ""2022"": 0.1393161511963239, ""2023"": 0.11194329493866517, ""2024"": -0.07724368312401086, ""2025"": 0.43611159657251886, ""2026"": 0.17087196702132124}"
broad,m612_month_start_top1_majority_below_ma120_base_equal,6月50%+12月50%｜月初 Top1｜2/3指数低于MA120空仓｜纯动量｜equal,m612,month_start,1,majority_below_ma120,base,equal,1.0,2021-07-10,2021-07-13,2026-07-10,0.8177103714016631,0.12719089458511235,-0.2725220157920306,0.5874459292082552,0.37355371900826445,35,"{""2021"": -0.03433323119283682, ""2022"": 0.08392046526206687, ""2023"": 0.043373476514033005, ""2024"": -0.08781968675582708, ""2025"": 0.6035397578931962, ""2026"": 0.17087196702132101}"
broad,m612_month_start_top1_majority_below_ma150_base_equal,6月50%+12月50%｜月初 Top1｜2/3指数低于MA150空仓｜纯动量｜equal,m612,month_start,1,majority_below_ma150,base,equal,1.0,2021-07-10,2021-07-13,2026-07-10,0.1786549208509487,0.03348169311246907,-0.3217986725815424,0.26237108700205913,0.35619834710743803,29,"{""2021"": -0.029527512495611474, ""2022"": 0.0, ""2023"": 0.04400833117406222, ""2024"": -0.10368369220355189, ""2025"": 0.4676465580717388, ""2026"": -0.09003152206316123}"
broad,m612_month_start_top1_majority_below_ma200_base_equal,6月50%+12月50%｜月初 Top1｜2/3指数低于MA200空仓｜纯动量｜equal,m612,month_start,1,majority_below_ma200,base,equal,1.0,2021-07-10,2021-07-13,2026-07-10,0.04187821996335095,0.008253514704115616,-0.36535006581650364,0.17216088162149748,0.3768595041322314,35,"{""2021"": -0.05214265930608353, ""2022"": 0.0, ""2023"": -0.029028945264824246, ""2024"": -0.1382308877599917, ""2025"": 0.4570161675096782, ""2026"": -0.07226904315542049}"
broad,m612_month_start_top2_no_gate_base_equal,6月50%+12月50%｜月初 Top2｜无闸门｜纯动量｜equal,m612,month_start,2,no_gate,base,equal,1.0,2021-07-10,2021-07-13,2026-07-10,0.499861112655108,0.08460844329153039,-0.5545072720363118,0.4224868520411527,0.9535040750297215,96,"{""2021"": -0.07704822728880123, ""2022"": -0.17830142695754392, ""2023"": -0.21826543932645825, ""2024"": 0.03143085940601842, ""2025"": 0.5272317984584829, ""2026"": 0.6939883746881856}"
broad,m612_month_start_top2_majority_below_ma100_base_equal,6月50%+12月50%｜月初 Top2｜2/3指数低于MA100空仓｜纯动量｜equal,m612,month_start,2,majority_below_ma100,base,equal,1.0,2021-07-10,2021-07-13,2026-07-10,1.0943080105454457,0.15963837698499073,-0.18459085467924785,0.7976275057803957,0.33709474585740745,56,"{""2021"": 0.007804951623372691, ""2022"": 0.08332749851530852, ""2023"": -0.011396088918868341, ""2024"": -0.026735304400436588, ""2025"": 0.2694244098105907, ""2026"": 0.595205001743738}"
broad,m612_month_start_top2_majority_below_ma120_base_equal,6月50%+12月50%｜月初 Top2｜2/3指数低于MA120空仓｜纯动量｜equal,m612,month_start,2,majority_below_ma120,base,equal,1.0,2021-07-10,2021-07-13,2026-07-10,1.274833853222372,0.17900924014766373,-0.18517036769057182,0.8412301196516035,0.37345838222104377,65,"{""2021"": 0.059363918862817444, ""2022"": 0.0730131834273573, ""2023"": -0.05412071295823129, ""2024"": -0.044964875569787566, ""2025"": 0.410588140945642, ""2026"": 0.5952050017437378}"
broad,m612_month_start_top2_majority_below_ma150_base_equal,6月50%+12月50%｜月初 Top2｜2/3指数低于MA150空仓｜纯动量｜equal,m612,month_start,2,majority_below_ma150,base,equal,1.0,2021-07-10,2021-07-13,2026-07-10,0.600798793048066,0.09885454028454888,-0.2509804662543874,0.522499624849393,0.35610301032021735,58,"{""2021"": 0.06273747431988586, ""2022"": 0.0, ""2023"": -0.08817706050416285, ""2024"": -0.049722417255940954, ""2025"": 0.26955545607550735, ""2026"": 0.39081838186511697}"
broad,m612_month_start_top2_majority_below_ma200_base_equal,6月50%+12月50%｜月初 Top2｜2/3指数低于MA200空仓｜纯动量｜equal,m612,month_start,2,majority_below_ma200,base,equal,1.0,2021-07-10,2021-07-13,2026-07-10,0.5233472733788194,0.08799014564963037,-0.3398683931215344,0.48275892171770546,0.3767641673450107,65,"{""2021"": 0.05177614711333889, ""2022"": 0.0, ""2023"": -0.1069120016877525, ""2024"": -0.09048926764520082, ""2025"": 0.311005876525952, ""2026"": 0.38146926016894156}"
broad,m612_month_start_top3_no_gate_base_equal,6月50%+12月50%｜月初 Top3｜无闸门｜纯动量｜equal,m612,month_start,3,no_gate,base,equal,1.0,2021-07-10,2021-07-13,2026-07-10,0.5559508757777052,0.09261619489951434,-0.5159883436188254,0.45457246361220516,0.9538308377679128,138,"{""2021"": 0.0001769564786440192, ""2022"": -0.29366964645543914, ""2023"": -0.1266643069117832, ""2024"": 0.08391196588895111, ""2025"": 0.5004475370020591, ""2026"": 0.6236765909783344}"
broad,m612_month_start_top3_majority_below_ma100_base_equal,6月50%+12月50%｜月初 Top3｜2/3指数低于MA100空仓｜纯动量｜equal,m612,month_start,3,majority_below_ma100,base,equal,1.0,2021-07-10,2021-07-13,2026-07-10,0.8073981155859828,0.1259067398368272,-0.19973173523647691,0.6833449355226825,0.33687710596739123,96,"{""2021"": 0.015165374762284412, ""2022"": 0.04489635337106357, ""2023"": -0.0031140958846384015, ""2024"": -0.057643653317419274, ""2025"": 0.2217902795040405, ""2026"": 0.517416845550734}"
broad,m612_month_start_top3_majority_below_ma120_base_equal,6月50%+12月50%｜月初 Top3｜2/3指数低于MA120空仓｜纯动量｜equal,m612,month_start,3,majority_below_ma120,base,equal,1.0,2021-07-10,2021-07-13,2026-07-10,0.9919044161539192,0.1480489470860209,-0.1775210383685265,0.7519651224315091,0.37323935182906687,110,"{""2021"": 0.04260954011564677, ""2022"": 0.02837899482597117, ""2023"": -0.025286127204480313, ""2024"": -0.06433431355316033, ""2025"": 0.3721741001640282, ""2026"": 0.5174168455507342}"
broad,m612_month_start_top3_majority_below_ma150_base_equal,6月50%+12月50%｜月初 Top3｜2/3指数低于MA150空仓｜纯动量｜equal,m612,month_start,3,majority_below_ma150,base,equal,1.0,2021-07-10,2021-07-13,2026-07-10,0.4200668464363515,0.0727933287036826,-0.250065735559586,0.4306946395953843,0.35588360663345653,94,"{""2021"": 0.042446363443660484, ""2022"": 0.0, ""2023"": -0.04916285912148466, ""2024"": -0.08394505440215816, ""2025"": 0.22945073116892045, ""2026"": 0.300273301643045}"
broad,m612_month_start_top3_majority_below_ma200_base_equal,6月50%+12月50%｜月初 Top3｜2/3指数低于MA200空仓｜纯动量｜equal,m612,month_start,3,majority_below_ma200,base,equal,1.0,2021-07-10,2021-07-13,2026-07-10,0.3292123369793285,0.05867569063770417,-0.3186813789980212,0.3730092899019607,0.3763735166479949,107,"{""2021"": 0.04214497192786548, ""2022"": 0.0, ""2023"": -0.07928355633358886, ""2024"": -0.10776936474678789, ""2025"": 0.24024000672746726, ""2026"": 0.2796046969991002}"
broad,m612_month_start_3_top1_no_gate_base_equal,6月50%+12月50%｜月初第3日 Top1｜无闸门｜纯动量｜equal,m612,month_start_3,1,no_gate,base,equal,1.0,2021-07-10,2021-07-13,2026-07-10,1.2819157945137691,0.17974372611767708,-0.4010209385863658,0.6389134341772116,0.9702479338842975,31,"{""2021"": -0.03883801705083656, ""2022"": -0.030790282819528003, ""2023"": 0.08030587214827789, ""2024"": 0.03413731237703277, ""2025"": 0.7768040341780709, ""2026"": 0.2758546803585138}"
broad,m612_month_start_3_top1_majority_below_ma100_base_equal,6月50%+12月50%｜月初第3日 Top1｜2/3指数低于MA100空仓｜纯动量｜equal,m612,month_start_3,1,majority_below_ma100,base,equal,1.0,2021-07-10,2021-07-13,2026-07-10,1.1364650158231888,0.1642780554583101,-0.22246378814047207,0.7145077132734412,0.3330578512396694,29,"{""2021"": -0.03196161982949164, ""2022"": 0.11643032457840641, ""2023"": 0.07168874876626696, ""2024"": -0.04335496898709146, ""2025"": 0.6232421614984138, ""2026"": 0.21062169999915326}"
broad,m612_month_start_3_top1_majority_below_ma120_base_equal,6月50%+12月50%｜月初第3日 Top1｜2/3指数低于MA120空仓｜纯动量｜equal,m612,month_start_3,1,majority_below_ma120,base,equal,1.0,2021-07-10,2021-07-13,2026-07-10,1.1867592774415372,0.16971848562022918,-0.21819228554979853,0.7277993322678301,0.34710743801652894,31,"{""2021"": -0.02975364698452776, ""2022"": 0.06603804019574433, ""2023"": 0.07479004879199769, ""2024"": -0.03416371450162414, ""2025"": 0.7145506645901911, ""2026"": 0.2106216999991537}"
broad,m612_month_start_3_top1_majority_below_ma150_base_equal,6月50%+12月50%｜月初第3日 Top1｜2/3指数低于MA150空仓｜纯动量｜equal,m612,month_start_3,1,majority_below_ma150,base,equal,1.0,2021-07-10,2021-07-13,2026-07-10,0.37543230729815913,0.06595091188885105,-0.27024829318547494,0.3727228141197216,0.33801652892561984,25,"{""2021"": -0.02975364698452776, ""2022"": -0.04828890363807947, ""2023"": 0.08345889972193277, ""2024"": -0.05100956007500945, ""2025"": 0.5692497608113618, ""2026"": -0.05913915719746843}"
broad,m612_month_start_3_top1_majority_below_ma200_base_equal,6月50%+12月50%｜月初第3日 Top1｜2/3指数低于MA200空仓｜纯动量｜equal,m612,month_start_3,1,majority_below_ma200,base,equal,1.0,2021-07-10,2021-07-13,2026-07-10,0.24791646009428892,0.0453732868207366,-0.28858845061163885,0.30313808120309144,0.3528925619834711,29,"{""2021"": -0.0543514733828534, ""2022"": 0.0, ""2023"": 0.03845502347786667, ""2024"": -0.09231693065300584, ""2025"": 0.49289834586410297, ""2026"": -0.044252271575396684}"
broad,m612_month_start_3_top2_no_gate_base_equal,6月50%+12月50%｜月初第3日 Top2｜无闸门｜纯动量｜equal,m612,month_start_3,2,no_gate,base,equal,1.0,2021-07-10,2021-07-13,2026-07-10,1.0930131922864983,0.15949469517930392,-0.4120173438519088,0.6313526254760431,0.9695753167857593,102,"{""2021"": -0.07023136581334777, ""2022"": -0.20091543629788666, ""2023"": 0.007306502218200839, ""2024"": 0.06358319527487866, ""2025"": 0.5754565743206894, ""2026"": 0.720768056419939}"
broad,m612_month_start_3_top2_majority_below_ma100_base_equal,6月50%+12月50%｜月初第3日 Top2｜2/3指数低于MA100空仓｜纯动量｜equal,m612,month_start_3,2,majority_below_ma100,base,equal,1.0,2021-07-10,2021-07-13,2026-07-10,1.3040082490348288,0.182023338226033,-0.1925987346011745,0.8678873975084737,0.3330578512396694,67,"{""2021"": 0.014316900084402784, ""2022"": 0.06887186131827261, ""2023"": -0.03885954754795784, ""2024"": -0.008738130228746588, ""2025"": 0.43769173328491573, ""2026"": 0.5757495666325461}"
broad,m612_month_start_3_top2_majority_below_ma120_base_equal,6月50%+12月50%｜月初第3日 Top2｜2/3指数低于MA120空仓｜纯动量｜equal,m612,month_start_3,2,majority_below_ma120,base,equal,1.0,2021-07-10,2021-07-13,2026-07-10,1.5805841033360317,0.2091784642819836,-0.18489116214551637,0.9555043417148513,0.34710743801652894,67,"{""2021"": 0.06812639480961713, ""2022"": 0.061367994249649005, ""2023"": -0.02671362446856118, ""2024"": -0.006357271077750193, ""2025"": 0.517102028107358, ""2026"": 0.5757495666325456}"
broad,m612_month_start_3_top2_majority_below_ma150_base_equal,6月50%+12月50%｜月初第3日 Top2｜2/3指数低于MA150空仓｜纯动量｜equal,m612,month_start_3,2,majority_below_ma150,base,equal,1.0,2021-07-10,2021-07-13,2026-07-10,0.8012576777805231,0.1251393037552888,-0.1962004869185181,0.6216153414538371,0.33801652892561984,58,"{""2021"": 0.06812639480961713, ""2022"": -0.024022790706902386, ""2023"": -0.042277833697101364, ""2024"": -0.006668815346355439, ""2025"": 0.3475527892707455, ""2026"": 0.36891861758199784}"
broad,m612_month_start_3_top2_majority_below_ma200_base_equal,6月50%+12月50%｜月初第3日 Top2｜2/3指数低于MA200空仓｜纯动量｜equal,m612,month_start_3,2,majority_below_ma200,base,equal,1.0,2021-07-10,2021-07-13,2026-07-10,0.7297529229724973,0.11604490479012375,-0.2333232889507677,0.5926627034827548,0.3528925619834711,62,"{""2021"": 0.054941665055877165, ""2022"": 0.0, ""2023"": -0.04564355724014357, ""2024"": -0.053551815599188424, ""2025"": 0.344356506785394, ""2026"": 0.3714413108093195}"
broad,m612_month_start_3_top3_no_gate_base_equal,6月50%+12月50%｜月初第3日 Top3｜无闸门｜纯动量｜equal,m612,month_start_3,3,no_gate,base,equal,1.0,2021-07-10,2021-07-13,2026-07-10,0.9071121525850776,0.13808635465779284,-0.43514327267971464,0.5924894855343731,0.9683197221732937,127,"{""2021"": -0.07991822966084694, ""2022"": -0.2835372461937651, ""2023"": 0.034340997755447855, ""2024"": 0.16197659550254362, ""2025"": 0.4626453262042656, ""2026"": 0.6846391274454438}"
broad,m612_month_start_3_top3_majority_below_ma100_base_equal,6月50%+12月50%｜月初第3日 Top3｜2/3指数低于MA100空仓｜纯动量｜equal,m612,month_start_3,3,majority_below_ma100,base,equal,1.0,2021-07-10,2021-07-13,2026-07-10,1.0333991569418184,0.15280121675749192,-0.17212276385020842,0.8033858066185967,0.3325656000280681,96,"{""2021"": -0.023772454588025793, ""2022"": 0.022871133451917602, ""2023"": -0.009756994354339188, ""2024"": 0.02799380216031455, ""2025"": 0.31625983412036707, ""2026"": 0.5476317909122139}"
broad,m612_month_start_3_top3_majority_below_ma120_base_equal,6月50%+12月50%｜月初第3日 Top3｜2/3指数低于MA120空仓｜纯动量｜equal,m612,month_start_3,3,majority_below_ma120,base,equal,1.0,2021-07-10,2021-07-13,2026-07-10,1.2149177957758424,0.17272089026963977,-0.1625341898266337,0.8754496218314934,0.3465968138433822,99,"{""2021"": -0.004033331465730372, ""2022"": 0.025241498223248948, ""2023"": 0.004239685349439526, ""2024"": 0.040592678974208374, ""2025"": 0.36581455144059016, ""2026"": 0.5476317909122146}"
broad,m612_month_start_3_top3_majority_below_ma150_base_equal,6月50%+12月50%｜月初第3日 Top3｜2/3指数低于MA150空仓｜纯动量｜equal,m612,month_start_3,3,majority_below_ma150,base,equal,1.0,2021-07-10,2021-07-13,2026-07-10,0.5606488237724898,0.0932763711021003,-0.18780995261517985,0.5229374646194217,0.33740108481199604,85,"{""2021"": -0.004033331465730372, ""2022"": -0.02349266321643617, ""2023"": 0.005458796330886528, ""2024"": 0.01289853297191712, ""2025"": 0.21431067194517683, ""2026"": 0.321343505701408}"
broad,m612_month_start_3_top3_majority_below_ma200_base_equal,6月50%+12月50%｜月初第3日 Top3｜2/3指数低于MA200空仓｜纯动量｜equal,m612,month_start_3,3,majority_below_ma200,base,equal,1.0,2021-07-10,2021-07-13,2026-07-10,0.5101666191146472,0.08609747867834217,-0.20936594756718763,0.49741835028716885,0.3520829890675696,92,"{""2021"": -0.012531149614461112, ""2022"": 0.0, ""2023"": -0.014943347892083403, ""2024"": -0.012596986072142435, ""2025"": 0.20858874772900626, ""2026"": 0.32482388830124687}"
broad,m612_mid_month_top1_no_gate_base_equal,6月50%+12月50%｜月中 Top1｜无闸门｜纯动量｜equal,m612,mid_month,1,no_gate,base,equal,1.0,2021-07-10,2021-07-13,2026-07-10,0.8943436530648592,0.13655559120171223,-0.4227024617944325,0.5501172846415903,0.9694214876033058,35,"{""2021"": -0.03883801705083656, ""2022"": 0.12462147043607263, ""2023"": -0.04126735363942191, ""2024"": 0.2951188577536761, ""2025"": 0.17576585543627488, ""2026"": 0.24110419198667987}"
broad,m612_mid_month_top1_majority_below_ma100_base_equal,6月50%+12月50%｜月中 Top1｜2/3指数低于MA100空仓｜纯动量｜equal,m612,mid_month,1,majority_below_ma100,base,equal,1.0,2021-07-10,2021-07-13,2026-07-10,0.6912804230151168,0.11102669964545253,-0.2554628303041303,0.5823963509443529,0.32892561983471075,35,"{""2021"": -0.10929232610010575, ""2022"": 0.17816840704357184, ""2023"": 0.041485155344537894, ""2024"": 0.12989803559407953, ""2025"": 0.15220898638611402, ""2026"": 0.21140436429387743}"
broad,m612_mid_month_top1_majority_below_ma120_base_equal,6月50%+12月50%｜月中 Top1｜2/3指数低于MA120空仓｜纯动量｜equal,m612,mid_month,1,majority_below_ma120,base,equal,1.0,2021-07-10,2021-07-13,2026-07-10,0.6753729601287854,0.10892508680236235,-0.21819228554979853,0.5683429330626766,0.3347107438016529,35,"{""2021"": -0.10726073479437126, ""2022"": 0.07385356834967238, ""2023"": 0.07792620346716017, ""2024"": 0.11694791484228495, ""2025"": 0.3158169610480974, ""2026"": 0.12425297117921019}"
broad,m612_mid_month_top1_majority_below_ma150_base_equal,6月50%+12月50%｜月中 Top1｜2/3指数低于MA150空仓｜纯动量｜equal,m612,mid_month,1,majority_below_ma150,base,equal,1.0,2021-07-10,2021-07-13,2026-07-10,0.19173496180247462,0.03576945231097839,-0.28341184326396285,0.27014629919514754,0.3371900826446281,33,"{""2021"": -0.10991335798905022, ""2022"": 0.0319215959606054, ""2023"": 0.03659788839913469, ""2024"": 0.08498966979935507, ""2025"": 0.10895647300777545, ""2026"": 0.060205241494156514}"
broad,m612_mid_month_top1_majority_below_ma200_base_equal,6月50%+12月50%｜月中 Top1｜2/3指数低于MA200空仓｜纯动量｜equal,m612,mid_month,1,majority_below_ma200,base,equal,1.0,2021-07-10,2021-07-13,2026-07-10,0.08031114831747832,0.015597758270456286,-0.37054121459388745,0.18905817317220924,0.371900826446281,31,"{""2021"": -0.07314890973207622, ""2022"": 0.0, ""2023"": 0.06338720927664276, ""2024"": 0.07123410433516608, ""2025"": -0.025880642868547965, ""2026"": 0.07050961209183182}"
broad,m612_mid_month_top2_no_gate_base_equal,6月50%+12月50%｜月中 Top2｜无闸门｜纯动量｜equal,m612,mid_month,2,no_gate,base,equal,1.0,2021-07-10,2021-07-13,2026-07-10,1.5597835286186954,0.20721936961060727,-0.39591920323615504,0.758886788892566,0.9692673575034658,102,"{""2021"": -0.03434623505919965, ""2022"": 0.011522528853424419, ""2023"": 0.008049175824921484, ""2024"": 0.2857359573877012, ""2025"": 0.30856871563254984, ""2026"": 0.6001673707306578}"
broad,m612_mid_month_top2_majority_below_ma100_base_equal,6月50%+12月50%｜月中 Top2｜2/3指数低于MA100空仓｜纯动量｜equal,m612,mid_month,2,majority_below_ma100,base,equal,1.0,2021-07-10,2021-07-13,2026-07-10,0.7994043374786892,0.12490726105468397,-0.2793376705009304,0.6763522677534342,0.32892561983471075,79,"{""2021"": -0.05199354898751096, ""2022"": 0.08660973029010788, ""2023"": 0.027265154866216612, ""2024"": 0.10928582417576793, ""2025"": 0.040126245639352964, ""2026"": 0.506449325863322}"
broad,m612_mid_month_top2_majority_below_ma120_base_equal,6月50%+12月50%｜月中 Top2｜2/3指数低于MA120空仓｜纯动量｜equal,m612,mid_month,2,majority_below_ma120,base,equal,1.0,2021-07-10,2021-07-13,2026-07-10,1.063745535331373,0.1562278383251332,-0.21079296237222644,0.7928860992688548,0.3347107438016529,81,"{""2021"": -0.004164493763387456, ""2022"": 0.05572772309052887, ""2023"": 0.05507081516386325, ""2024"": 0.08853460569233107, ""2025"": 0.17124280708281248, ""2026"": 0.49165555082002577}"
broad,m612_mid_month_top2_majority_below_ma150_base_equal,6月50%+12月50%｜月中 Top2｜2/3指数低于MA150空仓｜纯动量｜equal,m612,mid_month,2,majority_below_ma150,base,equal,1.0,2021-07-10,2021-07-13,2026-07-10,0.5261737485484153,0.08839430518797298,-0.2934755111528693,0.4904041197828557,0.3371900826446281,73,"{""2021"": -0.010648374815584116, ""2022"": 0.03811892729336108, ""2023"": 0.03523026541139429, ""2024"": 0.06371192026766215, ""2025"": 0.01972121194074128, ""2026"": 0.35265324984197943}"
broad,m612_mid_month_top2_majority_below_ma200_base_equal,6月50%+12月50%｜月中 Top2｜2/3指数低于MA200空仓｜纯动量｜equal,m612,mid_month,2,majority_below_ma200,base,equal,1.0,2021-07-10,2021-07-13,2026-07-10,0.44286334986841935,0.07622186959320865,-0.32533495433520476,0.4472571732340861,0.371900826446281,70,"{""2021"": 0.021174946778322212, ""2022"": 0.0, ""2023"": 0.040196697786911706, ""2024"": 0.04886132183231906, ""2025"": -0.026261270657505276, ""2026"": 0.3594767586910643}"
broad,m612_mid_month_top3_no_gate_base_equal,6月50%+12月50%｜月中 Top3｜无闸门｜纯动量｜equal,m612,mid_month,3,no_gate,base,equal,1.0,2021-07-10,2021-07-13,2026-07-10,1.01694946050708,0.15092664311994008,-0.32502049410998834,0.634276774346989,0.968306478025196,160,"{""2021"": -0.1541796004702397, ""2022"": -0.06694282553950814, ""2023"": 0.11155863048395487, ""2024"": 0.18732269421741488, ""2025"": 0.24054038755409501, ""2026"": 0.6044515002273694}"
broad,m612_mid_month_top3_majority_below_ma100_base_equal,6月50%+12月50%｜月中 Top3｜2/3指数低于MA100空仓｜纯动量｜equal,m612,mid_month,3,majority_below_ma100,base,equal,1.0,2021-07-10,2021-07-13,2026-07-10,0.5344996355251961,0.08958136098052027,-0.2799524332216311,0.544315364406709,0.3281757008563077,120,"{""2021"": -0.0946790934313092, ""2022"": 0.05391233435134524, ""2023"": -0.0044715588943521345, ""2024"": 0.027422394035241604, ""2025"": 0.03613387000863888, ""2026"": 0.5531332230965329}"
broad,m612_mid_month_top3_majority_below_ma120_base_equal,6月50%+12月50%｜月中 Top3｜2/3指数低于MA120空仓｜纯动量｜equal,m612,mid_month,3,majority_below_ma120,base,equal,1.0,2021-07-10,2021-07-13,2026-07-10,0.7161089257266697,0.11427554252160643,-0.218707961836338,0.6487163524164933,0.33396082482324985,119,"{""2021"": -0.0785734774732918, ""2022"": 0.021322829091648288, ""2023"": 0.014367477032483533, ""2024"": 0.0204020540880141, ""2025"": 0.1775677337497339, ""2026"": 0.5312147043240112}"
broad,m612_mid_month_top3_majority_below_ma150_base_equal,6月50%+12月50%｜月中 Top3｜2/3指数低于MA150空仓｜纯动量｜equal,m612,mid_month,3,majority_below_ma150,base,equal,1.0,2021-07-10,2021-07-13,2026-07-10,0.2668090417301294,0.04852515273583746,-0.2916019263860039,0.3348775580693828,0.33643537567556087,111,"{""2021"": -0.09863250656367928, ""2022"": 0.01993268125694403, ""2023"": -0.008091136155809364, ""2024"": -0.014683582594176348, ""2025"": 0.01937048520887319, ""2026"": 0.415551702744527}"
broad,m612_mid_month_top3_majority_below_ma200_base_equal,6月50%+12月50%｜月中 Top3｜2/3指数低于MA200空仓｜纯动量｜equal,m612,mid_month,3,majority_below_ma200,base,equal,1.0,2021-07-10,2021-07-13,2026-07-10,0.26804277901165907,0.04872966761116504,-0.31818416711759434,0.3377467335484592,0.3710767363855018,106,"{""2021"": -0.05620049026148066, ""2022"": 0.0, ""2023"": 0.00806047210460381, ""2024"": -0.02146689944550728, ""2025"": -0.01888082100129229, ""2026"": 0.42081591392402684}"
broad,m312_month_start_top1_no_gate_base_equal,3月50%+12月50%｜月初 Top1｜无闸门｜纯动量｜equal,m312,month_start,1,no_gate,base,equal,1.0,2021-07-10,2021-07-13,2026-07-10,0.3474783406126609,0.06157465263668471,-0.47328457246505395,0.35289432546752086,0.9198347107438016,53,"{""2021"": -0.03883801705083656, ""2022"": -0.20971204590848713, ""2023"": -0.05400104723659804, ""2024"": 0.02935730257963476, ""2025"": 0.5750920289408723, ""2026"": 0.22098589184421025}"
broad,m312_month_start_top1_majority_below_ma100_base_equal,3月50%+12月50%｜月初 Top1｜2/3指数低于MA100空仓｜纯动量｜equal,m312,month_start,1,majority_below_ma100,base,equal,1.0,2021-07-10,2021-07-13,2026-07-10,0.79349719735751,0.12416639521996897,-0.2214395404034416,0.5971569867471105,0.32148760330578513,35,"{""2021"": -0.03653078235722229, ""2022"": 0.027338845834292913, ""2023"": 0.1824230909120883, ""2024"": -0.03841497987376585, ""2025"": 0.38034145389485996, ""2026"": 0.1708719670213208}"
broad,m312_month_start_top1_majority_below_ma120_base_equal,3月50%+12月50%｜月初 Top1｜2/3指数低于MA120空仓｜纯动量｜equal,m312,month_start,1,majority_below_ma120,base,equal,1.0,2021-07-10,2021-07-13,2026-07-10,0.7018701366680165,0.11241701120952574,-0.2214395404034415,0.5473341004434406,0.3578512396694215,39,"{""2021"": -0.03433323119283682, ""2022"": 0.05894692680723734, ""2023"": 0.10950701954946873, ""2024"": -0.04901560126580029, ""2025"": 0.3662163045056994, ""2026"": 0.1708719670213208}"
broad,m312_month_start_top1_majority_below_ma150_base_equal,3月50%+12月50%｜月初 Top1｜2/3指数低于MA150空仓｜纯动量｜equal,m312,month_start,1,majority_below_ma150,base,equal,1.0,2021-07-10,2021-07-13,2026-07-10,0.09292020827995096,0.01796172773235627,-0.36485954282533206,0.2050359523765173,0.34545454545454546,35,"{""2021"": -0.029527512495611474, ""2022"": 0.0, ""2023"": 0.15263496545873934, ""2024"": -0.09945591219478112, ""2025"": 0.20917592769741145, ""2026"": -0.09003152206316156}"
broad,m312_month_start_top1_majority_below_ma200_base_equal,3月50%+12月50%｜月初 Top1｜2/3指数低于MA200空仓｜纯动量｜equal,m312,month_start,1,majority_below_ma200,base,equal,1.0,2021-07-10,2021-07-13,2026-07-10,0.1723457338910106,0.032370922099075994,-0.39501970352897653,0.25799123508860594,0.36611570247933883,39,"{""2021"": -0.05214265930608353, ""2022"": 0.0, ""2023"": 0.07199833058565974, ""2024"": -0.09078217430987912, ""2025"": 0.38719020016748784, ""2026"": -0.07226904315542049}"
broad,m312_month_start_top2_no_gate_base_equal,3月50%+12月50%｜月初 Top2｜无闸门｜纯动量｜equal,m312,month_start,2,no_gate,base,equal,1.0,2021-07-10,2021-07-13,2026-07-10,0.3923962174294391,0.06857208918155822,-0.5813776463886484,0.37596164033375074,0.9190284740829313,113,"{""2021"": -0.07704822728880123, ""2022"": -0.3013838387295079, ""2023"": -0.15779702541147078, ""2024"": 0.06858606612937912, ""2025"": 0.5014045366864062, ""2026"": 0.664739933055045}"
broad,m312_month_start_top2_majority_below_ma100_base_equal,3月50%+12月50%｜月初 Top2｜2/3指数低于MA100空仓｜纯动量｜equal,m312,month_start,2,majority_below_ma100,base,equal,1.0,2021-07-10,2021-07-13,2026-07-10,1.3029288426835208,0.18191236660986387,-0.20865360950647138,0.8944558351927373,0.32101179995829765,60,"{""2021"": 0.007804951623372691, ""2022"": 0.09919088473601834, ""2023"": 0.05126592115725659, ""2024"": 0.009306060111367254, ""2025"": 0.268650609765257, ""2026"": 0.5676382531235427}"
broad,m312_month_start_top2_majority_below_ma120_base_equal,3月50%+12月50%｜月初 Top2｜2/3指数低于MA120空仓｜纯动量｜equal,m312,month_start,2,majority_below_ma120,base,equal,1.0,2021-07-10,2021-07-13,2026-07-10,1.3826420831231836,0.18999792438602214,-0.18459085467924796,0.8970526673196126,0.35696734651228734,68,"{""2021"": 0.059363918862817444, ""2022"": 0.07676835340711952, ""2023"": 0.005833224863632136, ""2024"": -0.004228320651094575, ""2025"": 0.3503681530270455, ""2026"": 0.5676382531235431}"
broad,m312_month_start_top2_majority_below_ma150_base_equal,3月50%+12月50%｜月初 Top2｜2/3指数低于MA150空仓｜纯动量｜equal,m312,month_start,2,majority_below_ma150,base,equal,1.0,2021-07-10,2021-07-13,2026-07-10,0.6442025332780494,0.1047603083143358,-0.28014998850206496,0.5503499646707324,0.3445706522974113,61,"{""2021"": 0.06273747431988586, ""2022"": 0.0, ""2023"": 0.006695991772735166, ""2024"": -0.03918918443124619, ""2025"": 0.18791608448774078, ""2026"": 0.366783639830512}"
broad,m312_month_start_top2_majority_below_ma200_base_equal,3月50%+12月50%｜月初 Top2｜2/3指数低于MA200空仓｜纯动量｜equal,m312,month_start,2,majority_below_ma200,base,equal,1.0,2021-07-10,2021-07-13,2026-07-10,0.6423793997919864,0.10451476540586757,-0.3054809445674035,0.5508868258340501,0.3652318093222047,69,"{""2021"": 0.05177614711333889, ""2022"": 0.0, ""2023"": -0.013988276387974174, ""2024"": -0.05364425319453969, ""2025"": 0.2512253448413404, ""2026"": 0.3575960803707492}"
broad,m312_month_start_top3_no_gate_base_equal,3月50%+12月50%｜月初 Top3｜无闸门｜纯动量｜equal,m312,month_start,3,no_gate,base,equal,1.0,2021-07-10,2021-07-13,2026-07-10,0.5325504353335395,0.08930391811833349,-0.4887082154246537,0.44873648775431674,0.9185229951453797,155,"{""2021"": -0.03572926720346403, ""2022"": -0.32009356562894564, ""2023"": -0.04441420776086069, ""2024"": 0.10804533968771746, ""2025"": 0.4471714123744317, ""2026"": 0.5760623529844939}"
broad,m312_month_start_top3_majority_below_ma100_base_equal,3月50%+12月50%｜月初 Top3｜2/3指数低于MA100空仓｜纯动量｜equal,m312,month_start,3,majority_below_ma100,base,equal,1.0,2021-07-10,2021-07-13,2026-07-10,0.9097836905276309,0.13840559721504908,-0.1927142890419664,0.7386899635062883,0.32079371550783603,92,"{""2021"": 0.012086375832726315, ""2022"": 0.04489635337106357, ""2023"": 0.0600728628844307, ""2024"": -0.03826271369793388, ""2025"": 0.22563283467949957, ""2026"": 0.47742993698658753}"
broad,m312_month_start_top3_majority_below_ma120_base_equal,3月50%+12月50%｜月初 Top3｜2/3指数低于MA120空仓｜纯动量｜equal,m312,month_start,3,majority_below_ma120,base,equal,1.0,2021-07-10,2021-07-13,2026-07-10,1.0157505476426865,0.1507895400928818,-0.17460826327225853,0.7689703314151886,0.3571289544720322,108,"{""2021"": 0.038611684742094976, ""2022"": 0.02837899482597117, ""2023"": 0.036495471911041744, ""2024"": -0.04509097716890487, ""2025"": 0.3193503870135441, ""2026"": 0.47742993698658753}"
broad,m312_month_start_top3_majority_below_ma150_base_equal,3月50%+12月50%｜月初 Top3｜2/3指数低于MA150空仓｜纯动量｜equal,m312,month_start,3,majority_below_ma150,base,equal,1.0,2021-07-10,2021-07-13,2026-07-10,0.4809497972788004,0.08185454603516451,-0.2486224088682275,0.4696348063587951,0.34473226025715614,94,"{""2021"": 0.03844913376622028, ""2022"": 0.0, ""2023"": 0.04976952990489991, ""2024"": -0.06510504164980291, ""2025"": 0.17335049156927895, ""2026"": 0.26600853269807523}"
broad,m312_month_start_top3_majority_below_ma200_base_equal,3月50%+12月50%｜月初 Top3｜2/3指数低于MA200空仓｜纯动量｜equal,m312,month_start,3,majority_below_ma200,base,equal,1.0,2021-07-10,2021-07-13,2026-07-10,0.43293854067698545,0.07473456463305239,-0.28140021041935814,0.4419566650823221,0.3653934172819496,109,"{""2021"": 0.038148897927258174, ""2022"": 0.0, ""2023"": 0.01651484433009842, ""2024"": -0.0894193338594571, ""2025"": 0.22355647157150105, ""2026"": 0.24588458636189836}"
broad,m312_month_start_3_top1_no_gate_base_equal,3月50%+12月50%｜月初第3日 Top1｜无闸门｜纯动量｜equal,m312,month_start_3,1,no_gate,base,equal,1.0,2021-07-10,2021-07-13,2026-07-10,0.8364920942058107,0.12951483494582616,-0.3435319132144834,0.5227978874195984,0.9520661157024793,51,"{""2021"": -0.03883801705083656, ""2022"": -0.21099065548486806, ""2023"": 0.3972906416200801, ""2024"": 0.03413731237703299, ""2025"": 0.37612220060269164, ""2026"": 0.2617263310797169}"
broad,m312_month_start_3_top1_majority_below_ma100_base_equal,3月50%+12月50%｜月初第3日 Top1｜2/3指数低于MA100空仓｜纯动量｜equal,m312,month_start_3,1,majority_below_ma100,base,equal,1.0,2021-07-10,2021-07-13,2026-07-10,0.6698498514265241,0.10819166968777894,-0.22343473057601815,0.5291029254298798,0.3330578512396694,39,"{""2021"": -0.03196161982949164, ""2022"": -0.04278391424836436, ""2023"": 0.06019555450451741, ""2024"": -0.04335496898709157, ""2025"": 0.5125346206587749, ""2026"": 0.19721571694685758}"
broad,m312_month_start_3_top1_majority_below_ma120_base_equal,3月50%+12月50%｜月初第3日 Top1｜2/3指数低于MA120空仓｜纯动量｜equal,m312,month_start_3,1,majority_below_ma120,base,equal,1.0,2021-07-10,2021-07-13,2026-07-10,0.6736375209374657,0.10869484530349949,-0.224242839474441,0.5272230550986153,0.34710743801652894,41,"{""2021"": -0.02975364698452776, ""2022"": -0.018088460554864683, ""2023"": 0.07479004879199769, ""2024"": -0.03416371450162381, ""2025"": 0.4406123443230461, ""2026"": 0.19721571694685802}"
broad,m312_month_start_3_top1_majority_below_ma150_base_equal,3月50%+12月50%｜月初第3日 Top1｜2/3指数低于MA150空仓｜纯动量｜equal,m312,month_start_3,1,majority_below_ma150,base,equal,1.0,2021-07-10,2021-07-13,2026-07-10,0.11896951327274108,0.02277724515004076,-0.3135895878669045,0.22363990353432267,0.33801652892561984,37,"{""2021"": -0.02975364698452776, ""2022"": -0.02243240823550352, ""2023"": 0.08345889972193277, ""2024"": -0.05100956007500934, ""2025"": 0.2567980154492284, ""2026"": -0.06955790693009634}"
broad,m312_month_start_3_top1_majority_below_ma200_base_equal,3月50%+12月50%｜月初第3日 Top1｜2/3指数低于MA200空仓｜纯动量｜equal,m312,month_start_3,1,majority_below_ma200,base,equal,1.0,2021-07-10,2021-07-13,2026-07-10,-0.011622424219089433,-0.0023395258421861076,-0.33967933971000264,0.13129356678862805,0.3528925619834711,41,"{""2021"": -0.0543514733828534, ""2022"": 0.0, ""2023"": 0.03845502347786667, ""2024"": -0.09231693065300584, ""2025"": 0.19564885412462085, ""2026"": -0.05483587324843764}"
broad,m312_month_start_3_top2_no_gate_base_equal,3月50%+12月50%｜月初第3日 Top2｜无闸门｜纯动量｜equal,m312,month_start_3,2,no_gate,base,equal,1.0,2021-07-10,2021-07-13,2026-07-10,1.214695080229622,0.1726972632686865,-0.42256184739612146,0.661431343883664,0.9516676356245621,117,"{""2021"": -0.07023136581334777, ""2022"": -0.23622953118444467, ""2023"": 0.002351596060128802, ""2024"": 0.09446460452792804, ""2025"": 0.6872125927600183, ""2026"": 0.7202452861822408}"
broad,m312_month_start_3_top2_majority_below_ma100_base_equal,3月50%+12月50%｜月初第3日 Top2｜2/3指数低于MA100空仓｜纯动量｜equal,m312,month_start_3,2,majority_below_ma100,base,equal,1.0,2021-07-10,2021-07-13,2026-07-10,1.383077120535181,0.19004145410428763,-0.21342200543517642,0.8866381278461875,0.33274777009047796,68,"{""2021"": 0.014316900084402784, ""2022"": 0.07049202711854807, ""2023"": -0.03885954754795762, ""2024"": -0.0022782268438549247, ""2025"": 0.4747898542955975, ""2026"": 0.5752694526384905}"
broad,m312_month_start_3_top2_majority_below_ma120_base_equal,3月50%+12月50%｜月初第3日 Top2｜2/3指数低于MA120空仓｜纯动量｜equal,m312,month_start_3,2,majority_below_ma120,base,equal,1.0,2021-07-10,2021-07-13,2026-07-10,1.5508881791602316,0.20637767649972938,-0.21085632989388314,0.9343266697392713,0.3467973568673375,72,"{""2021"": 0.06812639480961713, ""2022"": 0.06687864047813985, ""2023"": -0.026713624468561292, ""2024"": 0.00011814800542264692, ""2025"": 0.4818602571087973, ""2026"": 0.57526945263849}"
broad,m312_month_start_3_top2_majority_below_ma150_base_equal,3月50%+12月50%｜月初第3日 Top2｜2/3指数低于MA150空仓｜纯动量｜equal,m312,month_start_3,2,majority_below_ma150,base,equal,1.0,2021-07-10,2021-07-13,2026-07-10,0.7829753293965169,0.1228419091643882,-0.2488176127557583,0.6082730002839434,0.3377048580423604,65,"{""2021"": 0.06812639480961713, ""2022"": -0.011094543005614632, ""2023"": -0.04227783369710125, ""2024"": -0.0001954265499694019, ""2025"": 0.3075747911328599, ""2026"": 0.36850697778630326}"
broad,m312_month_start_3_top2_majority_below_ma200_base_equal,3月50%+12月50%｜月初第3日 Top2｜2/3指数低于MA200空仓｜纯动量｜equal,m312,month_start_3,2,majority_below_ma200,base,equal,1.0,2021-07-10,2021-07-13,2026-07-10,0.8167950057079774,0.12707714274410886,-0.28490620138833134,0.6265919845378949,0.3525808911002116,69,"{""2021"": 0.054941665055877165, ""2022"": 0.0, ""2023"": -0.04564355724014357, ""2024"": -0.04738395621058289, ""2025"": 0.4024995746834352, ""2026"": 0.37102868993569604}"
broad,m312_month_start_3_top3_no_gate_base_equal,3月50%+12月50%｜月初第3日 Top3｜无闸门｜纯动量｜equal,m312,month_start_3,3,no_gate,base,equal,1.0,2021-07-10,2021-07-13,2026-07-10,1.2597452026567932,0.17743823979574302,-0.35273829741441554,0.7072863356362191,0.950675585256414,155,"{""2021"": -0.06094005718604667, ""2022"": -0.2406258475437678, ""2023"": 0.10851080612483144, ""2024"": 0.1633862236205028, ""2025"": 0.6170519462389126, ""2026"": 0.545596235646554}"
broad,m312_month_start_3_top3_majority_below_ma100_base_equal,3月50%+12月50%｜月初第3日 Top3｜2/3指数低于MA100空仓｜纯动量｜equal,m312,month_start_3,3,majority_below_ma100,base,equal,1.0,2021-07-10,2021-07-13,2026-07-10,1.2015354612768716,0.1712978271948149,-0.22998041827742954,0.859222218574023,0.3323051233919809,106,"{""2021"": -0.022833335278393818, ""2022"": 0.022871133451917602, ""2023"": -0.011504453858556363, ""2024"": -0.01974012439661199, ""2025"": 0.4959090149211738, ""2026"": 0.5503849032568637}"
broad,m312_month_start_3_top3_majority_below_ma120_base_equal,3月50%+12月50%｜月初第3日 Top3｜2/3指数低于MA120空仓｜纯动量｜equal,m312,month_start_3,3,majority_below_ma120,base,equal,1.0,2021-07-10,2021-07-13,2026-07-10,1.3171857200401633,0.18337474719897195,-0.23298789676357756,0.8970765966825799,0.34628707015109006,112,"{""2021"": -0.0030750007735690366, ""2022"": 0.025241498223248948, ""2023"": 0.004239685349439748, ""2024"": -0.007726264592812004, ""2025"": 0.4972292642085909, ""2026"": 0.5503849032568635}"
broad,m312_month_start_3_top3_majority_below_ma150_base_equal,3月50%+12月50%｜月初第3日 Top3｜2/3指数低于MA150空仓｜纯动量｜equal,m312,month_start_3,3,majority_below_ma150,base,equal,1.0,2021-07-10,2021-07-13,2026-07-10,0.5853350435998181,0.09671950180670241,-0.2723076750156843,0.5278093661156834,0.33719616106018097,98,"{""2021"": -0.0030750007735690366, ""2022"": -0.02349266321643617, ""2023"": 0.005458796330886528, ""2024"": -0.03413445893999323, ""2025"": 0.2923866494287968, ""2026"": 0.323835987711671}"
broad,m312_month_start_3_top3_majority_below_ma200_base_equal,3月50%+12月50%｜月初第3日 Top3｜2/3指数低于MA200空仓｜纯动量｜equal,m312,month_start_3,3,majority_below_ma200,base,equal,1.0,2021-07-10,2021-07-13,2026-07-10,0.6458550672044479,0.10498268652923892,-0.28562618462554723,0.5663665030091426,0.3520721941180322,107,"{""2021"": 0.0015591457308250511, ""2022"": 0.0, ""2023"": -0.014943347892083625, ""2024"": -0.058446117506468, ""2025"": 0.36691585283630324, ""2026"": 0.32248682588404787}"
broad,m312_mid_month_top1_no_gate_base_equal,3月50%+12月50%｜月中 Top1｜无闸门｜纯动量｜equal,m312,mid_month,1,no_gate,base,equal,1.0,2021-07-10,2021-07-13,2026-07-10,1.5767872854480456,0.20882180680187568,-0.3048234732552102,0.7337856830235487,0.9512396694214876,37,"{""2021"": -0.03883801705083656, ""2022"": 0.07581500819460252, ""2023"": 0.15069785454489693, ""2024"": 0.2951188577536761, ""2025"": 0.20512396720779935, ""2026"": 0.44296273875706405}"
broad,m312_mid_month_top1_majority_below_ma100_base_equal,3月50%+12月50%｜月中 Top1｜2/3指数低于MA100空仓｜纯动量｜equal,m312,mid_month,1,majority_below_ma100,base,equal,1.0,2021-07-10,2021-07-13,2026-07-10,0.4590633385705305,0.07863207468994826,-0.31259959147424177,0.45024391494783095,0.32892561983471075,35,"{""2021"": -0.10929232610010575, ""2022"": 0.09594678257631095, ""2023"": 0.041485155344538116, ""2024"": 0.12989803559407997, ""2025"": 0.06378695407832291, ""2026"": 0.21686433403415828}"
broad,m312_mid_month_top1_majority_below_ma120_base_equal,3月50%+12月50%｜月中 Top1｜2/3指数低于MA120空仓｜纯动量｜equal,m312,mid_month,1,majority_below_ma120,base,equal,1.0,2021-07-10,2021-07-13,2026-07-10,0.7153504140436877,0.11417684861496724,-0.235887117148873,0.5858626797382599,0.3347107438016529,33,"{""2021"": -0.10726073479437126, ""2022"": 0.07442497667044545, ""2023"": 0.07792620346716017, ""2024"": 0.11694791484228495, ""2025"": 0.18250339414767391, ""2026"": 0.28016941499547277}"
broad,m312_mid_month_top1_majority_below_ma150_base_equal,3月50%+12月50%｜月中 Top1｜2/3指数低于MA150空仓｜纯动量｜equal,m312,mid_month,1,majority_below_ma150,base,equal,1.0,2021-07-10,2021-07-13,2026-07-10,0.24606203830342688,0.04506185990232825,-0.34390737484671063,0.3060597498837902,0.3371900826446281,29,"{""2021"": -0.10991335798905022, ""2022"": 0.0319215959606054, ""2023"": 0.03659788839913469, ""2024"": 0.08498966979935507, ""2025"": 0.015336573340013038, ""2026"": 0.21074978889843465}"
broad,m312_mid_month_top1_majority_below_ma200_base_equal,3月50%+12月50%｜月中 Top1｜2/3指数低于MA200空仓｜纯动量｜equal,m312,mid_month,1,majority_below_ma200,base,equal,1.0,2021-07-10,2021-07-13,2026-07-10,0.24934828491228367,0.045613490794581546,-0.3569819877870828,0.30980007449865576,0.371900826446281,29,"{""2021"": -0.07314890973207622, ""2022"": 0.0, ""2023"": 0.06338720927664276, ""2024"": 0.07123410433516608, ""2025"": -0.004897052510487554, ""2026"": 0.21190729347673143}"
broad,m312_mid_month_top2_no_gate_base_equal,3月50%+12月50%｜月中 Top2｜无闸门｜纯动量｜equal,m312,mid_month,2,no_gate,base,equal,1.0,2021-07-10,2021-07-13,2026-07-10,1.461026749764744,0.19774046273341273,-0.31490648656045717,0.73583202630372,0.9505734593605868,108,"{""2021"": -0.007979563502495957, ""2022"": -0.0006124907385266498, ""2023"": 0.08811058577289144, ""2024"": 0.2038401754042778, ""2025"": 0.31505472166221415, ""2026"": 0.48806607334646657}"
broad,m312_mid_month_top2_majority_below_ma100_base_equal,3月50%+12月50%｜月中 Top2｜2/3指数低于MA100空仓｜纯动量｜equal,m312,mid_month,2,majority_below_ma100,base,equal,1.0,2021-07-10,2021-07-13,2026-07-10,0.644425454869374,0.10479031685660845,-0.2529646126735621,0.5858768785632607,0.32873396006775907,84,"{""2021"": -0.05669350728185829, ""2022"": 0.07365980908405434, ""2023"": 0.02726515486621639, ""2024"": 0.07472900648978609, ""2025"": 0.06611314704123217, ""2026"": 0.40091353819399345}"
broad,m312_mid_month_top2_majority_below_ma120_base_equal,3月50%+12月50%｜月中 Top2｜2/3指数低于MA120空仓｜纯动量｜equal,m312,mid_month,2,majority_below_ma120,base,equal,1.0,2021-07-10,2021-07-13,2026-07-10,0.9692534210820007,0.1454213041559851,-0.2085448000885095,0.7413227187992024,0.334608730862032,80,"{""2021"": -0.009101575512508009, ""2022"": 0.052895294044491115, ""2023"": 0.055070815163863474, ""2024"": 0.08381435287771644, ""2025"": 0.20844506487525538, ""2026"": 0.38715615559682326}"
broad,m312_mid_month_top2_majority_below_ma150_base_equal,3月50%+12月50%｜月中 Top2｜2/3指数低于MA150空仓｜纯动量｜equal,m312,mid_month,2,majority_below_ma150,base,equal,1.0,2021-07-10,2021-07-13,2026-07-10,0.4369965005325471,0.07534367189370261,-0.2763994568813726,0.4344851597750537,0.3370880697050072,72,"{""2021"": -0.02796729588352287, ""2022"": 0.038118927293361304, ""2023"": 0.03523026541139407, ""2024"": 0.0754443897237651, ""2025"": 0.03266868653417987, ""2026"": 0.2578917973890462}"
broad,m312_mid_month_top2_majority_below_ma200_base_equal,3月50%+12月50%｜月中 Top2｜2/3指数低于MA200空仓｜纯动量｜equal,m312,mid_month,2,majority_below_ma200,base,equal,1.0,2021-07-10,2021-07-13,2026-07-10,0.4474337009941174,0.07690402042586109,-0.29112701283457143,0.4465327644302036,0.3715847898370312,69,"{""2021"": 0.041226792376151566, ""2022"": 0.0, ""2023"": 0.040196697786911706, ""2024"": 0.061158407254251035, ""2025"": 0.011650617923422368, ""2026"": 0.2642372786213414}"
broad,m312_mid_month_top3_no_gate_base_equal,3月50%+12月50%｜月中 Top3｜无闸门｜纯动量｜equal,m312,mid_month,3,no_gate,base,equal,1.0,2021-07-10,2021-07-13,2026-07-10,1.7617871885039826,0.22573151020362525,-0.2977203903025648,0.8390565484193728,0.9489934332833423,161,"{""2021"": -0.14398812011728623, ""2022"": -0.017458808345268473, ""2023"": 0.10057033497319301, ""2024"": 0.17234790040603665, ""2025"": 0.6090652870128781, ""2026"": 0.6333791680412886}"
broad,m312_mid_month_top3_majority_below_ma100_base_equal,3月50%+12月50%｜月中 Top3｜2/3指数低于MA100空仓｜纯动量｜equal,m312,mid_month,3,majority_below_ma100,base,equal,1.0,2021-07-10,2021-07-13,2026-07-10,0.7658522396420229,0.12067304180020355,-0.2580704049001593,0.6679345411731955,0.3282106588444334,118,"{""2021"": -0.09378339484531872, ""2022"": 0.012318979626519289, ""2023"": -0.0044715588943521345, ""2024"": 0.06290695355507747, ""2025"": 0.159375417504654, ""2026"": 0.5955615813915667}"
broad,m312_mid_month_top3_majority_below_ma120_base_equal,3月50%+12月50%｜月中 Top3｜2/3指数低于MA120空仓｜纯动量｜equal,m312,mid_month,3,majority_below_ma120,base,equal,1.0,2021-07-10,2021-07-13,2026-07-10,1.0568567107127453,0.15545352568383275,-0.2054878863645273,0.8029072104060868,0.33399578281137554,115,"{""2021"": -0.0776568194878996, ""2022"": 0.01700519381755372, ""2023"": 0.014367477032483533, ""2024"": 0.05935926361364596, ""2025"": 0.32793925157774484, ""2026"": 0.5626191632969246}"
broad,m312_mid_month_top3_majority_below_ma150_base_equal,3月50%+12月50%｜月中 Top3｜2/3指数低于MA150空仓｜纯动量｜equal,m312,mid_month,3,majority_below_ma150,base,equal,1.0,2021-07-10,2021-07-13,2026-07-10,0.5491742485056001,0.09166110009369222,-0.25729351488209895,0.5141547250909836,0.33647512165435073,105,"{""2021"": -0.10109041615919534, ""2022"": 0.01993268125694425, ""2023"": -0.008091136155809142, ""2024"": 0.05508103095019257, ""2025"": 0.16058942378637187, ""2026"": 0.4146798533238991}"
broad,m312_mid_month_top3_majority_below_ma200_base_equal,3月50%+12月50%｜月中 Top3｜2/3指数低于MA200空仓｜纯动量｜equal,m312,mid_month,3,majority_below_ma200,base,equal,1.0,2021-07-10,2021-07-13,2026-07-10,0.8250028267216141,0.12809549047180857,-0.2600239852560381,0.6688815000779896,0.3710305948415242,100,"{""2021"": -0.035202519205414395, ""2022"": 0.0, ""2023"": 0.008060472104604033, ""2024"": 0.040376363953230854, ""2025"": 0.28947950205116757, ""2026"": 0.42238606270631696}"
broad,m136_month_start_top1_no_gate_base_equal,1月20%+3月30%+6月50%｜月初 Top1｜无闸门｜纯动量｜equal,m136,month_start,1,no_gate,base,equal,1.0,2021-07-10,2021-07-13,2026-07-10,0.07862005506473824,0.015279033386787377,-0.6690021493736842,0.23510997134427553,0.9867768595041322,75,"{""2021"": -0.390678124488988, ""2022"": -0.3669219473638877, ""2023"": 0.1638756095611147, ""2024"": -0.1701697984403452, ""2025"": 0.9482375554669611, ""2026"": 0.5163829670708497}"
broad,m136_month_start_top1_majority_below_ma100_base_equal,1月20%+3月30%+6月50%｜月初 Top1｜2/3指数低于MA100空仓｜纯动量｜equal,m136,month_start,1,majority_below_ma100,base,equal,1.0,2021-07-10,2021-07-13,2026-07-10,0.8484217089131596,0.1309810842658512,-0.2185940466931574,0.6098802819625803,0.3413223140495868,37,"{""2021"": -0.13339588178182737, ""2022"": -0.02447176742282131, ""2023"": 0.21985556871608636, ""2024"": -0.16036551973107982, ""2025"": 0.511501521496361, ""2026"": 0.44007966294016243}"
broad,m136_month_start_top1_majority_below_ma120_base_equal,1月20%+3月30%+6月50%｜月初 Top1｜2/3指数低于MA120空仓｜纯动量｜equal,m136,month_start,1,majority_below_ma120,base,equal,1.0,2021-07-10,2021-07-13,2026-07-10,0.8282116983397567,0.12849262086449142,-0.29253425648085496,0.5884744554388722,0.3752066115702479,41,"{""2021"": -0.212147452382205, ""2022"": -0.008684952749895558, ""2023"": 0.18461827665522912, ""2024"": -0.14216809320588075, ""2025"": 0.6310077119778441, ""2026"": 0.440079662940162}"
broad,m136_month_start_top1_majority_below_ma150_base_equal,1月20%+3月30%+6月50%｜月初 Top1｜2/3指数低于MA150空仓｜纯动量｜equal,m136,month_start,1,majority_below_ma150,base,equal,1.0,2021-07-10,2021-07-13,2026-07-10,0.29078834758745264,0.05247195758657264,-0.33043156366018744,0.3283653371693552,0.35619834710743803,35,"{""2021"": -0.2082266405234514, ""2022"": 0.0, ""2023"": 0.15409410678258828, ""2024"": -0.11407979183297579, ""2025"": 0.4526740450392841, ""2026"": 0.11918906242768856}"
broad,m136_month_start_top1_majority_below_ma200_base_equal,1月20%+3月30%+6月50%｜月初 Top1｜2/3指数低于MA200空仓｜纯动量｜equal,m136,month_start,1,majority_below_ma200,base,equal,1.0,2021-07-10,2021-07-13,2026-07-10,0.3555906330465197,0.06285207064253484,-0.3712034475203041,0.3637383708861752,0.3768595041322314,39,"{""2021"": -0.2266775198587626, ""2022"": 0.0, ""2023"": 0.07335539254380752, ""2024"": -0.07874488098453558, ""2025"": 0.6665359879877069, ""2026"": 0.08463367965423396}"
broad,m136_month_start_top2_no_gate_base_equal,1月20%+3月30%+6月50%｜月初 Top2｜无闸门｜纯动量｜equal,m136,month_start,2,no_gate,base,equal,1.0,2021-07-10,2021-07-13,2026-07-10,0.6370410956477677,0.10379453735289546,-0.5420472565583576,0.4771672539890595,0.9861440124308343,141,"{""2021"": -0.15063513340268286, ""2022"": -0.38310962580109453, ""2023"": 0.01877452614471853, ""2024"": 0.20849580878388552, ""2025"": 0.5868289659566479, ""2026"": 0.6716182315545449}"
broad,m136_month_start_top2_majority_below_ma100_base_equal,1月20%+3月30%+6月50%｜月初 Top2｜2/3指数低于MA100空仓｜纯动量｜equal,m136,month_start,2,majority_below_ma100,base,equal,1.0,2021-07-10,2021-07-13,2026-07-10,1.1033999638656198,0.16064528608300366,-0.17896179714469862,0.7876071214066843,0.3413223140495868,71,"{""2021"": -0.004901879375456053, ""2022"": -0.01088941724550141, ""2023"": 0.049708665636932325, ""2024"": -0.02081417722808865, ""2025"": 0.30659392745816505, ""2026"": 0.616237888744569}"
broad,m136_month_start_top2_majority_below_ma120_base_equal,1月20%+3月30%+6月50%｜月初 Top2｜2/3指数低于MA120空仓｜纯动量｜equal,m136,month_start,2,majority_below_ma120,base,equal,1.0,2021-07-10,2021-07-13,2026-07-10,1.3578797014381863,0.18750966571413397,-0.18830979842845164,0.8573832080049669,0.37501481513895774,77,"{""2021"": -0.05604408890563228, ""2022"": 0.011994711098413102, ""2023"": 0.04506989741924783, ""2024"": 0.0020673928448495804, ""2025"": 0.48119708563789687, ""2026"": 0.6162378887445685}"
broad,m136_month_start_top2_majority_below_ma150_base_equal,1月20%+3月30%+6月50%｜月初 Top2｜2/3指数低于MA150空仓｜纯动量｜equal,m136,month_start,2,majority_below_ma150,base,equal,1.0,2021-07-10,2021-07-13,2026-07-10,0.6145996395989386,0.10074610361071601,-0.22959950287278819,0.5260241799664109,0.35600655067614784,68,"{""2021"": -0.05692026739982359, ""2022"": 0.0, ""2023"": -0.011877868221768728, ""2024"": -0.01059720888508775, ""2025"": 0.3064271482960881, ""2026"": 0.3614954542603328}"
broad,m136_month_start_top2_majority_below_ma200_base_equal,1月20%+3月30%+6月50%｜月初 Top2｜2/3指数低于MA200空仓｜纯动量｜equal,m136,month_start,2,majority_below_ma200,base,equal,1.0,2021-07-10,2021-07-13,2026-07-10,0.7014769081558572,0.11236550852291294,-0.23419812211618396,0.5728077241101122,0.3766677077009412,76,"{""2021"": -0.05863871815996313, ""2022"": 0.0, ""2023"": -0.032180505081622734, ""2024"": 0.013677823144460755, ""2025"": 0.39896873944456646, ""2026"": 0.33763035884401726}"
broad,m136_month_start_top3_no_gate_base_equal,1月20%+3月30%+6月50%｜月初 Top3｜无闸门｜纯动量｜equal,m136,month_start,3,no_gate,base,equal,1.0,2021-07-10,2021-07-13,2026-07-10,0.807920295995034,0.1259719060616935,-0.5092030993972307,0.554179851333558,0.9860095126688112,189,"{""2021"": -0.08500791436587884, ""2022"": -0.3849407100059612, ""2023"": 0.08186244297401446, ""2024"": 0.1517412073998281, ""2025"": 0.5821949571652871, ""2026"": 0.6709121398305493}"
broad,m136_month_start_top3_majority_below_ma100_base_equal,1月20%+3月30%+6月50%｜月初 Top3｜2/3指数低于MA100空仓｜纯动量｜equal,m136,month_start,3,majority_below_ma100,base,equal,1.0,2021-07-10,2021-07-13,2026-07-10,1.066604274426135,0.15654855752148578,-0.18447700658811717,0.7974223947158685,0.3412468730687756,113,"{""2021"": 0.01064401162333839, ""2022"": -0.02706552959763775, ""2023"": 0.04898898413015185, ""2024"": -0.07097686493673772, ""2025"": 0.38219193875093116, ""2026"": 0.5962658014495448}"
broad,m136_month_start_top3_majority_below_ma120_base_equal,1月20%+3月30%+6月50%｜月初 Top3｜2/3指数低于MA120空仓｜纯动量｜equal,m136,month_start,3,majority_below_ma120,base,equal,1.0,2021-07-10,2021-07-13,2026-07-10,1.2621168769911573,0.17768572834413332,-0.189616236918546,0.8490614803635533,0.3751311705894368,123,"{""2021"": -0.02528498569272286, ""2022"": -0.016340946588187633, ""2023"": 0.05687646388475076, ""2024"": -0.06030417180031744, ""2025"": 0.5225499585264675, ""2026"": 0.5962658014495452}"
broad,m136_month_start_top3_majority_below_ma150_base_equal,1月20%+3月30%+6月50%｜月初 Top3｜2/3指数低于MA150空仓｜纯动量｜equal,m136,month_start,3,majority_below_ma150,base,equal,1.0,2021-07-10,2021-07-13,2026-07-10,0.700112726761835,0.11218676249665305,-0.24016512551720381,0.5830940262263545,0.35611577751966556,104,"{""2021"": -0.024522357184038723, ""2022"": 0.0, ""2023"": 0.010791324365851729, ""2024"": -0.0586884422985019, ""2025"": 0.3288106493677141, ""2026"": 0.4102558092400175}"
broad,m136_month_start_top3_majority_below_ma200_base_equal,1月20%+3月30%+6月50%｜月初 Top3｜2/3指数低于MA200空仓｜纯动量｜equal,m136,month_start,3,majority_below_ma200,base,equal,1.0,2021-07-10,2021-07-13,2026-07-10,0.6669298067091405,0.10780313090755889,-0.27180966090392644,0.5685430925964663,0.37677693454445893,118,"{""2021"": -0.025313416228390895, ""2022"": 0.0, ""2023"": -0.01965898178033154, ""2024"": -0.05658539107492966, ""2025"": 0.3716792310433312, ""2026"": 0.37916264565366586}"
broad,m136_month_start_3_top1_no_gate_base_equal,1月20%+3月30%+6月50%｜月初第3日 Top1｜无闸门｜纯动量｜equal,m136,month_start_3,1,no_gate,base,equal,1.0,2021-07-10,2021-07-13,2026-07-10,-0.002582701796726816,-0.0005179964052446362,-0.61172017521816,0.1947030331354187,1.0,65,"{""2021"": -0.26620606347955067, ""2022"": -0.40945273916474545, ""2023"": 0.14606232157117582, ""2024"": -0.14104986789252083, ""2025"": 1.292875370391044, ""2026"": -0.01203258030582588}"
broad,m136_month_start_3_top1_majority_below_ma100_base_equal,1月20%+3月30%+6月50%｜月初第3日 Top1｜2/3指数低于MA100空仓｜纯动量｜equal,m136,month_start_3,1,majority_below_ma100,base,equal,1.0,2021-07-10,2021-07-13,2026-07-10,0.5631082796959779,0.0936213510890822,-0.31128476749885314,0.469611788659509,0.34710743801652894,37,"{""2021"": -0.03196161982949164, ""2022"": -0.047556335677858885, ""2023"": -0.04958654857476741, ""2024"": -0.098104422753867, ""2025"": 0.6844932057923283, ""2026"": 0.1972157169468578}"
broad,m136_month_start_3_top1_majority_below_ma120_base_equal,1月20%+3月30%+6月50%｜月初第3日 Top1｜2/3指数低于MA120空仓｜纯动量｜equal,m136,month_start_3,1,majority_below_ma120,base,equal,1.0,2021-07-10,2021-07-13,2026-07-10,0.681610757815506,0.10975108672254663,-0.2978946965757888,0.5201133506247376,0.3611570247933884,35,"{""2021"": -0.02975364698452776, ""2022"": -0.028597831428281983, ""2023"": -0.04683620033722802, ""2024"": -0.1031606761130196, ""2025"": 0.7776371266474635, ""2026"": 0.1972157169468578}"
broad,m136_month_start_3_top1_majority_below_ma150_base_equal,1月20%+3月30%+6月50%｜月初第3日 Top1｜2/3指数低于MA150空仓｜纯动量｜equal,m136,month_start_3,1,majority_below_ma150,base,equal,1.0,2021-07-10,2021-07-13,2026-07-10,0.25380368353558214,0.04635952617508088,-0.2920099181732858,0.3058996428620671,0.34710743801652894,31,"{""2021"": -0.02975364698452776, ""2022"": -0.04828890363807947, ""2023"": 0.011902601209472063, ""2024"": -0.07858624422010774, ""2025"": 0.5959267376288258, ""2026"": -0.06955790693009634}"
broad,m136_month_start_3_top1_majority_below_ma200_base_equal,1月20%+3月30%+6月50%｜月初第3日 Top1｜2/3指数低于MA200空仓｜纯动量｜equal,m136,month_start_3,1,majority_below_ma200,base,equal,1.0,2021-07-10,2021-07-13,2026-07-10,0.49782275195259174,0.08431295339153433,-0.27021617293835076,0.43183827343471115,0.36198347107438017,33,"{""2021"": -0.0543514733828534, ""2022"": 0.0, ""2023"": -0.030129024953336137, ""2024"": -0.06983913397568997, ""2025"": 0.9305594202517999, ""2026"": -0.07268179007669373}"
broad,m136_month_start_3_top2_no_gate_base_equal,1月20%+3月30%+6月50%｜月初第3日 Top2｜无闸门｜纯动量｜equal,m136,month_start_3,2,no_gate,base,equal,1.0,2021-07-10,2021-07-13,2026-07-10,0.8052432525689674,0.12563766137393695,-0.4604163363236743,0.5396160000169324,0.9996063414563916,124,"{""2021"": -0.02752799106912973, ""2022"": -0.3880553600491867, ""2023"": 0.15191590110233766, ""2024"": 0.10385983669704224, ""2025"": 0.6864620992928165, ""2026"": 0.4016098519119453}"
broad,m136_month_start_3_top2_majority_below_ma100_base_equal,1月20%+3月30%+6月50%｜月初第3日 Top2｜2/3指数低于MA100空仓｜纯动量｜equal,m136,month_start_3,2,majority_below_ma100,base,equal,1.0,2021-07-10,2021-07-13,2026-07-10,0.7425205068153651,0.11769053393579787,-0.32012266423709346,0.6101483934641297,0.346935363276448,75,"{""2021"": -0.002170053216495993, ""2022"": -0.07155315712287225, ""2023"": -0.08626652735582452, ""2024"": -0.008015362415652039, ""2025"": 0.4044695345376892, ""2026"": 0.5007950816057445}"
broad,m136_month_start_3_top2_majority_below_ma120_base_equal,1月20%+3月30%+6月50%｜月初第3日 Top2｜2/3指数低于MA120空仓｜纯动量｜equal,m136,month_start_3,2,majority_below_ma120,base,equal,1.0,2021-07-10,2021-07-13,2026-07-10,0.8889480267774836,0.135906250726316,-0.29129800724458776,0.6763701046309892,0.36086722815204675,73,"{""2021"": -0.02376025638139312, ""2022"": -0.03655051265941156, ""2023"": -0.07471968584531175, ""2024"": 0.0058017621412354, ""2025"": 0.4605665289522989, ""2026"": 0.500795081605744}"
broad,m136_month_start_3_top2_majority_below_ma150_base_equal,1月20%+3月30%+6月50%｜月初第3日 Top2｜2/3指数低于MA150空仓｜纯动量｜equal,m136,month_start_3,2,majority_below_ma150,base,equal,1.0,2021-07-10,2021-07-13,2026-07-10,0.44487549726084796,0.07652240658950982,-0.3010249807402844,0.43592313768428154,0.3467941650755962,68,"{""2021"": -0.02376025638139312, ""2022"": -0.02979856433253636, ""2023"": -0.07915133763310611, ""2024"": -0.0101657186744889, ""2025"": 0.28831877761927105, ""2026"": 0.3195681408007387}"
broad,m136_month_start_3_top2_majority_below_ma200_base_equal,1月20%+3月30%+6月50%｜月初第3日 Top2｜2/3指数低于MA200空仓｜纯动量｜equal,m136,month_start_3,2,majority_below_ma200,base,equal,1.0,2021-07-10,2021-07-13,2026-07-10,0.629447362843716,0.10276677077828955,-0.281163016620233,0.5420419171082125,0.3616680604431762,72,"{""2021"": -0.02736994279421312, ""2022"": 0.0, ""2023"": -0.08238747660070633, ""2024"": -0.005211194912009054, ""2025"": 0.4488740403544824, ""2026"": 0.28666556591305725}"
broad,m136_month_start_3_top3_no_gate_base_equal,1月20%+3月30%+6月50%｜月初第3日 Top3｜无闸门｜纯动量｜equal,m136,month_start_3,3,no_gate,base,equal,1.0,2021-07-10,2021-07-13,2026-07-10,0.7900109966787017,0.12372824440845043,-0.5091850130028586,0.5480767858527974,0.9987439933702505,185,"{""2021"": -0.09044729735632218, ""2022"": -0.40722722706700953, ""2023"": 0.2835823751218667, ""2024"": 0.10054891003943012, ""2025"": 0.6398195132766471, ""2026"": 0.44717680462954856}"
broad,m136_month_start_3_top3_majority_below_ma100_base_equal,1月20%+3月30%+6月50%｜月初第3日 Top3｜2/3指数低于MA100空仓｜纯动量｜equal,m136,month_start_3,3,majority_below_ma100,base,equal,1.0,2021-07-10,2021-07-13,2026-07-10,0.7219625333867805,0.11503601488800697,-0.2950985760951259,0.6199181983562402,0.34645405358512993,117,"{""2021"": -3.107090799514545e-05, ""2022"": -0.05655985794833607, ""2023"": -0.08636730637098844, ""2024"": -0.04021967770693735, ""2025"": 0.44565178461246213, ""2026"": 0.4698556811555672}"
broad,m136_month_start_3_top3_majority_below_ma120_base_equal,1月20%+3月30%+6月50%｜月初第3日 Top3｜2/3指数低于MA120空仓｜纯动量｜equal,m136,month_start_3,3,majority_below_ma120,base,equal,1.0,2021-07-10,2021-07-13,2026-07-10,0.8482177951647929,0.1309560852160747,-0.27033758803475705,0.6798713401306308,0.3604243576364602,115,"{""2021"": -0.04176777304946533, ""2022"": -0.026136890214681685, ""2023"": -0.06249752718656276, ""2024"": -0.021193584043090352, ""2025"": 0.4989928443605889, ""2026"": 0.4698556811555674}"
broad,m136_month_start_3_top3_majority_below_ma150_base_equal,1月20%+3月30%+6月50%｜月初第3日 Top3｜2/3指数低于MA150空仓｜纯动量｜equal,m136,month_start_3,3,majority_below_ma150,base,equal,1.0,2021-07-10,2021-07-13,2026-07-10,0.494951183494839,0.08389613189824474,-0.28796872739635493,0.4766548580645388,0.34636882730066143,102,"{""2021"": -0.04176777304946533, ""2022"": -0.019784602146932673, ""2023"": -0.0421512741007376, ""2024"": -0.025477526911758197, ""2025"": 0.30608282815692633, ""2026"": 0.3327056492934475}"
broad,m136_month_start_3_top3_majority_below_ma200_base_equal,1月20%+3月30%+6月50%｜月初第3日 Top3｜2/3指数低于MA200空仓｜纯动量｜equal,m136,month_start_3,3,majority_below_ma200,base,equal,1.0,2021-07-10,2021-07-13,2026-07-10,0.5504629838458399,0.09184299077892,-0.29030932770898044,0.5133876576984492,0.36124486035851266,110,"{""2021"": -0.04442022144098934, ""2022"": 0.0, ""2023"": -0.05999707365129925, ""2024"": -0.026312913812787442, ""2025"": 0.3886030315904143, ""2026"": 0.3032470522277493}"
broad,m136_mid_month_top1_no_gate_base_equal,1月20%+3月30%+6月50%｜月中 Top1｜无闸门｜纯动量｜equal,m136,mid_month,1,no_gate,base,equal,1.0,2021-07-10,2021-07-13,2026-07-10,0.65388346109742,0.10606051773078984,-0.45889227280721623,0.4677351224515563,1.0,63,"{""2021"": -0.03883801705083656, ""2022"": -0.28049745189389863, ""2023"": 0.015550650270950372, ""2024"": 0.1778107870917347, ""2025"": 0.2736276965720956, ""2026"": 0.6465351406438935}"
broad,m136_mid_month_top1_majority_below_ma100_base_equal,1月20%+3月30%+6月50%｜月中 Top1｜2/3指数低于MA100空仓｜纯动量｜equal,m136,mid_month,1,majority_below_ma100,base,equal,1.0,2021-07-10,2021-07-13,2026-07-10,0.67185287060719,0.10845787574776766,-0.38586649483539537,0.5453541248250865,0.3504132231404959,41,"{""2021"": -0.10929232610010575, ""2022"": -0.004948946463356307, ""2023"": -0.025158199328451536, ""2024"": 0.0031189429899585175, ""2025"": 0.12926874341500416, ""2026"": 0.7408978524331415}"
broad,m136_mid_month_top1_majority_below_ma120_base_equal,1月20%+3月30%+6月50%｜月中 Top1｜2/3指数低于MA120空仓｜纯动量｜equal,m136,mid_month,1,majority_below_ma120,base,equal,1.0,2021-07-10,2021-07-13,2026-07-10,1.0091152705106388,0.15002957425462204,-0.2877897261319775,0.6863562787448253,0.35619834710743803,43,"{""2021"": -0.10726073479437126, ""2022"": 0.03759208346597509, ""2023"": 0.008951030925976378, ""2024"": 0.03360308940560763, ""2025"": 0.31196169837500953, ""2026"": 0.6156534026178084}"
broad,m136_mid_month_top1_majority_below_ma150_base_equal,1月20%+3月30%+6月50%｜月中 Top1｜2/3指数低于MA150空仓｜纯动量｜equal,m136,mid_month,1,majority_below_ma150,base,equal,1.0,2021-07-10,2021-07-13,2026-07-10,0.6397549535308389,0.10416091726014409,-0.36349304649830483,0.5145989059455649,0.3396694214876033,37,"{""2021"": -0.10991335798905022, ""2022"": 0.04431625862611699, ""2023"": 0.026535556643153768, ""2024"": 0.07009963546321174, ""2025"": 0.16359911452331177, ""2026"": 0.40654201128804957}"
broad,m136_mid_month_top1_majority_below_ma200_base_equal,1月20%+3月30%+6月50%｜月中 Top1｜2/3指数低于MA200空仓｜纯动量｜equal,m136,mid_month,1,majority_below_ma200,base,equal,1.0,2021-07-10,2021-07-13,2026-07-10,0.4634615946909273,0.07928274420352932,-0.44223372160836705,0.4315817200008565,0.3743801652892562,37,"{""2021"": -0.07314890973207622, ""2022"": 0.0, ""2023"": 0.05306483161742048, ""2024"": 0.05523725132071067, ""2025"": 0.019653193224288934, ""2026"": 0.42021250599819204}"
broad,m136_mid_month_top2_no_gate_base_equal,1月20%+3月30%+6月50%｜月中 Top2｜无闸门｜纯动量｜equal,m136,mid_month,2,no_gate,base,equal,1.0,2021-07-10,2021-07-13,2026-07-10,0.645549573761141,0.10494159033869144,-0.34598534699224837,0.4818160764416136,0.9987889354191607,139,"{""2021"": -0.0856718942300364, ""2022"": -0.11030553430965118, ""2023"": 0.07270627772384608, ""2024"": 0.15940630782611098, ""2025"": 0.22215117322064937, ""2026"": 0.3885888839090552}"
broad,m136_mid_month_top2_majority_below_ma100_base_equal,1月20%+3月30%+6月50%｜月中 Top2｜2/3指数低于MA100空仓｜纯动量｜equal,m136,mid_month,2,majority_below_ma100,base,equal,1.0,2021-07-10,2021-07-13,2026-07-10,0.1385689946925397,0.02634167939526222,-0.38110869087709576,0.23266721674429303,0.35020828349782285,91,"{""2021"": -0.08323636355887709, ""2022"": 0.024219698202868623, ""2023"": -0.03338720950198415, ""2024"": -0.02769446072547177, ""2025"": -0.09018156449249526, ""2026"": 0.4457227441277647}"
broad,m136_mid_month_top2_majority_below_ma120_base_equal,1月20%+3月30%+6月50%｜月中 Top2｜2/3指数低于MA120空仓｜纯动量｜equal,m136,mid_month,2,majority_below_ma120,base,equal,1.0,2021-07-10,2021-07-13,2026-07-10,0.4498482728891684,0.07726371388959108,-0.268342237684831,0.45610372090599005,0.355993407464765,92,"{""2021"": -0.037178335049418365, ""2022"": 0.04904566812751976, ""2023"": -0.0072232665660939555, ""2024"": 0.001245321154184742, ""2025"": 0.05981593641458893, ""2026"": 0.3891398312623482}"
broad,m136_mid_month_top2_majority_below_ma150_base_equal,1月20%+3月30%+6月50%｜月中 Top2｜2/3指数低于MA150空仓｜纯动量｜equal,m136,mid_month,2,majority_below_ma150,base,equal,1.0,2021-07-10,2021-07-13,2026-07-10,0.14326683405426643,0.02718874891501155,-0.36027440059533133,0.23597608001564135,0.3394644818449303,83,"{""2021"": -0.061495731429414335, ""2022"": 0.03811892729336108, ""2023"": 0.023104988693348982, ""2024"": 0.029372137615169436, ""2025"": -0.07334901629952029, ""2026"": 0.22586214551043216}"
broad,m136_mid_month_top2_majority_below_ma200_base_equal,1月20%+3月30%+6月50%｜月中 Top2｜2/3指数低于MA200空仓｜纯动量｜equal,m136,mid_month,2,majority_below_ma200,base,equal,1.0,2021-07-10,2021-07-13,2026-07-10,0.2915295737278494,0.05259302021282464,-0.35566208743099625,0.345644591826474,0.3741375518344366,80,"{""2021"": -0.0058516582882311985, ""2022"": 0.0, ""2023"": 0.02801325104731056, ""2024"": 0.014908470837927235, ""2025"": 0.03255343522197118, ""2026"": 0.22942270682574906}"
broad,m136_mid_month_top3_no_gate_base_equal,1月20%+3月30%+6月50%｜月中 Top3｜无闸门｜纯动量｜equal,m136,mid_month,3,no_gate,base,equal,1.0,2021-07-10,2021-07-13,2026-07-10,0.6445248121357747,0.1048036907657186,-0.35720301145631206,0.493389722478856,0.9985406154990814,207,"{""2021"": -0.08446328049294194, ""2022"": -0.20836174602056767, ""2023"": 0.12606074401084522, ""2024"": 0.12232516146671313, ""2025"": 0.318771316536699, ""2026"": 0.3981780057499118}"
broad,m136_mid_month_top3_majority_below_ma100_base_equal,1月20%+3月30%+6月50%｜月中 Top3｜2/3指数低于MA100空仓｜纯动量｜equal,m136,mid_month,3,majority_below_ma100,base,equal,1.0,2021-07-10,2021-07-13,2026-07-10,0.3682690927871335,0.06483632045530152,-0.3003053220092914,0.41240168370597213,0.34986989849951017,135,"{""2021"": -0.03997083460901285, ""2022"": -0.0238527545773759, ""2023"": -0.012395091417148674, ""2024"": -0.003579157751630091, ""2025"": 0.051508117909140116, ""2026"": 0.4346583174372922}"
broad,m136_mid_month_top3_majority_below_ma120_base_equal,1月20%+3月30%+6月50%｜月中 Top3｜2/3指数低于MA120空仓｜纯动量｜equal,m136,mid_month,3,majority_below_ma120,base,equal,1.0,2021-07-10,2021-07-13,2026-07-10,0.6838620445835286,0.11004859711229975,-0.18928248535107084,0.6058021718402238,0.3556550224664523,133,"{""2021"": -0.02078218623049921, ""2022"": 0.014076601018498502, ""2023"": 0.004890901460476771, ""2024"": 0.033634433501004146, ""2025"": 0.20904759251295602, ""2026"": 0.37291154673299776}"
broad,m136_mid_month_top3_majority_below_ma150_base_equal,1月20%+3月30%+6月50%｜月中 Top3｜2/3指数低于MA150空仓｜纯动量｜equal,m136,mid_month,3,majority_below_ma150,base,equal,1.0,2021-07-10,2021-07-13,2026-07-10,0.2829743830727869,0.05119232822219599,-0.28466104812464843,0.34190521576022903,0.3391260968466176,120,"{""2021"": -0.04503970807761781, ""2022"": 0.01993268125694425, ""2023"": -0.0354515777429707, ""2024"": 0.054575880733201965, ""2025"": 0.05543295166201645, ""2026"": 0.24751001661154115}"
broad,m136_mid_month_top3_majority_below_ma200_base_equal,1月20%+3月30%+6月50%｜月中 Top3｜2/3指数低于MA200空仓｜纯动量｜equal,m136,mid_month,3,majority_below_ma200,base,equal,1.0,2021-07-10,2021-07-13,2026-07-10,0.4356680494804648,0.07514442054494674,-0.29086198713227807,0.4476648944923015,0.37379438109036944,116,"{""2021"": -8.480237059804718e-05, ""2022"": 0.0, ""2023"": -0.0070170069270195645, ""2024"": 0.04381194986610115, ""2025"": 0.12156192630431129, ""2026"": 0.25579552123318683}"
broad,m1612_month_start_top1_no_gate_base_equal,1月20%+6月40%+12月40%｜月初 Top1｜无闸门｜纯动量｜equal,m1612,month_start,1,no_gate,base,equal,1.0,2021-07-10,2021-07-13,2026-07-10,0.7849805967873369,0.12309481213245088,-0.39940652818991096,0.5085058396618046,0.9545454545454546,33,"{""2021"": -0.03883801705083656, ""2022"": -0.03260754126595755, ""2023"": -0.06762789117260526, ""2024"": 0.058196928290960015, ""2025"": 0.7068824143523318, ""2026"": 0.22098589184421025}"
broad,m1612_month_start_top1_majority_below_ma100_base_equal,1月20%+6月40%+12月40%｜月初 Top1｜2/3指数低于MA100空仓｜纯动量｜equal,m1612,month_start,1,majority_below_ma100,base,equal,1.0,2021-07-10,2021-07-13,2026-07-10,0.9675632730155386,0.14522427021774043,-0.23695002183302205,0.6642796314431607,0.3371900826446281,31,"{""2021"": -0.03653078235722229, ""2022"": 0.1393161511963239, ""2023"": 0.11194329493866517, ""2024"": -0.013547865139654447, ""2025"": 0.43611159657251863, ""2026"": 0.1708719670213208}"
broad,m1612_month_start_top1_majority_below_ma120_base_equal,1月20%+6月40%+12月40%｜月初 Top1｜2/3指数低于MA120空仓｜纯动量｜equal,m1612,month_start,1,majority_below_ma120,base,equal,1.0,2021-07-10,2021-07-13,2026-07-10,0.9431828789831389,0.14236688719949075,-0.22230582715989722,0.6402766609955661,0.37355371900826445,35,"{""2021"": -0.03433323119283682, ""2022"": 0.08392046526206687, ""2023"": 0.043373476514033005, ""2024"": -0.024853906799944814, ""2025"": 0.6035397578931962, ""2026"": 0.17087196702132124}"
broad,m1612_month_start_top1_majority_below_ma150_base_equal,1月20%+6月40%+12月40%｜月初 Top1｜2/3指数低于MA150空仓｜纯动量｜equal,m1612,month_start,1,majority_below_ma150,base,equal,1.0,2021-07-10,2021-07-13,2026-07-10,0.26001485080413156,0.047396027070554236,-0.28359992730943595,0.31091496655038475,0.35619834710743803,29,"{""2021"": -0.029527512495611474, ""2022"": 0.0, ""2023"": 0.04400833117406222, ""2024"": -0.041812969290380475, ""2025"": 0.4676465580717384, ""2026"": -0.09003152206316134}"
broad,m1612_month_start_top1_majority_below_ma200_base_equal,1月20%+6月40%+12月40%｜月初 Top1｜2/3指数低于MA200空仓｜纯动量｜equal,m1612,month_start,1,majority_below_ma200,base,equal,1.0,2021-07-10,2021-07-13,2026-07-10,0.11379675820248791,0.021828187783960562,-0.3215415911930041,0.22040674016512946,0.3768595041322314,35,"{""2021"": -0.05214265930608353, ""2022"": 0.0, ""2023"": -0.029028945264824246, ""2024"": -0.07874488098453547, ""2025"": 0.4570161675096782, ""2026"": -0.07226904315542049}"
broad,m1612_month_start_top2_no_gate_base_equal,1月20%+6月40%+12月40%｜月初 Top2｜无闸门｜纯动量｜equal,m1612,month_start,2,no_gate,base,equal,1.0,2021-07-10,2021-07-13,2026-07-10,0.5369325253760739,0.08992725555717684,-0.5636249143897556,0.4374154081405104,0.9535836470838911,100,"{""2021"": -0.07704822728880123, ""2022"": -0.19214162553403347, ""2023"": -0.21826543932645837, ""2024"": 0.03150320106520077, ""2025"": 0.5412804556654629, ""2026"": 0.755851089715647}"
broad,m1612_month_start_top2_majority_below_ma100_base_equal,1月20%+6月40%+12月40%｜月初 Top2｜2/3指数低于MA100空仓｜纯动量｜equal,m1612,month_start,2,majority_below_ma100,base,equal,1.0,2021-07-10,2021-07-13,2026-07-10,1.1707922300694613,0.16800223726985974,-0.18459085467924785,0.8268032158563899,0.33709474585740745,57,"{""2021"": 0.007804951623372691, ""2022"": 0.08332749851530852, ""2023"": -0.011396088918868341, ""2024"": -0.026735304400436588, ""2025"": 0.2694244098105907, ""2026"": 0.6534619577047667}"
broad,m1612_month_start_top2_majority_below_ma120_base_equal,1月20%+6月40%+12月40%｜月初 Top2｜2/3指数低于MA120空仓｜纯动量｜equal,m1612,month_start,2,majority_below_ma120,base,equal,1.0,2021-07-10,2021-07-13,2026-07-10,1.3971268396781675,0.19144386048623407,-0.18517036769057182,0.8811553770600379,0.37345838222104377,66,"{""2021"": 0.059363918862817444, ""2022"": 0.0730131834273573, ""2023"": -0.05412071295823129, ""2024"": -0.044964875569787566, ""2025"": 0.43404855324113, ""2026"": 0.6534619577047671}"
broad,m1612_month_start_top2_majority_below_ma150_base_equal,1月20%+6月40%+12月40%｜月初 Top2｜2/3指数低于MA150空仓｜纯动量｜equal,m1612,month_start,2,majority_below_ma150,base,equal,1.0,2021-07-10,2021-07-13,2026-07-10,0.6760056823955103,0.1090089829103078,-0.24342118253140121,0.5586846524261964,0.35609822852850237,59,"{""2021"": 0.06273747431988586, ""2022"": 0.0, ""2023"": -0.08817706050416285, ""2024"": -0.049722417255940954, ""2025"": 0.2823681124378168, ""2026"": 0.4416111295894134}"
broad,m1612_month_start_top2_majority_below_ma200_base_equal,1月20%+6月40%+12月40%｜月初 Top2｜2/3指数低于MA200空仓｜纯动量｜equal,m1612,month_start,2,majority_below_ma200,base,equal,1.0,2021-07-10,2021-07-13,2026-07-10,0.5949154244320747,0.09804419111822305,-0.33320618755000386,0.5195994205047912,0.37675938555329574,66,"{""2021"": 0.05177614711333889, ""2022"": 0.0, ""2023"": -0.1069120016877525, ""2024"": -0.09048926764520082, ""2025"": 0.324236860414455, ""2026"": 0.43192057756275815}"
broad,m1612_month_start_top3_no_gate_base_equal,1月20%+6月40%+12月40%｜月初 Top3｜无闸门｜纯动量｜equal,m1612,month_start,3,no_gate,base,equal,1.0,2021-07-10,2021-07-13,2026-07-10,0.4843199796866211,0.08234736874060244,-0.521589096744911,0.4212216320715864,0.9536542401533682,148,"{""2021"": 0.01413307343820458, ""2022"": -0.30110998742832795, ""2023"": -0.12666430691178332, ""2024"": 0.09748745841704998, ""2025"": 0.4101292162024053, ""2026"": 0.6236872580835919}"
broad,m1612_month_start_top3_majority_below_ma100_base_equal,1月20%+6月40%+12月40%｜月初 Top3｜2/3指数低于MA100空仓｜纯动量｜equal,m1612,month_start,3,majority_below_ma100,base,equal,1.0,2021-07-10,2021-07-13,2026-07-10,0.7173733163253861,0.11443998146039025,-0.18620956230624652,0.626346097658452,0.3369564520668861,97,"{""2021"": 0.018029067998895698, ""2022"": 0.03404227186848585, ""2023"": -0.0031140958846381794, ""2024"": -0.04584107898869694, ""2025"": 0.15627037838588698, ""2026"": 0.5174168455507342}"
broad,m1612_month_start_top3_majority_below_ma120_base_equal,1月20%+6月40%+12月40%｜月初 Top3｜2/3指数低于MA120空仓｜纯动量｜equal,m1612,month_start,3,majority_below_ma120,base,equal,1.0,2021-07-10,2021-07-13,2026-07-10,0.9400181511690062,0.14199388204681052,-0.1680752033463888,0.7177164246857133,0.3733200884305225,112,"{""2021"": 0.05740043462529232, ""2022"": 0.04097088573946994, ""2023"": -0.025286127204480313, ""2024"": -0.05261553662763685, ""2025"": 0.28671881455529613, ""2026"": 0.5174168455507338}"
broad,m1612_month_start_top3_majority_below_ma150_base_equal,1月20%+6月40%+12月40%｜月初 Top3｜2/3指数低于MA150空仓｜纯动量｜equal,m1612,month_start,3,majority_below_ma150,base,equal,1.0,2021-07-10,2021-07-13,2026-07-10,0.3732692200952352,0.0656148271305268,-0.23981940717647976,0.3979114504464361,0.3559542066294731,98,"{""2021"": 0.05723494306086674, ""2022"": 0.0, ""2023"": -0.04916285912148466, ""2024"": -0.0724718928718372, ""2025"": 0.15872545548892436, ""2026"": 0.300273301643045}"
broad,m1612_month_start_top3_majority_below_ma200_base_equal,1月20%+6月40%+12月40%｜月初 Top3｜2/3指数低于MA200空仓｜纯动量｜equal,m1612,month_start,3,majority_below_ma200,base,equal,1.0,2021-07-10,2021-07-13,2026-07-10,0.2854087777102279,0.05159165598968163,-0.3130516013226001,0.3408091826691828,0.37644411664401145,111,"{""2021"": 0.05692927587911578, ""2022"": 0.0, ""2023"": -0.07928355633358863, ""2024"": -0.09659459160708261, ""2025"": 0.16889406812140217, ""2026"": 0.2796046969991004}"
broad,m1612_month_start_3_top1_no_gate_base_equal,1月20%+6月40%+12月40%｜月初第3日 Top1｜无闸门｜纯动量｜equal,m1612,month_start_3,1,no_gate,base,equal,1.0,2021-07-10,2021-07-13,2026-07-10,1.4701937093668174,0.19863300632773973,-0.35915296005202024,0.6831429850104815,0.9702479338842975,31,"{""2021"": -0.03883801705083656, ""2022"": -0.030790282819528003, ""2023"": 0.15581806611192794, ""2024"": 0.03413731237703277, ""2025"": 0.7977454030950439, ""2026"": 0.2758546803585138}"
broad,m1612_month_start_3_top1_majority_below_ma100_base_equal,1月20%+6月40%+12月40%｜月初第3日 Top1｜2/3指数低于MA100空仓｜纯动量｜equal,m1612,month_start_3,1,majority_below_ma100,base,equal,1.0,2021-07-10,2021-07-13,2026-07-10,1.1758573290503893,0.16854775909719022,-0.23097981398079737,0.7276610028520722,0.3330578512396694,29,"{""2021"": -0.03196161982949164, ""2022"": 0.11643032457840641, ""2023"": 0.07168874876626696, ""2024"": -0.04335496898709146, ""2025"": 0.6531716305960884, ""2026"": 0.21062169999915392}"
broad,m1612_month_start_3_top1_majority_below_ma120_base_equal,1月20%+6月40%+12月40%｜月初第3日 Top1｜2/3指数低于MA120空仓｜纯动量｜equal,m1612,month_start_3,1,majority_below_ma120,base,equal,1.0,2021-07-10,2021-07-13,2026-07-10,1.2125323688352103,0.1724677310123055,-0.21819228554979853,0.7353711562046636,0.34710743801652894,31,"{""2021"": -0.02975364698452776, ""2022"": 0.06603804019574433, ""2023"": 0.07479004879199769, ""2024"": -0.03416371450162414, ""2025"": 0.7347583168148408, ""2026"": 0.2106216999991537}"
broad,m1612_month_start_3_top1_majority_below_ma150_base_equal,1月20%+6月40%+12月40%｜月初第3日 Top1｜2/3指数低于MA150空仓｜纯动量｜equal,m1612,month_start_3,1,majority_below_ma150,base,equal,1.0,2021-07-10,2021-07-13,2026-07-10,0.3916431188527256,0.0684562673814042,-0.2616474574060451,0.38092277449776324,0.33801652892561984,25,"{""2021"": -0.02975364698452776, ""2022"": -0.04828890363807947, ""2023"": 0.08345889972193277, ""2024"": -0.05100956007500945, ""2025"": 0.5877449001356172, ""2026"": -0.05913915719746843}"
broad,m1612_month_start_3_top1_majority_below_ma200_base_equal,1月20%+6月40%+12月40%｜月初第3日 Top1｜2/3指数低于MA200空仓｜纯动量｜equal,m1612,month_start_3,1,majority_below_ma200,base,equal,1.0,2021-07-10,2021-07-13,2026-07-10,0.2626243729905391,0.04783027773532189,-0.2802037714793515,0.31166684366268216,0.3528925619834711,29,"{""2021"": -0.0543514733828534, ""2022"": 0.0, ""2023"": 0.03845502347786667, ""2024"": -0.09231693065300584, ""2025"": 0.5104936092780226, ""2026"": -0.04425227157539657}"
broad,m1612_month_start_3_top2_no_gate_base_equal,1月20%+6月40%+12月40%｜月初第3日 Top2｜无闸门｜纯动量｜equal,m1612,month_start_3,2,no_gate,base,equal,1.0,2021-07-10,2021-07-13,2026-07-10,1.035583745184573,0.15304925489639665,-0.4141722487420977,0.6126217783345536,0.9698324601496879,108,"{""2021"": -0.07023136581334777, ""2022"": -0.21497390712125708, ""2023"": -0.003458731319150976, ""2024"": 0.10490728718673537, ""2025"": 0.49917019123129824, ""2026"": 0.720768056419939}"
broad,m1612_month_start_3_top2_majority_below_ma100_base_equal,1月20%+6月40%+12月40%｜月初第3日 Top2｜2/3指数低于MA100空仓｜纯动量｜equal,m1612,month_start_3,2,majority_below_ma100,base,equal,1.0,2021-07-10,2021-07-13,2026-07-10,1.4482323180263972,0.19649027408203668,-0.16922832442831937,0.923401327800088,0.3330578512396694,62,"{""2021"": 0.014316900084402784, ""2022"": 0.06887186131827261, ""2023"": -0.03885954754795784, ""2024"": 0.041891386355526805, ""2025"": 0.4534538743770298, ""2026"": 0.5757495666325458}"
broad,m1612_month_start_3_top2_majority_below_ma120_base_equal,1月20%+6月40%+12月40%｜月初第3日 Top2｜2/3指数低于MA120空仓｜纯动量｜equal,m1612,month_start_3,2,majority_below_ma120,base,equal,1.0,2021-07-10,2021-07-13,2026-07-10,1.6969278759609985,0.2199091678383993,-0.16922832442831925,0.9936317605282817,0.34710743801652894,65,"{""2021"": 0.06812639480961713, ""2022"": 0.061367994249649005, ""2023"": -0.02671362446856118, ""2024"": 0.04439384984897421, ""2025"": 0.5084571746188953, ""2026"": 0.5757495666325461}"
broad,m1612_month_start_3_top2_majority_below_ma150_base_equal,1月20%+6月40%+12月40%｜月初第3日 Top2｜2/3指数低于MA150空仓｜纯动量｜equal,m1612,month_start_3,2,majority_below_ma150,base,equal,1.0,2021-07-10,2021-07-13,2026-07-10,0.8761335436619089,0.1343581176052535,-0.20316842075204034,0.6557677322960644,0.33801006420050206,58,"{""2021"": 0.06812639480961713, ""2022"": -0.024022790706902386, ""2023"": -0.042277833697101364, ""2024"": 0.04406639320020456, ""2025"": 0.3353667924616204, ""2026"": 0.3689186175819976}"
broad,m1612_month_start_3_top2_majority_below_ma200_base_equal,1月20%+6月40%+12月40%｜月初第3日 Top2｜2/3指数低于MA200空仓｜纯动量｜equal,m1612,month_start_3,2,majority_below_ma200,base,equal,1.0,2021-07-10,2021-07-13,2026-07-10,0.7343106696532731,0.11663346959660026,-0.24196834351765373,0.5945813347158658,0.3527671630803055,61,"{""2021"": 0.054941665055877165, ""2022"": 0.0, ""2023"": -0.04564355724014357, ""2024"": -0.005211194912008943, ""2025"": 0.2824019146441128, ""2026"": 0.3714413108093193}"
broad,m1612_month_start_3_top3_no_gate_base_equal,1月20%+6月40%+12月40%｜月初第3日 Top3｜无闸门｜纯动量｜equal,m1612,month_start_3,3,no_gate,base,equal,1.0,2021-07-10,2021-07-13,2026-07-10,0.8451515604441784,0.13057991031807492,-0.43514615307249016,0.5693963870791499,0.9691266648186982,132,"{""2021"": -0.07991822966084694, ""2022"": -0.2835550053341852, ""2023"": 0.021095359035966377, ""2024"": 0.1617218389777224, ""2025"": 0.47204628774907165, ""2026"": 0.6407611515400402}"
broad,m1612_month_start_3_top3_majority_below_ma100_base_equal,1月20%+6月40%+12月40%｜月初第3日 Top3｜2/3指数低于MA100空仓｜纯动量｜equal,m1612,month_start_3,3,majority_below_ma100,base,equal,1.0,2021-07-10,2021-07-13,2026-07-10,0.9914633031806837,0.1479980041755642,-0.17212276385020842,0.7817651386457338,0.33277404985416853,96,"{""2021"": -0.023772454588025793, ""2022"": 0.022871133451917602, ""2023"": -0.009756994354339188, ""2024"": 0.02799380216031455, ""2025"": 0.32277737215159896, ""2026"": 0.5077570118851393}"
broad,m1612_month_start_3_top3_majority_below_ma120_base_equal,1月20%+6月40%+12月40%｜月初第3日 Top3｜2/3指数低于MA120空仓｜纯动量｜equal,m1612,month_start_3,3,majority_below_ma120,base,equal,1.0,2021-07-10,2021-07-13,2026-07-10,1.1692383882382256,0.16783468122218914,-0.1625341898266337,0.8540996942518045,0.3468052636694826,99,"{""2021"": -0.004033331465730372, ""2022"": 0.025241498223248948, ""2023"": 0.004239685349439526, ""2024"": 0.040592678974208374, ""2025"": 0.37257746257095414, ""2026"": 0.5077570118851396}"
broad,m1612_month_start_3_top3_majority_below_ma150_base_equal,1月20%+6月40%+12月40%｜月初第3日 Top3｜2/3指数低于MA150空仓｜纯动量｜equal,m1612,month_start_3,3,majority_below_ma150,base,equal,1.0,2021-07-10,2021-07-13,2026-07-10,0.5284529479991675,0.08871977372226958,-0.18721711176187517,0.5031903510216208,0.3377143545785735,85,"{""2021"": -0.004033331465730372, ""2022"": -0.02349266321643617, ""2023"": 0.005458796330886528, ""2024"": 0.01289853297191712, ""2025"": 0.22032340270013662, ""2026"": 0.2872907979440613}"
broad,m1612_month_start_3_top3_majority_below_ma200_base_equal,1月20%+6月40%+12月40%｜月初第3日 Top3｜2/3指数低于MA200空仓｜纯动量｜equal,m1612,month_start_3,3,majority_below_ma200,base,equal,1.0,2021-07-10,2021-07-13,2026-07-10,0.479007388917029,0.0815700995980535,-0.20936594756718752,0.477350290228142,0.35240602726701065,92,"{""2021"": -0.012531149614461112, ""2022"": 0.0, ""2023"": -0.014943347892083403, ""2024"": -0.012596986072142435, ""2025"": 0.21457314603947086, ""2026"": 0.29067730457741203}"
broad,m1612_mid_month_top1_no_gate_base_equal,1月20%+6月40%+12月40%｜月中 Top1｜无闸门｜纯动量｜equal,m1612,mid_month,1,no_gate,base,equal,1.0,2021-07-10,2021-07-13,2026-07-10,0.685217419382433,0.11022755824717345,-0.4227024617944325,0.48241828792573177,0.9694214876033058,35,"{""2021"": -0.03883801705083656, ""2022"": 0.12462147043607263, ""2023"": -0.04126735363942191, ""2024"": 0.2951188577536761, ""2025"": 0.045967080730339394, ""2026"": 0.24110419198667987}"
broad,m1612_mid_month_top1_majority_below_ma100_base_equal,1月20%+6月40%+12月40%｜月中 Top1｜2/3指数低于MA100空仓｜纯动量｜equal,m1612,mid_month,1,majority_below_ma100,base,equal,1.0,2021-07-10,2021-07-13,2026-07-10,0.5282212407259113,0.0886867037687844,-0.327244907612219,0.493988900117218,0.32892561983471075,35,"{""2021"": -0.10929232610010575, ""2022"": 0.17816840704357184, ""2023"": 0.041485155344537894, ""2024"": 0.12989803559407953, ""2025"": 0.04112258546186287, ""2026"": 0.21140436429387766}"
broad,m1612_mid_month_top1_majority_below_ma120_base_equal,1月20%+6月40%+12月40%｜月中 Top1｜2/3指数低于MA120空仓｜纯动量｜equal,m1612,mid_month,1,majority_below_ma120,base,equal,1.0,2021-07-10,2021-07-13,2026-07-10,0.4904200152931135,0.08323710774048676,-0.24360651672582256,0.46706034812743547,0.3347107438016529,35,"{""2021"": -0.10726073479437126, ""2022"": 0.07385356834967238, ""2023"": 0.07792620346716017, ""2024"": 0.11694791484228495, ""2025"": 0.170557232258, ""2026"": 0.12425297117921019}"
broad,m1612_mid_month_top1_majority_below_ma150_base_equal,1月20%+6月40%+12月40%｜月中 Top1｜2/3指数低于MA150空仓｜纯动量｜equal,m1612,mid_month,1,majority_below_ma150,base,equal,1.0,2021-07-10,2021-07-13,2026-07-10,0.060173276199018355,0.011776105672372639,-0.3625196556596625,0.1751350644809556,0.3371900826446281,33,"{""2021"": -0.10991335798905022, ""2022"": 0.0319215959606054, ""2023"": 0.03659788839913469, ""2024"": 0.08498966979935507, ""2025"": -0.013466874066897505, ""2026"": 0.06020524149415629}"
broad,m1612_mid_month_top1_majority_below_ma200_base_equal,1月20%+6月40%+12月40%｜月中 Top1｜2/3指数低于MA200空仓｜纯动量｜equal,m1612,mid_month,1,majority_below_ma200,base,equal,1.0,2021-07-10,2021-07-13,2026-07-10,-0.03894989562629225,-0.007928315997524416,-0.44003037240182785,0.09123394307868232,0.371900826446281,31,"{""2021"": -0.07314890973207622, ""2022"": 0.0, ""2023"": 0.06338720927664276, ""2024"": 0.07123410433516608, ""2025"": -0.13341863471308846, ""2026"": 0.0705096120918316}"
broad,m1612_mid_month_top2_no_gate_base_equal,1月20%+6月40%+12月40%｜月中 Top2｜无闸门｜纯动量｜equal,m1612,mid_month,2,no_gate,base,equal,1.0,2021-07-10,2021-07-13,2026-07-10,1.436682843669249,0.19535723989251452,-0.4129697143311598,0.7272294454118265,0.9692673575034658,104,"{""2021"": -0.03434623505919965, ""2022"": -0.017937645656474155, ""2023"": -0.011521292155449947, ""2024"": 0.2857359573877014, ""2025"": 0.3084080125719664, ""2026"": 0.6001673707306578}"
broad,m1612_mid_month_top2_majority_below_ma100_base_equal,1月20%+6月40%+12月40%｜月中 Top2｜2/3指数低于MA100空仓｜纯动量｜equal,m1612,mid_month,2,majority_below_ma100,base,equal,1.0,2021-07-10,2021-07-13,2026-07-10,0.7994043374786892,0.12490726105468397,-0.2793376705009304,0.6763522677534342,0.32892561983471075,79,"{""2021"": -0.05199354898751096, ""2022"": 0.08660973029010788, ""2023"": 0.027265154866216612, ""2024"": 0.10928582417576793, ""2025"": 0.040126245639352964, ""2026"": 0.506449325863322}"
broad,m1612_mid_month_top2_majority_below_ma120_base_equal,1月20%+6月40%+12月40%｜月中 Top2｜2/3指数低于MA120空仓｜纯动量｜equal,m1612,mid_month,2,majority_below_ma120,base,equal,1.0,2021-07-10,2021-07-13,2026-07-10,1.0634920903117648,0.15619938743112138,-0.21079296237222644,0.792772262348291,0.3347107438016529,81,"{""2021"": -0.004164493763387456, ""2022"": 0.05572772309052887, ""2023"": 0.05507081516386325, ""2024"": 0.08853460569233107, ""2025"": 0.17109896877953124, ""2026"": 0.49165555082002554}"
broad,m1612_mid_month_top2_majority_below_ma150_base_equal,1月20%+6月40%+12月40%｜月中 Top2｜2/3指数低于MA150空仓｜纯动量｜equal,m1612,mid_month,2,majority_below_ma150,base,equal,1.0,2021-07-10,2021-07-13,2026-07-10,0.5259863217901233,0.08836752344998522,-0.2935622782032947,0.490296681800578,0.3371900826446281,73,"{""2021"": -0.010648374815584116, ""2022"": 0.03811892729336108, ""2023"": 0.03523026541139429, ""2024"": 0.06371192026766215, ""2025"": 0.019595981742477564, ""2026"": 0.352653249841979}"
broad,m1612_mid_month_top2_majority_below_ma200_base_equal,1月20%+6月40%+12月40%｜月中 Top2｜2/3指数低于MA200空仓｜纯动量｜equal,m1612,mid_month,2,majority_below_ma200,base,equal,1.0,2021-07-10,2021-07-13,2026-07-10,0.4426861543160898,0.07619538737808607,-0.32541780878251914,0.44714650614131696,0.371900826446281,70,"{""2021"": 0.021174946778322212, ""2022"": 0.0, ""2023"": 0.040196697786911706, ""2024"": 0.04886132183231906, ""2025"": -0.02638085382661559, ""2026"": 0.3594767586910641}"
broad,m1612_mid_month_top3_no_gate_base_equal,1月20%+6月40%+12月40%｜月中 Top3｜无闸门｜纯动量｜equal,m1612,mid_month,3,no_gate,base,equal,1.0,2021-07-10,2021-07-13,2026-07-10,1.1858139238943197,0.16961715206758954,-0.3144681133421131,0.6831132261912416,0.9683768035832555,167,"{""2021"": -0.1541796004702397, ""2022"": -0.08249384898041201, ""2023"": 0.11155863048395465, ""2024"": 0.26883066132108313, ""2025"": 0.2792311464021362, ""2026"": 0.6044515002273694}"
broad,m1612_mid_month_top3_majority_below_ma100_base_equal,1月20%+6月40%+12月40%｜月中 Top3｜2/3指数低于MA100空仓｜纯动量｜equal,m1612,mid_month,3,majority_below_ma100,base,equal,1.0,2021-07-10,2021-07-13,2026-07-10,0.6437003489995468,0.10469269496359423,-0.2669108008462877,0.5999780242740385,0.32836431946642985,124,"{""2021"": -0.0946790934313092, ""2022"": 0.021051715953951167, ""2023"": -0.0044715588943522455, ""2024"": 0.09814352791873437, ""2025"": 0.07170758345732064, ""2026"": 0.5531332230965327}"
broad,m1612_mid_month_top3_majority_below_ma120_base_equal,1月20%+6月40%+12月40%｜月中 Top3｜2/3指数低于MA120空仓｜纯动量｜equal,m1612,mid_month,3,majority_below_ma120,base,equal,1.0,2021-07-10,2021-07-13,2026-07-10,0.8885269067325818,0.13585550836596427,-0.20459863817650392,0.7267471924155078,0.33417377244791613,120,"{""2021"": -0.0785734774732918, ""2022"": 0.018835378637678923, ""2023"": 0.014367477032483533, ""2024"": 0.09063995302919103, ""2025"": 0.21526523415862453, ""2026"": 0.5312147043240112}"
broad,m1612_mid_month_top3_majority_below_ma150_base_equal,1月20%+6月40%+12月40%｜月中 Top3｜2/3指数低于MA150空仓｜纯动量｜equal,m1612,mid_month,3,majority_below_ma150,base,equal,1.0,2021-07-10,2021-07-13,2026-07-10,0.3960625691034174,0.06913523638468844,-0.28112376212048507,0.4209229925398222,0.33664832330022715,112,"{""2021"": -0.09863250656367928, ""2022"": 0.01993268125694403, ""2023"": -0.008091136155809364, ""2024"": 0.05313924731249853, ""2025"": 0.050929568451061114, ""2026"": 0.4155517027445268}"
broad,m1612_mid_month_top3_majority_below_ma200_base_equal,1月20%+6月40%+12月40%｜月中 Top3｜2/3指数低于MA200空仓｜纯动量｜equal,m1612,mid_month,3,majority_below_ma200,base,equal,1.0,2021-07-10,2021-07-13,2026-07-10,0.39742218557449793,0.06934377125770186,-0.30809919009425724,0.4247720140552326,0.3712896840101681,107,"{""2021"": -0.05620049026148066, ""2022"": 0.0, ""2023"": 0.00806047210460381, ""2024"": 0.04588901066070172, ""2025"": 0.011494025327697388, ""2026"": 0.4208159139240266}"
broad,m6_month_start_top1_no_gate_base_equal,6月100%｜月初 Top1｜无闸门｜纯动量｜equal,m6,month_start,1,no_gate,base,equal,1.0,2021-07-10,2021-07-13,2026-07-10,1.3809481237683183,0.18982836672249737,-0.36113275206821216,0.6630627128189819,0.9867768595041322,59,"{""2021"": -0.03883801705083656, ""2022"": -0.2208298543413434, ""2023"": 0.19033706521668203, ""2024"": 0.30959395450445704, ""2025"": 0.695909047633275, ""2026"": 0.23291117366862424}"
broad,m6_month_start_top1_majority_below_ma100_base_equal,6月100%｜月初 Top1｜2/3指数低于MA100空仓｜纯动量｜equal,m6,month_start,1,majority_below_ma100,base,equal,1.0,2021-07-10,2021-07-13,2026-07-10,0.9391389770308973,0.14189017335678145,-0.25868389285845694,0.645710845992989,0.3413223140495868,33,"{""2021"": -0.03653078235722229, ""2022"": 0.1393161511963239, ""2023"": 0.21985556871608658, ""2024"": -0.11380259737331533, ""2025"": 0.4361115965725182, ""2026"": 0.17087196702132101}"
broad,m6_month_start_top1_majority_below_ma120_base_equal,6月100%｜月初 Top1｜2/3指数低于MA120空仓｜纯动量｜equal,m6,month_start,1,majority_below_ma120,base,equal,1.0,2021-07-10,2021-07-13,2026-07-10,1.0167453176647268,0.15090330274025998,-0.2811545401008293,0.6609654096061723,0.3752066115702479,37,"{""2021"": -0.03433323119283682, ""2022"": 0.08392046526206687, ""2023"": 0.18461827665522978, ""2024"": -0.09864395759154332, ""2025"": 0.5858123235408956, ""2026"": 0.1708719670213208}"
broad,m6_month_start_top1_majority_below_ma150_base_equal,6月100%｜月初 Top1｜2/3指数低于MA150空仓｜纯动量｜equal,m6,month_start,1,majority_below_ma150,base,equal,1.0,2021-07-10,2021-07-13,2026-07-10,0.21328563625811325,0.039495344625891216,-0.36846451358935184,0.2834044584889334,0.35619834710743803,31,"{""2021"": -0.029527512495611474, ""2022"": 0.0, ""2023"": 0.15409410678258806, ""2024"": -0.14645197536482513, ""2025"": 0.43513891339269506, ""2026"": -0.09003152206316167}"
broad,m6_month_start_top1_majority_below_ma200_base_equal,6月100%｜月初 Top1｜2/3指数低于MA200空仓｜纯动量｜equal,m6,month_start,1,majority_below_ma200,base,equal,1.0,2021-07-10,2021-07-13,2026-07-10,0.0900567753668906,0.017426807561313096,-0.3618878835322644,0.20585005845542212,0.3768595041322314,37,"{""2021"": -0.05214265930608353, ""2022"": 0.0, ""2023"": 0.07335539254380707, ""2024"": -0.13823088775999148, ""2025"": 0.4506924231616056, ""2026"": -0.11812714068784458}"
broad,m6_month_start_top2_no_gate_base_equal,6月100%｜月初 Top2｜无闸门｜纯动量｜equal,m6,month_start,2,no_gate,base,equal,1.0,2021-07-10,2021-07-13,2026-07-10,0.6912428530227213,0.11102175474680731,-0.4731029590932222,0.5011810808433063,0.9858066776325453,121,"{""2021"": -0.15799663727587454, ""2022"": -0.26734355006218236, ""2023"": -0.004163742983653296, ""2024"": 0.1045984679386287, ""2025"": 0.5609568278328492, ""2026"": 0.6678278938469366}"
broad,m6_month_start_top2_majority_below_ma100_base_equal,6月100%｜月初 Top2｜2/3指数低于MA100空仓｜纯动量｜equal,m6,month_start,2,majority_below_ma100,base,equal,1.0,2021-07-10,2021-07-13,2026-07-10,1.2543568897296171,0.1768751865506768,-0.16055211764336974,0.8693453001085814,0.3413202769728379,65,"{""2021"": 0.0006002447574271486, ""2022"": 0.05870973333169727, ""2023"": 0.05519496290866566, ""2024"": -0.04602743520479613, ""2025"": 0.33128955399732507, ""2026"": 0.6129332121017026}"
broad,m6_month_start_top2_majority_below_ma120_base_equal,6月100%｜月初 Top2｜2/3指数低于MA120空仓｜纯动量｜equal,m6,month_start,2,majority_below_ma120,base,equal,1.0,2021-07-10,2021-07-13,2026-07-10,1.282199074514939,0.17977306786539504,-0.19004377857240218,0.8466183486025427,0.3750153324995846,73,"{""2021"": -0.05077440924554044, ""2022"": 0.034278242877059384, ""2023"": 0.045709761621604006, ""2024"": -0.05067684084863655, ""2025"": 0.47461082762792683, ""2026"": 0.6129332121017019}"
broad,m6_month_start_top2_majority_below_ma150_base_equal,6月100%｜月初 Top2｜2/3指数低于MA150空仓｜纯动量｜equal,m6,month_start,2,majority_below_ma150,base,equal,1.0,2021-07-10,2021-07-13,2026-07-10,0.521830836057992,0.08777306206515045,-0.2607922299663541,0.4811671954142194,0.3560070680367747,62,"{""2021"": -0.04642560223014336, ""2022"": 0.0, ""2023"": -0.011877868221768617, ""2024"": -0.07229123063476939, ""2025"": 0.3014711795608733, ""2026"": 0.35871164238561004}"
broad,m6_month_start_top2_majority_below_ma200_base_equal,6月100%｜月初 Top2｜2/3指数低于MA200空仓｜纯动量｜equal,m6,month_start,2,majority_below_ma200,base,equal,1.0,2021-07-10,2021-07-13,2026-07-10,0.4372801954557475,0.07538620356173609,-0.31725148475522413,0.43347298539513857,0.37666822506156805,70,"{""2021"": -0.056968039065371845, ""2022"": 0.0, ""2023"": -0.032180505081622846, ""2024"": -0.09048926764520049, ""2025"": 0.34747778415177555, ""2026"": 0.30515942775901617}"
broad,m6_month_start_top3_no_gate_base_equal,6月100%｜月初 Top3｜无闸门｜纯动量｜equal,m6,month_start,3,no_gate,base,equal,1.0,2021-07-10,2021-07-13,2026-07-10,0.5974155476182392,0.09838883859511727,-0.4314189885316029,0.474346390545994,0.9852183141535369,172,"{""2021"": -0.05650655978855845, ""2022"": -0.322282402337118, ""2023"": 0.027415485059837374, ""2024"": 0.17516497807335862, ""2025"": 0.3496928537550559, ""2026"": 0.5852334152787211}"
broad,m6_month_start_top3_majority_below_ma100_base_equal,6月100%｜月初 Top3｜2/3指数低于MA100空仓｜纯动量｜equal,m6,month_start,3,majority_below_ma100,base,equal,1.0,2021-07-10,2021-07-13,2026-07-10,0.6878926860773467,0.11058045789501203,-0.19434040324101187,0.6192683742335737,0.3412491925579088,109,"{""2021"": -0.011825697972372207, ""2022"": 0.04001584595473773, ""2023"": 0.0489889841301514, ""2024"": -0.08543238953427901, ""2025"": 0.15205567811052934, ""2026"": 0.5144458395662166}"
broad,m6_month_start_top3_majority_below_ma120_base_equal,6月100%｜月初 Top3｜2/3指数低于MA120空仓｜纯动量｜equal,m6,month_start,3,majority_below_ma120,base,equal,1.0,2021-07-10,2021-07-13,2026-07-10,0.8115996975547333,0.1264306558959727,-0.21069070617351293,0.6645794211445685,0.3746962072092328,119,"{""2021"": -0.043705946666935946, ""2022"": 0.034593195890928685, ""2023"": 0.05687646388475098, ""2024"": -0.09096259464040524, ""2025"": 0.2825788664679616, ""2026"": 0.5144458395662164}"
broad,m6_month_start_top3_majority_below_ma150_base_equal,6月100%｜月初 Top3｜2/3指数低于MA150空仓｜纯动量｜equal,m6,month_start,3,majority_below_ma150,base,equal,1.0,2021-07-10,2021-07-13,2026-07-10,0.3074772816868414,0.05518436007889327,-0.2610531815731506,0.35720532983496595,0.3556436243755863,99,"{""2021"": -0.04295773093510469, ""2022"": 0.0, ""2023"": 0.010791324365851729, ""2024"": -0.0960941002223632, ""2025"": 0.13901926238842433, ""2026"": 0.3379191711293765}"
broad,m6_month_start_top3_majority_below_ma200_base_equal,6月100%｜月初 Top3｜2/3指数低于MA200空仓｜纯动量｜equal,m6,month_start,3,majority_below_ma200,base,equal,1.0,2021-07-10,2021-07-13,2026-07-10,0.28710668386993254,0.05186981547125513,-0.2898471286935692,0.3445419174139211,0.3763047814003797,113,"{""2021"": -0.04373383989910473, ""2022"": 0.0, ""2023"": -0.01965898178033154, ""2024"": -0.09659459160708272, ""2025"": 0.18377637982248785, ""2026"": 0.3084251029418581}"
broad,m6_month_start_3_top1_no_gate_base_equal,6月100%｜月初第3日 Top1｜无闸门｜纯动量｜equal,m6,month_start_3,1,no_gate,base,equal,1.0,2021-07-10,2021-07-13,2026-07-10,1.0208433119720386,0.15137147980851884,-0.39341233406645393,0.5691110542633955,1.0,55,"{""2021"": -0.03883801705083656, ""2022"": -0.24954961653752783, ""2023"": 0.2886028367611517, ""2024"": 0.14557012579702144, ""2025"": 0.6980553700289616, ""2026"": 0.11155697842977319}"
broad,m6_month_start_3_top1_majority_below_ma100_base_equal,6月100%｜月初第3日 Top1｜2/3指数低于MA100空仓｜纯动量｜equal,m6,month_start_3,1,majority_below_ma100,base,equal,1.0,2021-07-10,2021-07-13,2026-07-10,1.1412697900399351,0.16480219546643005,-0.20939585514112746,0.7060774052704595,0.34710743801652894,37,"{""2021"": -0.03196161982949164, ""2022"": 0.11643032457840641, ""2023"": 0.08724478989772999, ""2024"": -0.040265229971828576, ""2025"": 0.5992394172606756, ""2026"": 0.21062169999915392}"
broad,m6_month_start_3_top1_majority_below_ma120_base_equal,6月100%｜月初第3日 Top1｜2/3指数低于MA120空仓｜纯动量｜equal,m6,month_start_3,1,majority_below_ma120,base,equal,1.0,2021-07-10,2021-07-13,2026-07-10,1.1329547463193435,0.16389453333012693,-0.20505256205528455,0.6993370039471889,0.3611570247933884,37,"{""2021"": -0.02975364698452776, ""2022"": 0.06603804019574433, ""2023"": 0.09039110667932015, ""2024"": -0.028469695902689218, ""2025"": 0.6395819490235854, ""2026"": 0.21062169999915392}"
broad,m6_month_start_3_top1_majority_below_ma150_base_equal,6月100%｜月初第3日 Top1｜2/3指数低于MA150空仓｜纯动量｜equal,m6,month_start_3,1,majority_below_ma150,base,equal,1.0,2021-07-10,2021-07-13,2026-07-10,0.28866354499101843,0.05212461049728834,-0.3087091763359301,0.3252303916746233,0.34710743801652894,33,"{""2021"": -0.02975364698452776, ""2022"": -0.04828890363807947, ""2023"": 0.07158614665961638, ""2024"": -0.05030403845197384, ""2025"": 0.48617047741909647, ""2026"": -0.05913915719746843}"
broad,m6_month_start_3_top1_majority_below_ma200_base_equal,6月100%｜月初第3日 Top1｜2/3指数低于MA200空仓｜纯动量｜equal,m6,month_start_3,1,majority_below_ma200,base,equal,1.0,2021-07-10,2021-07-13,2026-07-10,0.18882672896171626,0.03526253128739332,-0.3021606817398461,0.26787341008281296,0.36198347107438017,37,"{""2021"": -0.0543514733828534, ""2022"": 0.0, ""2023"": 0.027075431632491487, ""2024"": -0.06983913397569008, ""2025"": 0.4297317826565874, ""2026"": -0.06151540229424801}"
broad,m6_month_start_3_top2_no_gate_base_equal,6月100%｜月初第3日 Top2｜无闸门｜纯动量｜equal,m6,month_start_3,2,no_gate,base,equal,1.0,2021-07-10,2021-07-13,2026-07-10,0.6966418537906436,0.1117314631105284,-0.41907786966205995,0.5028558838703775,0.999350549741074,125,"{""2021"": -0.1375633236912005, ""2022"": -0.2950092621129765, ""2023"": 0.20378109705969027, ""2024"": 0.2602399947865648, ""2025"": 0.2888869953333846, ""2026"": 0.4416422349221778}"
broad,m6_month_start_3_top2_majority_below_ma100_base_equal,6月100%｜月初第3日 Top2｜2/3指数低于MA100空仓｜纯动量｜equal,m6,month_start_3,2,majority_below_ma100,base,equal,1.0,2021-07-10,2021-07-13,2026-07-10,0.8636541323583258,0.13284231666588098,-0.16963821496498288,0.6887259752105711,0.34708629981441536,76,"{""2021"": -0.06232292889147717, ""2022"": 0.0345943126121262, ""2023"": -0.048173943027838506, ""2024"": 0.037723009245318684, ""2025"": 0.2525751313980702, ""2026"": 0.5770430385593723}"
broad,m6_month_start_3_top2_majority_below_ma120_base_equal,6月100%｜月初第3日 Top2｜2/3指数低于MA120空仓｜纯动量｜equal,m6,month_start_3,2,majority_below_ma120,base,equal,1.0,2021-07-10,2021-07-13,2026-07-10,0.8548295087473403,0.13176553497370014,-0.19664770422215194,0.6781728066065612,0.3608425138396718,76,"{""2021"": -0.09683727955022281, ""2022"": 0.022696098510732288, ""2023"": -0.036145725878663826, ""2024"": 0.04130301232725797, ""2025"": 0.28855743030103764, ""2026"": 0.5770430385593719}"
broad,m6_month_start_3_top2_majority_below_ma150_base_equal,6月100%｜月初第3日 Top2｜2/3指数低于MA150空仓｜纯动量｜equal,m6,month_start_3,2,majority_below_ma150,base,equal,1.0,2021-07-10,2021-07-13,2026-07-10,0.2659655998793513,0.04838524489905982,-0.26919498707866185,0.3254395963529078,0.3467615691795618,69,"{""2021"": -0.09683727955022281, ""2022"": -0.03490447929354712, ""2023"": -0.06230719057591372, ""2024"": 0.03180990921927074, ""2025"": 0.14817260909429764, ""2026"": 0.3278914445483381}"
broad,m6_month_start_3_top2_majority_below_ma200_base_equal,6月100%｜月初第3日 Top2｜2/3指数低于MA200空仓｜纯动量｜equal,m6,month_start_3,2,majority_below_ma200,base,equal,1.0,2021-07-10,2021-07-13,2026-07-10,0.1688295610023387,0.03174980247318193,-0.2982339961641144,0.25568389804255415,0.3616354678407444,74,"{""2021"": -0.10869637331231485, ""2022"": 0.0, ""2023"": -0.06560252493890939, ""2024"": -0.005211194912008943, ""2025"": 0.09606701577432908, ""2026"": 0.3072850430258045}"
broad,m6_month_start_3_top3_no_gate_base_equal,6月100%｜月初第3日 Top3｜无闸门｜纯动量｜equal,m6,month_start_3,3,no_gate,base,equal,1.0,2021-07-10,2021-07-13,2026-07-10,0.7158338422200197,0.114239754005526,-0.45184409211918997,0.5245741816870049,0.9992632623997499,171,"{""2021"": -0.14182110429888284, ""2022"": -0.3333097952008677, ""2023"": 0.2476767618107334, ""2024"": 0.21754264476160867, ""2025"": 0.36538793902349354, ""2026"": 0.45245106186893436}"
broad,m6_month_start_3_top3_majority_below_ma100_base_equal,6月100%｜月初第3日 Top3｜2/3指数低于MA100空仓｜纯动量｜equal,m6,month_start_3,3,majority_below_ma100,base,equal,1.0,2021-07-10,2021-07-13,2026-07-10,0.8713775538749948,0.13378138895203961,-0.16551580572863944,0.7253286892152587,0.34677684046095336,108,"{""2021"": -0.04835392081488943, ""2022"": 0.021426103764077276, ""2023"": -0.04785174069088105, ""2024"": 0.03277939587861822, ""2025"": 0.32670201959219036, ""2026"": 0.4986493708636004}"
broad,m6_month_start_3_top3_majority_below_ma120_base_equal,6月100%｜月初第3日 Top3｜2/3指数低于MA120空仓｜纯动量｜equal,m6,month_start_3,3,majority_below_ma120,base,equal,1.0,2021-07-10,2021-07-13,2026-07-10,0.9464612828562384,0.14275277867443936,-0.15465707057661704,0.7554990869288116,0.36071177729935705,112,"{""2021"": -0.08725218957271463, ""2022"": 0.024243306117510244, ""2023"": -0.017364296765194354, ""2024"": 0.0454369239271899, ""2025"": 0.3734346281452432, ""2026"": 0.49864937086360084}"
broad,m6_month_start_3_top3_majority_below_ma150_base_equal,6月100%｜月初第3日 Top3｜2/3指数低于MA150空仓｜纯动量｜equal,m6,month_start_3,3,majority_below_ma150,base,equal,1.0,2021-07-10,2021-07-13,2026-07-10,0.4117438192995284,0.07153059362753722,-0.22552253708153203,0.4326247379084348,0.34665230624703836,99,"{""2021"": -0.08725218957271463, ""2022"": -0.0231885454542734, ""2023"": -0.023781291055367304, ""2024"": 0.01761385406284477, ""2025"": 0.22598180235039855, ""2026"": 0.32034297232534836}"
broad,m6_month_start_3_top3_majority_below_ma200_base_equal,6月100%｜月初第3日 Top3｜2/3指数低于MA200空仓｜纯动量｜equal,m6,month_start_3,3,majority_below_ma200,base,equal,1.0,2021-07-10,2021-07-13,2026-07-10,0.2944705542930166,0.05307281640747741,-0.27814592943646455,0.3540597549791543,0.3615283393048896,106,"{""2021"": -0.0897787341759364, ""2022"": 0.0, ""2023"": -0.04353946994878166, ""2024"": -0.008000353630432278, ""2025"": 0.17190061502898213, ""2026"": 0.2989200292078773}"
broad,m6_mid_month_top1_no_gate_base_equal,6月100%｜月中 Top1｜无闸门｜纯动量｜equal,m6,mid_month,1,no_gate,base,equal,1.0,2021-07-10,2021-07-13,2026-07-10,1.9910715320471617,0.24547501104331415,-0.41139716110474134,0.8067294345193821,1.0,51,"{""2021"": -0.03883801705083656, ""2022"": 0.11574011290172392, ""2023"": 0.33806124721543407, ""2024"": 0.32871977500808836, ""2025"": 0.21204594505242058, ""2026"": 0.3575421563900454}"
broad,m6_mid_month_top1_majority_below_ma100_base_equal,6月100%｜月中 Top1｜2/3指数低于MA100空仓｜纯动量｜equal,m6,mid_month,1,majority_below_ma100,base,equal,1.0,2021-07-10,2021-07-13,2026-07-10,1.1440562898245425,0.1651057365740265,-0.3257050660871479,0.7621613150707242,0.3504132231404959,39,"{""2021"": -0.10929232610010575, ""2022"": 0.17816840704357184, ""2023"": 0.16239206692946384, ""2024"": 0.09641005693214022, ""2025"": 0.2356214693383647, ""2026"": 0.32227625022545103}"
broad,m6_mid_month_top1_majority_below_ma120_base_equal,6月100%｜月中 Top1｜2/3指数低于MA120空仓｜纯动量｜equal,m6,mid_month,1,majority_below_ma120,base,equal,1.0,2021-07-10,2021-07-13,2026-07-10,1.026902011564665,0.1520622694756797,-0.25236671730727633,0.7069212075989441,0.35619834710743803,37,"{""2021"": -0.10726073479437126, ""2022"": 0.07385356834967238, ""2023"": 0.20306358781572853, ""2024"": 0.06789408411384112, ""2025"": 0.366749288351794, ""2026"": 0.22714846243944753}"
broad,m6_mid_month_top1_majority_below_ma150_base_equal,6月100%｜月中 Top1｜2/3指数低于MA150空仓｜纯动量｜equal,m6,mid_month,1,majority_below_ma150,base,equal,1.0,2021-07-10,2021-07-13,2026-07-10,0.3182052875583645,0.056913366739182125,-0.3546094065846004,0.34819254015493273,0.3396694214876033,35,"{""2021"": -0.10991335798905022, ""2022"": 0.0319215959606054, ""2023"": -0.0002813622207830102, ""2024"": 0.07156884683873233, ""2025"": 0.1798393071566562, ""2026"": 0.15723886467043946}"
broad,m6_mid_month_top1_majority_below_ma200_base_equal,6月100%｜月中 Top1｜2/3指数低于MA200空仓｜纯动量｜equal,m6,mid_month,1,majority_below_ma200,base,equal,1.0,2021-07-10,2021-07-13,2026-07-10,0.16060884437355138,0.030291790285401854,-0.44794454460491573,0.24857861955239027,0.3743801652892562,35,"{""2021"": -0.07314890973207622, ""2022"": 0.0, ""2023"": 0.025554869624193177, ""2024"": 0.05523725132071089, ""2025"": 0.009213230949837392, ""2026"": 0.1684863266380785}"
broad,m6_mid_month_top2_no_gate_base_equal,6月100%｜月中 Top2｜无闸门｜纯动量｜equal,m6,mid_month,2,no_gate,base,equal,1.0,2021-07-10,2021-07-13,2026-07-10,0.5213558119011363,0.08770502503025646,-0.34688472360561007,0.43416911841556977,0.9989741128538386,131,"{""2021"": -0.17470910710346665, ""2022"": -0.05391868126901278, ""2023"": 0.14784387508148433, ""2024"": 0.28856282799218125, ""2025"": -0.030697073772629535, ""2026"": 0.4015064189196884}"
broad,m6_mid_month_top2_majority_below_ma100_base_equal,6月100%｜月中 Top2｜2/3指数低于MA100空仓｜纯动量｜equal,m6,mid_month,2,majority_below_ma100,base,equal,1.0,2021-07-10,2021-07-13,2026-07-10,0.4582037692858325,0.0785047285019127,-0.30214869283509505,0.4746255530585111,0.3501780191097794,90,"{""2021"": -0.16062350842497375, ""2022"": 0.08660973029010788, ""2023"": 0.06491645017744396, ""2024"": 0.11027373740644753, ""2025"": -0.025434707180503002, ""2026"": 0.40700870800606004}"
broad,m6_mid_month_top2_majority_below_ma120_base_equal,6月100%｜月中 Top2｜2/3指数低于MA120空仓｜纯动量｜equal,m6,mid_month,2,majority_below_ma120,base,equal,1.0,2021-07-10,2021-07-13,2026-07-10,0.6313126314594146,0.10301957806934103,-0.2144336872240964,0.5738332385929932,0.35596314307672156,88,"{""2021"": -0.1183200460834054, ""2022"": 0.05572772309052887, ""2023"": 0.09374124280157048, ""2024"": 0.10528189766892293, ""2025"": 0.09706130199834995, ""2026"": 0.3400508179574282}"
broad,m6_mid_month_top2_majority_below_ma150_base_equal,6月100%｜月中 Top2｜2/3指数低于MA150空仓｜纯动量｜equal,m6,mid_month,2,majority_below_ma150,base,equal,1.0,2021-07-10,2021-07-13,2026-07-10,0.15501786069041157,0.0292954579263891,-0.32973353838193364,0.24521569342347035,0.33943421745688684,81,"{""2021"": -0.13029335405088138, ""2022"": 0.03811892729336108, ""2023"": 0.011790440130213797, ""2024"": 0.07110745266677365, ""2025"": -0.06395757416050651, ""2026"": 0.27883690165059316}"
broad,m6_mid_month_top2_majority_below_ma200_base_equal,6月100%｜月中 Top2｜2/3指数低于MA200空仓｜纯动量｜equal,m6,mid_month,2,majority_below_ma200,base,equal,1.0,2021-07-10,2021-07-13,2026-07-10,0.04981919738155827,0.00978852349992776,-0.39088826728754833,0.1580215968789181,0.37414496125853974,81,"{""2021"": -0.10231851317341512, ""2022"": 0.0, ""2023"": 0.016644421864514314, ""2024"": 0.0668637216119754, ""2025"": -0.1493615501526503, ""2026"": 0.2853893774622138}"
broad,m6_mid_month_top3_no_gate_base_equal,6月100%｜月中 Top3｜无闸门｜纯动量｜equal,m6,mid_month,3,no_gate,base,equal,1.0,2021-07-10,2021-07-13,2026-07-10,0.6317425342498679,0.10307781172942754,-0.35407774143006787,0.494917795861207,0.9982472998103423,172,"{""2021"": -0.13454281197262574, ""2022"": -0.15915589303883648, ""2023"": 0.16539659066026702, ""2024"": 0.22987713234790408, ""2025"": 0.2557531189372644, ""2026"": 0.2553946401838496}"
broad,m6_mid_month_top3_majority_below_ma100_base_equal,6月100%｜月中 Top3｜2/3指数低于MA100空仓｜纯动量｜equal,m6,mid_month,3,majority_below_ma100,base,equal,1.0,2021-07-10,2021-07-13,2026-07-10,0.6492142545732253,0.10543417592899007,-0.2520232495980743,0.6224207636246982,0.3495935549475794,126,"{""2021"": -0.09201867356887783, ""2022"": 0.023228364982354588, ""2023"": 0.056850538168040865, ""2024"": 0.11202148359577002, ""2025"": 0.16921512647567338, ""2026"": 0.31580941241138083}"
broad,m6_mid_month_top3_majority_below_ma120_base_equal,6月100%｜月中 Top3｜2/3指数低于MA120空仓｜纯动量｜equal,m6,mid_month,3,majority_below_ma120,base,equal,1.0,2021-07-10,2021-07-13,2026-07-10,0.963603114269449,0.14476207254037088,-0.1727484133855799,0.7906617552659794,0.355180576025503,119,"{""2021"": -0.07586572886778098, ""2022"": 0.03452988408934754, ""2023"": 0.07685001225210719, ""2024"": 0.10442308113852827, ""2025"": 0.38488590320054406, ""2026"": 0.27015722130984754}"
broad,m6_mid_month_top3_majority_below_ma150_base_equal,6月100%｜月中 Top3｜2/3指数低于MA150空仓｜纯动量｜equal,m6,mid_month,3,majority_below_ma150,base,equal,1.0,2021-07-10,2021-07-13,2026-07-10,0.3537987356468033,0.06257043305980914,-0.23453893227200673,0.4015842318439896,0.3386516504056683,109,"{""2021"": -0.09875870217406313, ""2022"": 0.02834869742531554, ""2023"": -0.02759949547114582, ""2024"": 0.0664484545557893, ""2025"": 0.19654609402614098, ""2026"": 0.1990704816515687}"
broad,m6_mid_month_top3_majority_below_ma200_base_equal,6月100%｜月中 Top3｜2/3指数低于MA200空仓｜纯动量｜equal,m6,mid_month,3,majority_below_ma200,base,equal,1.0,2021-07-10,2021-07-13,2026-07-10,0.2825919657910887,0.051129543059054594,-0.29696629525870866,0.35134791069200805,0.3733623942073212,105,"{""2021"": -0.05633262655004079, ""2022"": 0.0, ""2023"": -0.01176554883162384, ""2024"": 0.05910659193676393, ""2025"": 0.09896148719067721, ""2026"": 0.20357737051371205}"
