stage,id,label,horizon,schedule,gate,factor,weighting,fee_mult,requested_start,total_return,cagr,max_drawdown,sharpe,avg_exposure,trades,yearly
coarse,m612_30_70_month_start_1_top2_majority_below_ma100_liq0_trend0_equal,6月30%+12月70%｜月初第1日 Top2｜2/3指数低于MA100空仓｜纯动量｜equal,m612_30_70,month_start_1,majority_below_ma100,liq0_trend0,equal,1.0,2021-07-10,0.7870362693219792,0.12335383644518916,-0.19871283703391196,0.6566396222480386,0.3370121779805996,63,"{""2021"": 0.007804951623372691, ""2022"": 0.08332749851530852, ""2023"": -0.011396088918868341, ""2024"": -0.026735304400436588, ""2025"": 0.11394890520573786, ""2026"": 0.5706465811793517}"
coarse,m612_30_70_month_start_1_top2_majority_below_ma110_liq0_trend0_equal,6月30%+12月70%｜月初第1日 Top2｜2/3指数低于MA110空仓｜纯动量｜equal,m612_30_70,month_start_1,majority_below_ma110,liq0_trend0,equal,1.0,2021-07-10,1.034866240316775,0.15296781288207684,-0.1987974085494768,0.7524371162191271,0.3699423448153597,73,"{""2021"": 0.04028044697307642, ""2022"": 0.08627788847728501, ""2023"": -0.07276072902501873, ""2024"": -0.0267353044004367, ""2025"": 0.30660151697604676, ""2026"": 0.570646581179352}"
coarse,m612_30_70_month_start_1_top2_majority_below_ma120_liq0_trend0_equal,6月30%+12月70%｜月初第1日 Top2｜2/3指数低于MA120空仓｜纯动量｜equal,m612_30_70,month_start_1,majority_below_ma120,liq0_trend0,equal,1.0,2021-07-10,0.9433000927793387,0.14238069306837575,-0.21354751567816255,0.7090256118989937,0.37324812993932666,73,"{""2021"": 0.059363918862817444, ""2022"": 0.0730131834273573, ""2023"": -0.05412071295823129, ""2024"": -0.044964875569787566, ""2025"": 0.23924173158528195, ""2026"": 0.5706465811793517}"
coarse,m612_30_70_month_start_1_top2_majority_below_ma130_liq0_trend0_equal,6月30%+12月70%｜月初第1日 Top2｜2/3指数低于MA130空仓｜纯动量｜equal,m612_30_70,month_start_1,majority_below_ma130,liq0_trend0,equal,1.0,2021-07-10,0.46106223793144796,0.0789279821508293,-0.27236869105814554,0.44862078082138274,0.3649836671294093,70,"{""2021"": 0.059363918862817444, ""2022"": -0.02327407763028444, ""2023"": -0.08817706050416285, ""2024"": -0.04965297278225034, ""2025"": 0.17188305891124678, ""2026"": 0.4301241524866102}"
coarse,m612_30_70_month_start_1_top2_majority_below_ma140_liq0_trend0_equal,6月30%+12月70%｜月初第1日 Top2｜2/3指数低于MA140空仓｜纯动量｜equal,m612_30_70,month_start_1,majority_below_ma140,liq0_trend0,equal,1.0,2021-07-10,0.39554058932527303,0.069055133173332,-0.29256514769506226,0.4072705799455483,0.36663655969139275,70,"{""2021"": 0.06273747431988586, ""2022"": -0.02327407763028455, ""2023"": -0.08817706050416274, ""2024"": -0.049652972782250226, ""2025"": 0.11577651050461646, ""2026"": 0.4301241524866102}"
coarse,m612_30_70_month_start_1_top2_majority_below_ma150_liq0_trend0_equal,6月30%+12月70%｜月初第1日 Top2｜2/3指数低于MA150空仓｜纯动量｜equal,m612_30_70,month_start_1,majority_below_ma150,liq0_trend0,equal,1.0,2021-07-10,0.36803070220876943,0.064799146888177,-0.2757608435574316,0.3908853662132361,0.3558927580385002,66,"{""2021"": 0.06273747431988586, ""2022"": 0.0, ""2023"": -0.08817706050416285, ""2024"": -0.049722417255940954, ""2025"": 0.11577651050461646, ""2026"": 0.3694039092012409}"
coarse,m612_30_70_month_start_2_top2_majority_below_ma100_liq0_trend0_equal,6月30%+12月70%｜月初第2日 Top2｜2/3指数低于MA100空仓｜纯动量｜equal,m612_30_70,month_start_2,majority_below_ma100,liq0_trend0,equal,1.0,2021-07-10,0.8239345771577151,0.1279631598770261,-0.18795410148842628,0.6751884402059446,0.3267498548450709,62,"{""2021"": 0.014316900084402784, ""2022"": 0.09330368706850845, ""2023"": -0.03089939649944473, ""2024"": -0.030754098161430266, ""2025"": 0.24708639975303193, ""2026"": 0.40730552266048536}"
coarse,m612_30_70_month_start_2_top2_majority_below_ma110_liq0_trend0_equal,6月30%+12月70%｜月初第2日 Top2｜2/3指数低于MA110空仓｜纯动量｜equal,m612_30_70,month_start_2,majority_below_ma110,liq0_trend0,equal,1.0,2021-07-10,0.9791479802894401,0.14657208584690906,-0.1975126511956632,0.7323442997796595,0.3523696895558147,68,"{""2021"": 0.04808011877986451, ""2022"": 0.09357934151464953, ""2023"": -0.10819271900564176, ""2024"": -0.030754098161429932, ""2025"": 0.42276475481556597, ""2026"": 0.4073055226604849}"
coarse,m612_30_70_month_start_2_top2_majority_below_ma120_liq0_trend0_equal,6月30%+12月70%｜月初第2日 Top2｜2/3指数低于MA120空仓｜纯动量｜equal,m612_30_70,month_start_2,majority_below_ma120,liq0_trend0,equal,1.0,2021-07-10,0.9550953051838165,0.14376658355327754,-0.18024346011384207,0.71794746637249,0.35567547467978167,74,"{""2021"": 0.06735104056215402, ""2022"": 0.08035034267957175, ""2023"": -0.07571043088075835, ""2024"": -0.02505094601182689, ""2025"": 0.34001810154857104, ""2026"": 0.40730552266048514}"
coarse,m612_30_70_month_start_2_top2_majority_below_ma130_liq0_trend0_equal,6月30%+12月70%｜月初第2日 Top2｜2/3指数低于MA130空仓｜纯动量｜equal,m612_30_70,month_start_2,majority_below_ma130,liq0_trend0,equal,1.0,2021-07-10,0.5018739030878874,0.08489991147444131,-0.2189886822829823,0.47310636108372933,0.3540225821177982,75,"{""2021"": 0.06735104056215402, ""2022"": -0.020572194743457284, ""2023"": -0.08045377336652015, ""2024"": -0.02370033558851259, ""2025"": 0.25561984555705886, ""2026"": 0.2774146019615311}"
coarse,m612_30_70_month_start_2_top2_majority_below_ma140_liq0_trend0_equal,6月30%+12月70%｜月初第2日 Top2｜2/3指数低于MA140空仓｜纯动量｜equal,m612_30_70,month_start_2,majority_below_ma140,liq0_trend0,equal,1.0,2021-07-10,0.41896128023016654,0.07262593820102925,-0.23591866885460155,0.4221203349871628,0.34989035071283947,63,"{""2021"": 0.06850038558906646, ""2022"": -0.013149918785329007, ""2023"": -0.08175112356586778, ""2024"": -0.038084500322014825, ""2025"": 0.19538682799708096, ""2026"": 0.27741460196153156}"
coarse,m612_30_70_month_start_2_top2_majority_below_ma150_liq0_trend0_equal,6月30%+12月70%｜月初第2日 Top2｜2/3指数低于MA150空仓｜纯动量｜equal,m612_30_70,month_start_2,majority_below_ma150,liq0_trend0,equal,1.0,2021-07-10,0.37671848734216096,0.06615054887048699,-0.22578523940674822,0.39686517834353585,0.33997299534093867,59,"{""2021"": 0.06850038558906646, ""2022"": 0.0, ""2023"": -0.08175112356586767, ""2024"": -0.038144213024039475, ""2025"": 0.19538682799708118, ""2026"": 0.22316379423985966}"
coarse,m612_30_70_month_start_3_top2_majority_below_ma100_liq0_trend0_equal,6月30%+12月70%｜月初第3日 Top2｜2/3指数低于MA100空仓｜纯动量｜equal,m612_30_70,month_start_3,majority_below_ma100,liq0_trend0,equal,1.0,2021-07-10,1.1338955998445597,0.16399737780845314,-0.1718259131210662,0.8192980161580472,0.33280355079156204,71,"{""2021"": 0.014316900084402784, ""2022"": 0.06887186131827261, ""2023"": -0.015925526329443107, ""2024"": -0.012242510696282793, ""2025"": 0.3195175292894499, ""2026"": 0.49893988347843443}"
coarse,m612_30_70_month_start_3_top2_majority_below_ma110_liq0_trend0_equal,6月30%+12月70%｜月初第3日 Top2｜2/3指数低于MA110空仓｜纯动量｜equal,m612_30_70,month_start_3,majority_below_ma110,liq0_trend0,equal,1.0,2021-07-10,1.2619033623670295,0.17766345620430757,-0.17324269974461737,0.863927322151994,0.3443453799969663,75,"{""2021"": 0.04808011877986451, ""2022"": 0.07455115948780722, ""2023"": -0.06288734497872062, ""2024"": -0.01224251069628246, ""2025"": 0.4139365853642991, ""2026"": 0.4989398834784351}"
coarse,m612_30_70_month_start_3_top2_majority_below_ma120_liq0_trend0_equal,6月30%+12月70%｜月初第3日 Top2｜2/3指数低于MA120空仓｜纯动量｜equal,m612_30_70,month_start_3,majority_below_ma120,liq0_trend0,equal,1.0,2021-07-10,1.232956011320633,0.1746282150022147,-0.17324269974461748,0.8477691342513956,0.34677851002874166,75,"{""2021"": 0.06812639480961713, ""2022"": 0.061367994249649005, ""2023"": -0.02671362446856118, ""2024"": -0.009870068530302145, ""2025"": 0.3319204884961704, ""2026"": 0.49893988347843554}"
coarse,m612_30_70_month_start_3_top2_majority_below_ma130_liq0_trend0_equal,6月30%+12月70%｜月初第3日 Top2｜2/3指数低于MA130空仓｜纯动量｜equal,m612_30_70,month_start_3,majority_below_ma130,liq0_trend0,equal,1.0,2021-07-10,0.6901473061254815,0.11087752208218449,-0.1753425247608933,0.5811788183160465,0.3459311175324345,68,"{""2021"": 0.06812639480961713, ""2022"": -0.0358395660123213, ""2023"": -0.04227783369710125, ""2024"": -0.006413846402435031, ""2025"": 0.2387602583509445, ""2026"": 0.3599535847901538}"
coarse,m612_30_70_month_start_3_top2_majority_below_ma140_liq0_trend0_equal,6月30%+12月70%｜月初第3日 Top2｜2/3指数低于MA140空仓｜纯动量｜equal,m612_30_70,month_start_3,majority_below_ma140,liq0_trend0,equal,1.0,2021-07-10,0.6013025760844093,0.09892381837608988,-0.202990080847107,0.5303735707717374,0.3459224753264031,68,"{""2021"": 0.06812639480961713, ""2022"": -0.0358395660123213, ""2023"": -0.04227783369710125, ""2024"": -0.01152887582845119, ""2025"": 0.1797164965820912, ""2026"": 0.3599535847901538}"
coarse,m612_30_70_month_start_3_top2_majority_below_ma150_liq0_trend0_equal,6月30%+12月70%｜月初第3日 Top2｜2/3指数低于MA150空仓｜纯动量｜equal,m612_30_70,month_start_3,majority_below_ma150,liq0_trend0,equal,1.0,2021-07-10,0.5542030650731415,0.09237017805603265,-0.20299008084710723,0.504617680503153,0.33765801251648575,68,"{""2021"": 0.06812639480961713, ""2022"": -0.024022790706902386, ""2023"": -0.042277833697101364, ""2024"": -0.010180511405135428, ""2025"": 0.17971649658209143, ""2026"": 0.3021951116312165}"
coarse,m612_30_70_month_start_4_top2_majority_below_ma100_liq0_trend0_equal,6月30%+12月70%｜月初第4日 Top2｜2/3指数低于MA100空仓｜纯动量｜equal,m612_30_70,month_start_4,majority_below_ma100,liq0_trend0,equal,1.0,2021-07-10,0.9400955180675548,0.14200300656209008,-0.19632106317310094,0.7471435909983282,0.32550572824297275,71,"{""2021"": 0.014316900084402784, ""2022"": 0.06262670410085569, ""2023"": -0.05886092683119781, ""2024"": 0.011430515395276286, ""2025"": 0.27198845317724385, ""2026"": 0.4727345200217419}"
coarse,m612_30_70_month_start_4_top2_majority_below_ma110_liq0_trend0_equal,6月30%+12月70%｜月初第4日 Top2｜2/3指数低于MA110空仓｜纯动量｜equal,m612_30_70,month_start_4,majority_below_ma110,liq0_trend0,equal,1.0,2021-07-10,1.1993915478138164,0.1710692032988108,-0.19632106317310072,0.8594492914181723,0.3360424642730162,69,"{""2021"": 0.04808011877986451, ""2022"": 0.059220685016570185, ""2023"": -0.06758626820532854, ""2024"": 0.011430515395276064, ""2025"": 0.4131270276791652, ""2026"": 0.4727345200217419}"
coarse,m612_30_70_month_start_4_top2_majority_below_ma120_liq0_trend0_equal,6月30%+12月70%｜月初第4日 Top2｜2/3指数低于MA120空仓｜纯动量｜equal,m612_30_70,month_start_4,majority_below_ma120,liq0_trend0,equal,1.0,2021-07-10,1.096157921074807,0.15984353239917914,-0.19632106317310083,0.8092834405288386,0.34017469567797487,69,"{""2021"": 0.06812639480961713, ""2022"": 0.046732215246287234, ""2023"": -0.0491070041230488, ""2024"": -0.0035025950636717873, ""2025"": 0.33095153268889144, ""2026"": 0.47273452002174166}"
coarse,m612_30_70_month_start_4_top2_majority_below_ma130_liq0_trend0_equal,6月30%+12月70%｜月初第4日 Top2｜2/3指数低于MA130空仓｜纯动量｜equal,m612_30_70,month_start_4,majority_below_ma130,liq0_trend0,equal,1.0,2021-07-10,0.6079068797519185,0.09983040603352089,-0.19632106317310105,0.5461551265364769,0.34017469567797487,62,"{""2021"": 0.06812639480961713, ""2022"": -0.049320413824879394, ""2023"": -0.04124677551118727, ""2024"": -0.008398353173662665, ""2025"": 0.23417893585553173, ""2026"": 0.3369360620798856}"
coarse,m612_30_70_month_start_4_top2_majority_below_ma140_liq0_trend0_equal,6月30%+12月70%｜月初第4日 Top2｜2/3指数低于MA140空仓｜纯动量｜equal,m612_30_70,month_start_4,majority_below_ma140,liq0_trend0,equal,1.0,2021-07-10,0.5215445505527982,0.08773205983270582,-0.2238615253905698,0.4928930314023564,0.34017469567797487,64,"{""2021"": 0.06812639480961713, ""2022"": -0.049320413824879394, ""2023"": -0.04124677551118727, ""2024"": -0.01350686944591839, ""2025"": 0.17393779066987003, ""2026"": 0.3369360620798858}"
coarse,m612_30_70_month_start_4_top2_majority_below_ma150_liq0_trend0_equal,6月30%+12月70%｜月初第4日 Top2｜2/3指数低于MA150空仓｜纯动量｜equal,m612_30_70,month_start_4,majority_below_ma150,liq0_trend0,equal,1.0,2021-07-10,0.4647653741125932,0.07947532232356447,-0.22071838395450183,0.45871283745781377,0.33273667914904925,64,"{""2021"": 0.054039873884038414, ""2022"": -0.03474470276764985, ""2023"": -0.04124677551118716, ""2024"": -0.01012111628757062, ""2025"": 0.17393779066987003, ""2026"": 0.28015812555996567}"
coarse,m612_30_70_month_start_5_top2_majority_below_ma100_liq0_trend0_equal,6月30%+12月70%｜月初第5日 Top2｜2/3指数低于MA100空仓｜纯动量｜equal,m612_30_70,month_start_5,majority_below_ma100,liq0_trend0,equal,1.0,2021-07-10,1.1112093260798876,0.16150737695642925,-0.195696339158283,0.842318070770014,0.3173509108776529,61,"{""2021"": 0.014014777544083312, ""2022"": 0.09476950420719632, ""2023"": -0.037332795471722746, ""2024"": 0.0700067007040257, ""2025"": 0.30226883153944906, ""2026"": 0.4052273299698792}"
coarse,m612_30_70_month_start_5_top2_majority_below_ma110_liq0_trend0_equal,6月30%+12月70%｜月初第5日 Top2｜2/3指数低于MA110空仓｜纯动量｜equal,m612_30_70,month_start_5,majority_below_ma110,liq0_trend0,equal,1.0,2021-07-10,1.5914684745628356,0.21019857695014066,-0.17619306559255898,1.0297408529434835,0.3288759529483647,63,"{""2021"": 0.04614292997560909, ""2022"": 0.12839910466482074, ""2023"": -0.048326761583343814, ""2024"": 0.07000670070402548, ""2025"": 0.520606416290037, ""2026"": 0.40522732996987965}"
coarse,m612_30_70_month_start_5_top2_majority_below_ma120_liq0_trend0_equal,6月30%+12月70%｜月初第5日 Top2｜2/3指数低于MA120空仓｜纯动量｜equal,m612_30_70,month_start_5,majority_below_ma120,liq0_trend0,equal,1.0,2021-07-10,1.5199780520994692,0.2034345389691108,-0.17619306559255887,0.9950935287338326,0.33466107691530683,71,"{""2021"": 0.0894405971356671, ""2022"": 0.11491889644916009, ""2023"": -0.029848722806804506, ""2024"": 0.053204613021508695, ""2025"": 0.43217706612975126, ""2026"": 0.4052273299698794}"
coarse,m612_30_70_month_start_5_top2_majority_below_ma130_liq0_trend0_equal,6月30%+12月70%｜月初第5日 Top2｜2/3指数低于MA130空仓｜纯动量｜equal,m612_30_70,month_start_5,majority_below_ma130,liq0_trend0,equal,1.0,2021-07-10,0.9875697315065954,0.14754795464802095,-0.17619306559255898,0.7430476911335562,0.34788421741117465,66,"{""2021"": 0.0894405971356671, ""2022"": 0.08657502905736769, ""2023"": -0.07023587237667306, ""2024"": 0.04803141773810027, ""2025"": 0.3280244560300727, ""2026"": 0.28603126284827285}"
coarse,m612_30_70_month_start_5_top2_majority_below_ma140_liq0_trend0_equal,6月30%+12月70%｜月初第5日 Top2｜2/3指数低于MA140空仓｜纯动量｜equal,m612_30_70,month_start_5,majority_below_ma140,liq0_trend0,equal,1.0,2021-07-10,0.7578303385418232,0.11965117174438045,-0.20391173242851923,0.6279439680639243,0.3371404157582821,58,"{""2021"": 0.10358887472898903, ""2022"": -0.014130781609579923, ""2023"": -0.07023587237667306, ""2024"": 0.044822315986585703, ""2025"": 0.28182627836396423, ""2026"": 0.28603126284827285}"
coarse,m612_30_70_month_start_5_top2_majority_below_ma150_liq0_trend0_equal,6月30%+12月70%｜月初第5日 Top2｜2/3指数低于MA150空仓｜纯动量｜equal,m612_30_70,month_start_5,majority_below_ma150,liq0_trend0,equal,1.0,2021-07-10,0.7071176882061063,0.11310339454107399,-0.20391173242851934,0.6020525779922837,0.32970239922935646,54,"{""2021"": 0.10358887472898903, ""2022"": 0.0, ""2023"": -0.07023587237667317, ""2024"": 0.044724602206024366, ""2025"": 0.2818262783639647, ""2026"": 0.23139662135383365}"
coarse,m612_40_60_month_start_1_top2_majority_below_ma100_liq0_trend0_equal,6月40%+12月60%｜月初第1日 Top2｜2/3指数低于MA100空仓｜纯动量｜equal,m612_40_60,month_start_1,majority_below_ma100,liq0_trend0,equal,1.0,2021-07-10,0.8510221746107203,0.13129969823758647,-0.18459085467924785,0.6899352652733574,0.33709474585740745,61,"{""2021"": 0.007804951623372691, ""2022"": 0.08332749851530852, ""2023"": -0.011396088918868341, ""2024"": -0.026735304400436588, ""2025"": 0.14517241025017213, ""2026"": 0.5706465811793517}"
coarse,m612_40_60_month_start_1_top2_majority_below_ma110_liq0_trend0_equal,6月40%+12月60%｜月初第1日 Top2｜2/3指数低于MA110空仓｜纯动量｜equal,m612_40_60,month_start_1,majority_below_ma110,liq0_trend0,equal,1.0,2021-07-10,1.1052020191613496,0.160844445389833,-0.18459085467924774,0.7826844406917985,0.3701525970970768,70,"{""2021"": 0.04028044697307642, ""2022"": 0.08627788847728501, ""2023"": -0.07276072902501873, ""2024"": -0.0267353044004367, ""2025"": 0.3416165905307751, ""2026"": 0.5706465811793515}"
coarse,m612_40_60_month_start_1_top2_majority_below_ma120_liq0_trend0_equal,6月40%+12月60%｜月初第1日 Top2｜2/3指数低于MA120空仓｜纯动量｜equal,m612_40_60,month_start_1,majority_below_ma120,liq0_trend0,equal,1.0,2021-07-10,1.010577185718303,0.15019718566596008,-0.18517036769057182,0.739198687169299,0.37345838222104377,70,"{""2021"": 0.059363918862817444, ""2022"": 0.0730131834273573, ""2023"": -0.05412071295823129, ""2024"": -0.044964875569787566, ""2025"": 0.2725189532774601, ""2026"": 0.5706465811793522}"
coarse,m612_40_60_month_start_1_top2_majority_below_ma130_liq0_trend0_equal,6月40%+12月60%｜月初第1日 Top2｜2/3指数低于MA130空仓｜纯动量｜equal,m612_40_60,month_start_1,majority_below_ma130,liq0_trend0,equal,1.0,2021-07-10,0.511388556548164,0.08627349624405012,-0.24611395635277755,0.4778509220488378,0.36519391941112644,67,"{""2021"": 0.059363918862817444, ""2022"": -0.02327407763028444, ""2023"": -0.08817706050416285, ""2024"": -0.04965297278225034, ""2025"": 0.20314796320752349, ""2026"": 0.4301241524866106}"
coarse,m612_40_60_month_start_1_top2_majority_below_ma140_liq0_trend0_equal,6月40%+12月60%｜月初第1日 Top2｜2/3指数低于MA140空仓｜纯动量｜equal,m612_40_60,month_start_1,majority_below_ma140,liq0_trend0,equal,1.0,2021-07-10,0.44329004064610267,0.07628562867872679,-0.26835974206144697,0.43601167612380787,0.3668468119731099,67,"{""2021"": 0.06273747431988586, ""2022"": -0.02327407763028455, ""2023"": -0.08817706050416274, ""2024"": -0.049652972782250226, ""2025"": 0.14529062963045902, ""2026"": 0.4301241524866104}"
coarse,m612_40_60_month_start_1_top2_majority_below_ma150_liq0_trend0_equal,6月40%+12月60%｜月初第1日 Top2｜2/3指数低于MA150空仓｜纯动量｜equal,m612_40_60,month_start_1,majority_below_ma150,liq0_trend0,equal,1.0,2021-07-10,0.4148388824366913,0.07200085726476901,-0.2509804662543874,0.41976114310278123,0.35610301032021735,63,"{""2021"": 0.06273747431988586, ""2022"": 0.0, ""2023"": -0.08817706050416285, ""2024"": -0.049722417255940954, ""2025"": 0.14529062963045924, ""2026"": 0.3694039092012409}"
coarse,m612_40_60_month_start_2_top2_majority_below_ma100_liq0_trend0_equal,6月40%+12月60%｜月初第2日 Top2｜2/3指数低于MA100空仓｜纯动量｜equal,m612_40_60,month_start_2,majority_below_ma100,liq0_trend0,equal,1.0,2021-07-10,1.0165525277706808,0.15088125864904645,-0.17918438619367372,0.7724940007986105,0.32664482815273427,57,"{""2021"": 0.014316900084402784, ""2022"": 0.09330368706850845, ""2023"": -0.03089939649944473, ""2024"": 0.010461909016576065, ""2025"": 0.3296373497041918, ""2026"": 0.41773863402014655}"
coarse,m612_40_60_month_start_2_top2_majority_below_ma110_liq0_trend0_equal,6月40%+12月60%｜月初第2日 Top2｜2/3指数低于MA110空仓｜纯动量｜equal,m612_40_60,month_start_2,majority_below_ma110,liq0_trend0,equal,1.0,2021-07-10,1.191408674668999,0.1702163507510075,-0.1975126511956632,0.827275409999809,0.3522646628634781,61,"{""2021"": 0.04808011877986451, ""2022"": 0.09357934151464953, ""2023"": -0.10819271900564176, ""2024"": 0.01046190901657651, ""2025"": 0.519198726089191, ""2026"": 0.41773863402014655}"
coarse,m612_40_60_month_start_2_top2_majority_below_ma120_liq0_trend0_equal,6月40%+12月60%｜月初第2日 Top2｜2/3指数低于MA120空仓｜纯动量｜equal,m612_40_60,month_start_2,majority_below_ma120,liq0_trend0,equal,1.0,2021-07-10,1.1991889487414702,0.17104758920597884,-0.1791843861936736,0.8276679707669109,0.355570447987445,67,"{""2021"": 0.06735104056215402, ""2022"": 0.08035034267957175, ""2023"": -0.07571043088075835, ""2024"": 0.016407580798699417, ""2025"": 0.4535890979474555, ""2026"": 0.4177386340201461}"
coarse,m612_40_60_month_start_2_top2_majority_below_ma130_liq0_trend0_equal,6月40%+12月60%｜月初第2日 Top2｜2/3指数低于MA130空仓｜纯动量｜equal,m612_40_60,month_start_2,majority_below_ma130,liq0_trend0,equal,1.0,2021-07-10,0.682282549167311,0.1098398981212021,-0.2189886822829823,0.5738126188642029,0.35391755542546155,66,"{""2021"": 0.06735104056215402, ""2022"": -0.020572194743457284, ""2023"": -0.08045377336652015, ""2024"": 0.017815624293225474, ""2025"": 0.3563114055656298, ""2026"": 0.286886560082966}"
coarse,m612_40_60_month_start_2_top2_majority_below_ma140_liq0_trend0_equal,6月40%+12月60%｜月初第2日 Top2｜2/3指数低于MA140空仓｜纯动量｜equal,m612_40_60,month_start_2,majority_below_ma140,liq0_trend0,equal,1.0,2021-07-10,0.5896145745415438,0.09731202588731458,-0.22492432627135872,0.5215721057542796,0.3497853240205029,54,"{""2021"": 0.06850038558906646, ""2022"": -0.013149918785329007, ""2023"": -0.08175112356586778, ""2024"": 0.0028197903891020726, ""2025"": 0.29141412078084605, ""2026"": 0.28688656008296576}"
coarse,m612_40_60_month_start_2_top2_majority_below_ma150_liq0_trend0_equal,6月40%+12月60%｜月初第2日 Top2｜2/3指数低于MA150空仓｜纯动量｜equal,m612_40_60,month_start_2,majority_below_ma150,liq0_trend0,equal,1.0,2021-07-10,0.5422914032401638,0.09068760902503392,-0.214645087221371,0.49666868788846663,0.339867968648602,50,"{""2021"": 0.06850038558906646, ""2022"": 0.0, ""2023"": -0.08175112356586767, ""2024"": 0.0027575384767999367, ""2025"": 0.29141412078084605, ""2026"": 0.2322334921245166}"
coarse,m612_40_60_month_start_3_top2_majority_below_ma100_liq0_trend0_equal,6月40%+12月60%｜月初第3日 Top2｜2/3指数低于MA100空仓｜纯动量｜equal,m612_40_60,month_start_3,majority_below_ma100,liq0_trend0,equal,1.0,2021-07-10,1.3187244055060972,0.18353214533656148,-0.1925987346011746,0.8776401523283959,0.3330578512396694,66,"{""2021"": 0.014316900084402784, ""2022"": 0.06887186131827261, ""2023"": -0.015925526329443107, ""2024"": -0.008738130228747032, ""2025"": 0.45313099773420906, ""2026"": 0.5324001926983832}"
coarse,m612_40_60_month_start_3_top2_majority_below_ma110_liq0_trend0_equal,6月40%+12月60%｜月初第3日 Top2｜2/3指数低于MA110空仓｜纯动量｜equal,m612_40_60,month_start_3,majority_below_ma110,liq0_trend0,equal,1.0,2021-07-10,1.5259237314280218,0.20400289627623436,-0.18489116214551637,0.9431031033620203,0.3446280991735537,68,"{""2021"": 0.04808011877986451, ""2022"": 0.07455115948780722, ""2023"": -0.06288734497872062, ""2024"": -0.008738130228746477, ""2025"": 0.6002570778396046, ""2026"": 0.5324001926983832}"
coarse,m612_40_60_month_start_3_top2_majority_below_ma120_liq0_trend0_equal,6月40%+12月60%｜月初第3日 Top2｜2/3指数低于MA120空仓｜纯动量｜equal,m612_40_60,month_start_3,majority_below_ma120,liq0_trend0,equal,1.0,2021-07-10,1.4932917579857174,0.20087026627779214,-0.18489116214551637,0.9269885163678304,0.34710743801652894,68,"{""2021"": 0.06812639480961713, ""2022"": 0.061367994249649005, ""2023"": -0.02671362446856118, ""2024"": -0.006357271077750193, ""2025"": 0.5072485374145894, ""2026"": 0.5324001926983835}"
coarse,m612_40_60_month_start_3_top2_majority_below_ma130_liq0_trend0_equal,6月40%+12月60%｜月初第3日 Top2｜2/3指数低于MA130空仓｜纯动量｜equal,m612_40_60,month_start_3,majority_below_ma130,liq0_trend0,equal,1.0,2021-07-10,0.8876452878864718,0.13574924944326883,-0.2029108487706578,0.6663276673676851,0.34628099173553717,61,"{""2021"": 0.06812639480961713, ""2022"": -0.0358395660123213, ""2023"": -0.04227783369710125, ""2024"": -0.002888786914467034, ""2025"": 0.40216182478485707, ""2026"": 0.39030684944566607}"
coarse,m612_40_60_month_start_3_top2_majority_below_ma140_liq0_trend0_equal,6月40%+12月60%｜月初第3日 Top2｜2/3指数低于MA140空仓｜纯动量｜equal,m612_40_60,month_start_3,majority_below_ma140,liq0_trend0,equal,1.0,2021-07-10,0.7881186568428815,0.12349012657081637,-0.20701430215407501,0.6159566778412764,0.34628099173553717,61,"{""2021"": 0.06812639480961713, ""2022"": -0.0358395660123213, ""2023"": -0.04227783369710125, ""2024"": -0.008021963516693487, ""2025"": 0.3351056346586383, ""2026"": 0.3903068494456663}"
coarse,m612_40_60_month_start_3_top2_majority_below_ma150_liq0_trend0_equal,6月40%+12月60%｜月初第3日 Top2｜2/3指数低于MA150空仓｜纯动量｜equal,m612_40_60,month_start_3,majority_below_ma150,liq0_trend0,equal,1.0,2021-07-10,0.7355242568091067,0.11678997769017685,-0.20280090138266504,0.5909939218584441,0.33801652892561984,61,"{""2021"": 0.06812639480961713, ""2022"": -0.024022790706902386, ""2023"": -0.042277833697101364, ""2024"": -0.006668815346355439, ""2025"": 0.3351056346586385, ""2026"": 0.33125922912611827}"
coarse,m612_40_60_month_start_4_top2_majority_below_ma100_liq0_trend0_equal,6月40%+12月60%｜月初第4日 Top2｜2/3指数低于MA100空仓｜纯动量｜equal,m612_40_60,month_start_4,majority_below_ma100,liq0_trend0,equal,1.0,2021-07-10,0.9346040397630069,0.14135462745378757,-0.19632106317310094,0.7381643748250564,0.3256198347107438,67,"{""2021"": 0.014316900084402784, ""2022"": 0.06863877886457881, ""2023"": -0.058860926831197924, ""2024"": 0.037940239840282164, ""2025"": 0.26021851036881993, ""2026"": 0.47273452002174166}"
coarse,m612_40_60_month_start_4_top2_majority_below_ma110_liq0_trend0_equal,6月40%+12月60%｜月初第4日 Top2｜2/3指数低于MA110空仓｜纯动量｜equal,m612_40_60,month_start_4,majority_below_ma110,liq0_trend0,equal,1.0,2021-07-10,1.3438897281094566,0.18609462588758663,-0.19632106317310083,0.909289842668122,0.33636363636363636,65,"{""2021"": 0.04808011877986451, ""2022"": 0.09620694616964487, ""2023"": -0.06758626820532865, ""2024"": 0.037940239840282164, ""2025"": 0.4539639620153251, ""2026"": 0.47273452002174143}"
coarse,m612_40_60_month_start_4_top2_majority_below_ma120_liq0_trend0_equal,6月40%+12月60%｜月初第4日 Top2｜2/3指数低于MA120空仓｜纯动量｜equal,m612_40_60,month_start_4,majority_below_ma120,liq0_trend0,equal,1.0,2021-07-10,1.2703041591404887,0.1785384948545088,-0.19632106317310083,0.8761632741118349,0.34049586776859503,65,"{""2021"": 0.06812639480961713, ""2022"": 0.08328239937513082, ""2023"": -0.0491070041230488, ""2024"": 0.022615730627443043, ""2025"": 0.39174638597749034, ""2026"": 0.4727345200217419}"
coarse,m612_40_60_month_start_4_top2_majority_below_ma130_liq0_trend0_equal,6月40%+12月60%｜月初第4日 Top2｜2/3指数低于MA130空仓｜纯动量｜equal,m612_40_60,month_start_4,majority_below_ma130,liq0_trend0,equal,1.0,2021-07-10,0.7149858558182038,0.11412940162759022,-0.19632106317310083,0.6005353991736195,0.34049586776859503,58,"{""2021"": 0.06812639480961713, ""2022"": -0.036362701653181895, ""2023"": -0.04124677551118727, ""2024"": 0.017591654065052253, ""2025"": 0.2976042456670629, ""2026"": 0.336936062079886}"
coarse,m612_40_60_month_start_4_top2_majority_below_ma140_liq0_trend0_equal,6月40%+12月60%｜月初第4日 Top2｜2/3指数低于MA140空仓｜纯动量｜equal,m612_40_60,month_start_4,majority_below_ma140,liq0_trend0,equal,1.0,2021-07-10,0.6239401499177777,0.10201900355523064,-0.19632106317310083,0.5479993497098973,0.34049586776859503,58,"{""2021"": 0.06812639480961713, ""2022"": -0.036362701653181895, ""2023"": -0.04124677551118727, ""2024"": 0.01234924292148376, ""2025"": 0.23507948653599042, ""2026"": 0.3369360620798858}"
coarse,m612_40_60_month_start_4_top2_majority_below_ma150_liq0_trend0_equal,6月40%+12月60%｜月初第4日 Top2｜2/3指数低于MA150空仓｜纯动量｜equal,m612_40_60,month_start_4,majority_below_ma150,liq0_trend0,equal,1.0,2021-07-10,0.5585888052082784,0.0929870841907261,-0.19632106317310072,0.5116951326880049,0.3330578512396694,58,"{""2021"": 0.054039873884038414, ""2022"": -0.024561781369505487, ""2023"": -0.04124677551118727, ""2024"": 0.015823737107416358, ""2025"": 0.23507948653599042, ""2026"": 0.2801581255599652}"
coarse,m612_40_60_month_start_5_top2_majority_below_ma100_liq0_trend0_equal,6月40%+12月60%｜月初第5日 Top2｜2/3指数低于MA100空仓｜纯动量｜equal,m612_40_60,month_start_5,majority_below_ma100,liq0_trend0,equal,1.0,2021-07-10,1.1840265413266966,0.16942546463095343,-0.16131072867926988,0.857121559034387,0.31735537190082647,60,"{""2021"": 0.014014777544083312, ""2022"": 0.09476950420719632, ""2023"": -0.037332795471722746, ""2024"": 0.11489214161924854, ""2025"": 0.31521632513392595, ""2026"": 0.4155521671979274}"
coarse,m612_40_60_month_start_5_top2_majority_below_ma110_liq0_trend0_equal,6月40%+12月60%｜月初第5日 Top2｜2/3指数低于MA110空仓｜纯动量｜equal,m612_40_60,month_start_5,majority_below_ma110,liq0_trend0,equal,1.0,2021-07-10,1.6808683431971976,0.21845024917225264,-0.16131072867926977,1.039395939522812,0.32892561983471075,62,"{""2021"": 0.04614292997560909, ""2022"": 0.12839910466482074, ""2023"": -0.048326761583343814, ""2024"": 0.11489214161924854, ""2025"": 0.5357350759231416, ""2026"": 0.4155521671979274}"
coarse,m612_40_60_month_start_5_top2_majority_below_ma120_liq0_trend0_equal,6月40%+12月60%｜月初第5日 Top2｜2/3指数低于MA120空仓｜纯动量｜equal,m612_40_60,month_start_5,majority_below_ma120,liq0_trend0,equal,1.0,2021-07-10,1.6072649166830746,0.21167298495857279,-0.16131072867926977,1.0060379983555614,0.3347107438016529,70,"{""2021"": 0.0894405971356671, ""2022"": 0.11491889644916009, ""2023"": -0.029848722806804506, ""2024"": 0.09738522740300071, ""2025"": 0.446621934991112, ""2026"": 0.41555216719792787}"
coarse,m612_40_60_month_start_5_top2_majority_below_ma130_liq0_trend0_equal,6月40%+12月60%｜月初第5日 Top2｜2/3指数低于MA130空仓｜纯动量｜equal,m612_40_60,month_start_5,majority_below_ma130,liq0_trend0,equal,1.0,2021-07-10,1.058009185343121,0.1555832095960803,-0.17407322769749212,0.7616176172666946,0.34793388429752065,65,"{""2021"": 0.0894405971356671, ""2022"": 0.08657502905736769, ""2023"": -0.07023587237667306, ""2024"": 0.09199502305686091, ""2025"": 0.34245870618832863, ""2026"": 0.2954803129598831}"
coarse,m612_40_60_month_start_5_top2_majority_below_ma140_liq0_trend0_equal,6月40%+12月60%｜月初第5日 Top2｜2/3指数低于MA140空仓｜纯动量｜equal,m612_40_60,month_start_5,majority_below_ma140,liq0_trend0,equal,1.0,2021-07-10,0.8198938659739654,0.1274620510584672,-0.2029073347574918,0.6491605446838884,0.3371900826446281,57,"{""2021"": 0.10358887472898903, ""2022"": -0.014130781609579923, ""2023"": -0.07023587237667306, ""2024"": 0.08865130350625816, ""2025"": 0.29559184176891806, ""2026"": 0.2954803129598833}"
coarse,m612_40_60_month_start_5_top2_majority_below_ma150_liq0_trend0_equal,6月40%+12月60%｜月初第5日 Top2｜2/3指数低于MA150空仓｜纯动量｜equal,m612_40_60,month_start_5,majority_below_ma150,liq0_trend0,equal,1.0,2021-07-10,0.7673907095261066,0.12086859543423722,-0.2029073347574918,0.6239131704231654,0.32975206611570246,53,"{""2021"": 0.10358887472898903, ""2022"": 0.0, ""2023"": -0.07023587237667317, ""2024"": 0.08854949075498775, ""2025"": 0.2955918417689185, ""2026"": 0.2404442461811418}"
coarse,m612_50_50_month_start_1_top2_majority_below_ma100_liq0_trend0_equal,6月50%+12月50%｜月初第1日 Top2｜2/3指数低于MA100空仓｜纯动量｜equal,m612_50_50,month_start_1,majority_below_ma100,liq0_trend0,equal,1.0,2021-07-10,1.0943080105454457,0.15963837698499073,-0.18459085467924785,0.7976275057803957,0.33709474585740745,56,"{""2021"": 0.007804951623372691, ""2022"": 0.08332749851530852, ""2023"": -0.011396088918868341, ""2024"": -0.026735304400436588, ""2025"": 0.2694244098105907, ""2026"": 0.595205001743738}"
coarse,m612_50_50_month_start_1_top2_majority_below_ma110_liq0_trend0_equal,6月50%+12月50%｜月初第1日 Top2｜2/3指数低于MA110空仓｜纯动量｜equal,m612_50_50,month_start_1,majority_below_ma110,liq0_trend0,equal,1.0,2021-07-10,1.381895534813507,0.18992321016353553,-0.18459085467924774,0.8845688986979966,0.3701525970970768,65,"{""2021"": 0.04028044697307642, ""2022"": 0.08627788847728501, ""2023"": -0.07276072902501873, ""2024"": -0.0267353044004367, ""2025"": 0.48718291969204386, ""2026"": 0.5952050017437376}"
coarse,m612_50_50_month_start_1_top2_majority_below_ma120_liq0_trend0_equal,6月50%+12月50%｜月初第1日 Top2｜2/3指数低于MA120空仓｜纯动量｜equal,m612_50_50,month_start_1,majority_below_ma120,liq0_trend0,equal,1.0,2021-07-10,1.274833853222372,0.17900924014766373,-0.18517036769057182,0.8412301196516035,0.37345838222104377,65,"{""2021"": 0.059363918862817444, ""2022"": 0.0730131834273573, ""2023"": -0.05412071295823129, ""2024"": -0.044964875569787566, ""2025"": 0.410588140945642, ""2026"": 0.5952050017437378}"
coarse,m612_50_50_month_start_1_top2_majority_below_ma130_liq0_trend0_equal,6月50%+12月50%｜月初第1日 Top2｜2/3指数低于MA130空仓｜纯动量｜equal,m612_50_50,month_start_1,majority_below_ma130,liq0_trend0,equal,1.0,2021-07-10,0.7100384997266369,0.11348470809703559,-0.24611395635277755,0.5804979891020728,0.36519391941112644,62,"{""2021"": 0.059363918862817444, ""2022"": -0.02327407763028444, ""2023"": -0.08817706050416285, ""2024"": -0.04965297278225034, ""2025"": 0.333690350412714, ""2026"": 0.45248814616594935}"
coarse,m612_50_50_month_start_1_top2_majority_below_ma140_liq0_trend0_equal,6月50%+12月50%｜月初第1日 Top2｜2/3指数低于MA140空仓｜纯动量｜equal,m612_50_50,month_start_1,majority_below_ma140,liq0_trend0,equal,1.0,2021-07-10,0.632989428882319,0.10324664389042515,-0.26835974206144697,0.5381257593744769,0.3668468119731099,62,"{""2021"": 0.06273747431988586, ""2022"": -0.02327407763028455, ""2023"": -0.08817706050416274, ""2024"": -0.049652972782250226, ""2025"": 0.26955545607550735, ""2026"": 0.45248814616594957}"
coarse,m612_50_50_month_start_1_top2_majority_below_ma150_liq0_trend0_equal,6月50%+12月50%｜月初第1日 Top2｜2/3指数低于MA150空仓｜纯动量｜equal,m612_50_50,month_start_1,majority_below_ma150,liq0_trend0,equal,1.0,2021-07-10,0.600798793048066,0.09885454028454888,-0.2509804662543874,0.522499624849393,0.35610301032021735,58,"{""2021"": 0.06273747431988586, ""2022"": 0.0, ""2023"": -0.08817706050416285, ""2024"": -0.049722417255940954, ""2025"": 0.26955545607550735, ""2026"": 0.39081838186511697}"
coarse,m612_50_50_month_start_2_top2_majority_below_ma100_liq0_trend0_equal,6月50%+12月50%｜月初第2日 Top2｜2/3指数低于MA100空仓｜纯动量｜equal,m612_50_50,month_start_2,majority_below_ma100,liq0_trend0,equal,1.0,2021-07-10,1.19019938920525,0.1700869398040772,-0.17918438619367372,0.8455772839937354,0.32664482815273427,56,"{""2021"": 0.014316900084402784, ""2022"": 0.09330368706850845, ""2023"": -0.03089939649944473, ""2024"": 0.010461909016576065, ""2025"": 0.3296373497041918, ""2026"": 0.5398211787303964}"
coarse,m612_50_50_month_start_2_top2_majority_below_ma110_liq0_trend0_equal,6月50%+12月50%｜月初第2日 Top2｜2/3指数低于MA110空仓｜纯动量｜equal,m612_50_50,month_start_2,majority_below_ma110,liq0_trend0,equal,1.0,2021-07-10,1.3801125309962337,0.18974469213811918,-0.1975126511956632,0.8974656007129918,0.3522646628634781,60,"{""2021"": 0.04808011877986451, ""2022"": 0.09357934151464953, ""2023"": -0.10819271900564176, ""2024"": 0.01046190901657651, ""2025"": 0.519198726089191, ""2026"": 0.5398211787303966}"
coarse,m612_50_50_month_start_2_top2_majority_below_ma120_liq0_trend0_equal,6月50%+12月50%｜月初第2日 Top2｜2/3指数低于MA120空仓｜纯动量｜equal,m612_50_50,month_start_2,majority_below_ma120,liq0_trend0,equal,1.0,2021-07-10,1.3885627703461672,0.19058980213770904,-0.1791843861936736,0.8975587555361587,0.355570447987445,66,"{""2021"": 0.06735104056215402, ""2022"": 0.08035034267957175, ""2023"": -0.07571043088075835, ""2024"": 0.016407580798699417, ""2025"": 0.4535890979474555, ""2026"": 0.5398211787303959}"
coarse,m612_50_50_month_start_2_top2_majority_below_ma130_liq0_trend0_equal,6月50%+12月50%｜月初第2日 Top2｜2/3指数低于MA130空仓｜纯动量｜equal,m612_50_50,month_start_2,majority_below_ma130,liq0_trend0,equal,1.0,2021-07-10,0.8271451702426944,0.12836068908574383,-0.2189886822829823,0.6432819446964514,0.35391755542546155,65,"{""2021"": 0.06735104056215402, ""2022"": -0.020572194743457284, ""2023"": -0.08045377336652015, ""2024"": 0.017815624293225474, ""2025"": 0.3563114055656298, ""2026"": 0.39770133386313544}"
coarse,m612_50_50_month_start_2_top2_majority_below_ma140_liq0_trend0_equal,6月50%+12月50%｜月初第2日 Top2｜2/3指数低于MA140空仓｜纯动量｜equal,m612_50_50,month_start_2,majority_below_ma140,liq0_trend0,equal,1.0,2021-07-10,0.7264974863221474,0.11562375417239479,-0.22492432627135872,0.5907171905048545,0.3497853240205029,53,"{""2021"": 0.06850038558906646, ""2022"": -0.013149918785329007, ""2023"": -0.08175112356586778, ""2024"": 0.0028197903891020726, ""2025"": 0.29141412078084605, ""2026"": 0.397701333863135}"
coarse,m612_50_50_month_start_2_top2_majority_below_ma150_liq0_trend0_equal,6月50%+12月50%｜月初第2日 Top2｜2/3指数低于MA150空仓｜纯动量｜equal,m612_50_50,month_start_2,majority_below_ma150,liq0_trend0,equal,1.0,2021-07-10,0.6750992809929159,0.1088887903382707,-0.214645087221371,0.566295868209777,0.339867968648602,49,"{""2021"": 0.06850038558906646, ""2022"": 0.0, ""2023"": -0.08175112356586767, ""2024"": 0.0027575384767999367, ""2025"": 0.29141412078084605, ""2026"": 0.3383420489388196}"
coarse,m612_50_50_month_start_3_top2_majority_below_ma100_liq0_trend0_equal,6月50%+12月50%｜月初第3日 Top2｜2/3指数低于MA100空仓｜纯动量｜equal,m612_50_50,month_start_3,majority_below_ma100,liq0_trend0,equal,1.0,2021-07-10,1.3040082490348288,0.182023338226033,-0.1925987346011745,0.8678873975084737,0.3330578512396694,67,"{""2021"": 0.014316900084402784, ""2022"": 0.06887186131827261, ""2023"": -0.03885954754795784, ""2024"": -0.008738130228746588, ""2025"": 0.43769173328491573, ""2026"": 0.5757495666325461}"
coarse,m612_50_50_month_start_3_top2_majority_below_ma110_liq0_trend0_equal,6月50%+12月50%｜月初第3日 Top2｜2/3指数低于MA110空仓｜纯动量｜equal,m612_50_50,month_start_3,majority_below_ma110,liq0_trend0,equal,1.0,2021-07-10,1.5133791457273542,0.20280248172410187,-0.18489116214551637,0.9343912616357389,0.3446280991735537,67,"{""2021"": 0.04808011877986451, ""2022"": 0.07455115948780722, ""2023"": -0.08472691311042191, ""2024"": -0.008738130228746588, ""2025"": 0.5854539881860816, ""2026"": 0.5757495666325461}"
coarse,m612_50_50_month_start_3_top2_majority_below_ma120_liq0_trend0_equal,6月50%+12月50%｜月初第3日 Top2｜2/3指数低于MA120空仓｜纯动量｜equal,m612_50_50,month_start_3,majority_below_ma120,liq0_trend0,equal,1.0,2021-07-10,1.5805841033360317,0.2091784642819836,-0.18489116214551637,0.9555043417148513,0.34710743801652894,67,"{""2021"": 0.06812639480961713, ""2022"": 0.061367994249649005, ""2023"": -0.02671362446856118, ""2024"": -0.006357271077750193, ""2025"": 0.517102028107358, ""2026"": 0.5757495666325456}"
coarse,m612_50_50_month_start_3_top2_majority_below_ma130_liq0_trend0_equal,6月50%+12月50%｜月初第3日 Top2｜2/3指数低于MA130空仓｜纯动量｜equal,m612_50_50,month_start_3,majority_below_ma130,liq0_trend0,equal,1.0,2021-07-10,0.9593230731341227,0.14426170188627152,-0.2029108487706578,0.6971164012369993,0.34628099173553717,58,"{""2021"": 0.06812639480961713, ""2022"": -0.0358395660123213, ""2023"": -0.04227783369710125, ""2024"": -0.002888786914467034, ""2025"": 0.41536615052321935, ""2026"": 0.4296366092479804}"
coarse,m612_50_50_month_start_3_top2_majority_below_ma140_liq0_trend0_equal,6月50%+12月50%｜月初第3日 Top2｜2/3指数低于MA140空仓｜纯动量｜equal,m612_50_50,month_start_3,majority_below_ma140,liq0_trend0,equal,1.0,2021-07-10,0.8558441040418747,0.13188954417400356,-0.20701430215407501,0.6464837897086206,0.34628099173553717,58,"{""2021"": 0.06812639480961713, ""2022"": -0.0358395660123213, ""2023"": -0.04227783369710125, ""2024"": -0.008021963516693487, ""2025"": 0.3475527892707455, ""2026"": 0.42963660924798064}"
coarse,m612_50_50_month_start_3_top2_majority_below_ma150_liq0_trend0_equal,6月50%+12月50%｜月初第3日 Top2｜2/3指数低于MA150空仓｜纯动量｜equal,m612_50_50,month_start_3,majority_below_ma150,liq0_trend0,equal,1.0,2021-07-10,0.8012576777805231,0.1251393037552888,-0.1962004869185181,0.6216153414538371,0.33801652892561984,58,"{""2021"": 0.06812639480961713, ""2022"": -0.024022790706902386, ""2023"": -0.042277833697101364, ""2024"": -0.006668815346355439, ""2025"": 0.3475527892707455, ""2026"": 0.36891861758199784}"
coarse,m612_50_50_month_start_4_top2_majority_below_ma100_liq0_trend0_equal,6月50%+12月50%｜月初第4日 Top2｜2/3指数低于MA100空仓｜纯动量｜equal,m612_50_50,month_start_4,majority_below_ma100,liq0_trend0,equal,1.0,2021-07-10,0.907045798252121,0.1380784209195467,-0.19632106317310083,0.7238447609755467,0.3256198347107438,67,"{""2021"": 0.014316900084402784, ""2022"": 0.06863877886457881, ""2023"": -0.07226735902126769, ""2024"": 0.037940239840282386, ""2025"": 0.2602185103688204, ""2026"": 0.47273452002174166}"
coarse,m612_50_50_month_start_4_top2_majority_below_ma110_liq0_trend0_equal,6月50%+12月50%｜月初第4日 Top2｜2/3指数低于MA110空仓｜纯动量｜equal,m612_50_50,month_start_4,majority_below_ma110,liq0_trend0,equal,1.0,2021-07-10,1.310501252806759,0.18268999522320684,-0.19632106317310083,0.8950080279593624,0.33636363636363636,65,"{""2021"": 0.04808011877986451, ""2022"": 0.09620694616964487, ""2023"": -0.08086840877814172, ""2024"": 0.03794023984028194, ""2025"": 0.4539639620153251, ""2026"": 0.47273452002174166}"
coarse,m612_50_50_month_start_4_top2_majority_below_ma120_liq0_trend0_equal,6月50%+12月50%｜月初第4日 Top2｜2/3指数低于MA120空仓｜纯动量｜equal,m612_50_50,month_start_4,majority_below_ma120,liq0_trend0,equal,1.0,2021-07-10,1.2379639029253564,0.17515555372050695,-0.19632106317310094,0.8619990059454941,0.34049586776859503,65,"{""2021"": 0.06812639480961713, ""2022"": 0.08328239937513082, ""2023"": -0.0626523799688461, ""2024"": 0.02261573062744282, ""2025"": 0.391746385977491, ""2026"": 0.47273452002174166}"
coarse,m612_50_50_month_start_4_top2_majority_below_ma130_liq0_trend0_equal,6月50%+12月50%｜月初第4日 Top2｜2/3指数低于MA130空仓｜纯动量｜equal,m612_50_50,month_start_4,majority_below_ma130,liq0_trend0,equal,1.0,2021-07-10,0.7149858558182038,0.11412940162759022,-0.19632106317310083,0.6005353991736195,0.34049586776859503,58,"{""2021"": 0.06812639480961713, ""2022"": -0.036362701653181895, ""2023"": -0.04124677551118727, ""2024"": 0.017591654065052253, ""2025"": 0.2976042456670629, ""2026"": 0.336936062079886}"
coarse,m612_50_50_month_start_4_top2_majority_below_ma140_liq0_trend0_equal,6月50%+12月50%｜月初第4日 Top2｜2/3指数低于MA140空仓｜纯动量｜equal,m612_50_50,month_start_4,majority_below_ma140,liq0_trend0,equal,1.0,2021-07-10,0.6239401499177777,0.10201900355523064,-0.19632106317310083,0.5479993497098973,0.34049586776859503,58,"{""2021"": 0.06812639480961713, ""2022"": -0.036362701653181895, ""2023"": -0.04124677551118727, ""2024"": 0.01234924292148376, ""2025"": 0.23507948653599042, ""2026"": 0.3369360620798858}"
coarse,m612_50_50_month_start_4_top2_majority_below_ma150_liq0_trend0_equal,6月50%+12月50%｜月初第4日 Top2｜2/3指数低于MA150空仓｜纯动量｜equal,m612_50_50,month_start_4,majority_below_ma150,liq0_trend0,equal,1.0,2021-07-10,0.5585888052082784,0.0929870841907261,-0.19632106317310072,0.5116951326880049,0.3330578512396694,58,"{""2021"": 0.054039873884038414, ""2022"": -0.024561781369505487, ""2023"": -0.04124677551118727, ""2024"": 0.015823737107416358, ""2025"": 0.23507948653599042, ""2026"": 0.2801581255599652}"
coarse,m612_50_50_month_start_5_top2_majority_below_ma100_liq0_trend0_equal,6月50%+12月50%｜月初第5日 Top2｜2/3指数低于MA100空仓｜纯动量｜equal,m612_50_50,month_start_5,majority_below_ma100,liq0_trend0,equal,1.0,2021-07-10,1.1840265413266966,0.16942546463095343,-0.16131072867926988,0.857121559034387,0.31735537190082647,60,"{""2021"": 0.014014777544083312, ""2022"": 0.09476950420719632, ""2023"": -0.037332795471722746, ""2024"": 0.11489214161924854, ""2025"": 0.31521632513392595, ""2026"": 0.4155521671979274}"
coarse,m612_50_50_month_start_5_top2_majority_below_ma110_liq0_trend0_equal,6月50%+12月50%｜月初第5日 Top2｜2/3指数低于MA110空仓｜纯动量｜equal,m612_50_50,month_start_5,majority_below_ma110,liq0_trend0,equal,1.0,2021-07-10,1.6808683431971976,0.21845024917225264,-0.16131072867926977,1.039395939522812,0.32892561983471075,62,"{""2021"": 0.04614292997560909, ""2022"": 0.12839910466482074, ""2023"": -0.048326761583343814, ""2024"": 0.11489214161924854, ""2025"": 0.5357350759231416, ""2026"": 0.4155521671979274}"
coarse,m612_50_50_month_start_5_top2_majority_below_ma120_liq0_trend0_equal,6月50%+12月50%｜月初第5日 Top2｜2/3指数低于MA120空仓｜纯动量｜equal,m612_50_50,month_start_5,majority_below_ma120,liq0_trend0,equal,1.0,2021-07-10,1.6072649166830746,0.21167298495857279,-0.16131072867926977,1.0060379983555614,0.3347107438016529,70,"{""2021"": 0.0894405971356671, ""2022"": 0.11491889644916009, ""2023"": -0.029848722806804506, ""2024"": 0.09738522740300071, ""2025"": 0.446621934991112, ""2026"": 0.41555216719792787}"
coarse,m612_50_50_month_start_5_top2_majority_below_ma130_liq0_trend0_equal,6月50%+12月50%｜月初第5日 Top2｜2/3指数低于MA130空仓｜纯动量｜equal,m612_50_50,month_start_5,majority_below_ma130,liq0_trend0,equal,1.0,2021-07-10,1.058009185343121,0.1555832095960803,-0.17407322769749212,0.7616176172666946,0.34793388429752065,65,"{""2021"": 0.0894405971356671, ""2022"": 0.08657502905736769, ""2023"": -0.07023587237667306, ""2024"": 0.09199502305686091, ""2025"": 0.34245870618832863, ""2026"": 0.2954803129598831}"
coarse,m612_50_50_month_start_5_top2_majority_below_ma140_liq0_trend0_equal,6月50%+12月50%｜月初第5日 Top2｜2/3指数低于MA140空仓｜纯动量｜equal,m612_50_50,month_start_5,majority_below_ma140,liq0_trend0,equal,1.0,2021-07-10,0.8198938659739654,0.1274620510584672,-0.2029073347574918,0.6491605446838884,0.3371900826446281,57,"{""2021"": 0.10358887472898903, ""2022"": -0.014130781609579923, ""2023"": -0.07023587237667306, ""2024"": 0.08865130350625816, ""2025"": 0.29559184176891806, ""2026"": 0.2954803129598833}"
coarse,m612_50_50_month_start_5_top2_majority_below_ma150_liq0_trend0_equal,6月50%+12月50%｜月初第5日 Top2｜2/3指数低于MA150空仓｜纯动量｜equal,m612_50_50,month_start_5,majority_below_ma150,liq0_trend0,equal,1.0,2021-07-10,0.7673907095261066,0.12086859543423722,-0.2029073347574918,0.6239131704231654,0.32975206611570246,53,"{""2021"": 0.10358887472898903, ""2022"": 0.0, ""2023"": -0.07023587237667317, ""2024"": 0.08854949075498775, ""2025"": 0.2955918417689185, ""2026"": 0.2404442461811418}"
coarse,m612_60_40_month_start_1_top2_majority_below_ma100_liq0_trend0_equal,6月60%+12月40%｜月初第1日 Top2｜2/3指数低于MA100空仓｜纯动量｜equal,m612_60_40,month_start_1,majority_below_ma100,liq0_trend0,equal,1.0,2021-07-10,1.2026532230558677,0.1714169531294032,-0.1749455891874443,0.838420864904834,0.33708710819817406,59,"{""2021"": 0.007804951623372691, ""2022"": 0.08332749851530852, ""2023"": -0.011396088918868341, ""2024"": -0.044238125250109284, ""2025"": 0.3116440183872138, ""2026"": 0.6534619577047669}"
coarse,m612_60_40_month_start_1_top2_majority_below_ma110_liq0_trend0_equal,6月60%+12月40%｜月初第1日 Top2｜2/3指数低于MA110空仓｜纯动量｜equal,m612_60_40,month_start_1,majority_below_ma110,liq0_trend0,equal,1.0,2021-07-10,1.561061643751509,0.2073401147911722,-0.18481645694791826,0.9432834886492938,0.3701449594378435,67,"{""2021"": 0.04028044697307642, ""2022"": 0.08627788847728501, ""2023"": -0.07276072902501873, ""2024"": -0.04423812525010962, ""2025"": 0.5709605290640143, ""2026"": 0.6534619577047671}"
coarse,m612_60_40_month_start_1_top2_majority_below_ma120_liq0_trend0_equal,6月60%+12月40%｜月初第1日 Top2｜2/3指数低于MA120空仓｜纯动量｜equal,m612_60_40,month_start_1,majority_below_ma120,liq0_trend0,equal,1.0,2021-07-10,1.5138044230603538,0.20284325566799666,-0.18517036769057182,0.9241143901309019,0.37345074456181043,65,"{""2021"": 0.059363918862817444, ""2022"": 0.0730131834273573, ""2023"": -0.05412071295823129, ""2024"": -0.044964875569787566, ""2025"": 0.5038493317712136, ""2026"": 0.6534619577047673}"
coarse,m612_60_40_month_start_1_top2_majority_below_ma130_liq0_trend0_equal,6月60%+12月40%｜月初第1日 Top2｜2/3指数低于MA130空仓｜纯动量｜equal,m612_60_40,month_start_1,majority_below_ma130,liq0_trend0,equal,1.0,2021-07-10,0.8631768422163208,0.13278418207213183,-0.24611395635277755,0.6509023794526225,0.36518628175189305,60,"{""2021"": 0.059363918862817444, ""2022"": -0.02327407763028444, ""2023"": -0.08817706050416285, ""2024"": -0.04965297278225034, ""2025"": 0.4019273029045032, ""2026"": 0.5055330763615102}"
coarse,m612_60_40_month_start_1_top2_majority_below_ma140_liq0_trend0_equal,6月60%+12月40%｜月初第1日 Top2｜2/3指数低于MA140空仓｜纯动量｜equal,m612_60_40,month_start_1,majority_below_ma140,liq0_trend0,equal,1.0,2021-07-10,0.778933190888339,0.1223314252755614,-0.25580453959608995,0.6079914802007464,0.3668391743138765,60,"{""2021"": 0.06273747431988586, ""2022"": -0.02327407763028455, ""2023"": -0.08817706050416274, ""2024"": -0.049652972782250226, ""2025"": 0.334290016344863, ""2026"": 0.5055330763615105}"
coarse,m612_60_40_month_start_1_top2_majority_below_ma150_liq0_trend0_equal,6月60%+12月40%｜月初第1日 Top2｜2/3指数低于MA150空仓｜纯动量｜equal,m612_60_40,month_start_1,majority_below_ma150,liq0_trend0,equal,1.0,2021-07-10,0.7438656089992468,0.11786334379329344,-0.23812702934376662,0.5927606368406934,0.35609537266098396,56,"{""2021"": 0.06273747431988586, ""2022"": 0.0, ""2023"": -0.08817706050416285, ""2024"": -0.049722417255940954, ""2025"": 0.3342900163448628, ""2026"": 0.4416111295894132}"
coarse,m612_60_40_month_start_2_top2_majority_below_ma100_liq0_trend0_equal,6月60%+12月40%｜月初第2日 Top2｜2/3指数低于MA100空仓｜纯动量｜equal,m612_60_40,month_start_2,majority_below_ma100,liq0_trend0,equal,1.0,2021-07-10,1.2578920824003337,0.17724471872231207,-0.17918438619367372,0.8698416137656191,0.32664482815273427,57,"{""2021"": 0.014316900084402784, ""2022"": 0.09330368706850845, ""2023"": -0.03089939649944473, ""2024"": 0.010461909016576065, ""2025"": 0.3296373497041918, ""2026"": 0.5874125729846484}"
coarse,m612_60_40_month_start_2_top2_majority_below_ma110_liq0_trend0_equal,6月60%+12月40%｜月初第2日 Top2｜2/3指数低于MA110空仓｜纯动量｜equal,m612_60_40,month_start_2,majority_below_ma110,liq0_trend0,equal,1.0,2021-07-10,1.4536748870650866,0.19702272352687555,-0.1975126511956632,0.9207258434465457,0.3522646628634781,61,"{""2021"": 0.04808011877986451, ""2022"": 0.09357934151464953, ""2023"": -0.10819271900564176, ""2024"": 0.01046190901657651, ""2025"": 0.519198726089191, ""2026"": 0.5874125729846484}"
coarse,m612_60_40_month_start_2_top2_majority_below_ma120_liq0_trend0_equal,6月60%+12月40%｜月初第2日 Top2｜2/3指数低于MA120空仓｜纯动量｜equal,m612_60_40,month_start_2,majority_below_ma120,liq0_trend0,equal,1.0,2021-07-10,1.4623862987368463,0.1978730033222582,-0.1791843861936736,0.9207370011705794,0.355570447987445,67,"{""2021"": 0.06735104056215402, ""2022"": 0.08035034267957175, ""2023"": -0.07571043088075835, ""2024"": 0.016407580798699417, ""2025"": 0.4535890979474555, ""2026"": 0.5874125729846482}"
coarse,m612_60_40_month_start_2_top2_majority_below_ma130_liq0_trend0_equal,6月60%+12月40%｜月初第2日 Top2｜2/3指数低于MA130空仓｜纯动量｜equal,m612_60_40,month_start_2,majority_below_ma130,liq0_trend0,equal,1.0,2021-07-10,0.8836169134281393,0.13526321579359268,-0.2189886822829823,0.6672804287698062,0.35391755542546155,66,"{""2021"": 0.06735104056215402, ""2022"": -0.020572194743457284, ""2023"": -0.08045377336652015, ""2024"": 0.017815624293225474, ""2025"": 0.3563114055656298, ""2026"": 0.44090021705061}"
coarse,m612_60_40_month_start_2_top2_majority_below_ma140_liq0_trend0_equal,6月60%+12月40%｜月初第2日 Top2｜2/3指数低于MA140空仓｜纯动量｜equal,m612_60_40,month_start_2,majority_below_ma140,liq0_trend0,equal,1.0,2021-07-10,0.7798585023190041,0.12244836516209978,-0.22492432627135872,0.6147962229611422,0.3497853240205029,54,"{""2021"": 0.06850038558906646, ""2022"": -0.013149918785329007, ""2023"": -0.08175112356586778, ""2024"": 0.0028197903891020726, ""2025"": 0.29141412078084605, ""2026"": 0.44090021705060956}"
coarse,m612_60_40_month_start_2_top2_majority_below_ma150_liq0_trend0_equal,6月60%+12月40%｜月初第2日 Top2｜2/3指数低于MA150空仓｜纯动量｜equal,m612_60_40,month_start_2,majority_below_ma150,liq0_trend0,equal,1.0,2021-07-10,0.726871727948398,0.11567220149870905,-0.214645087221371,0.5906083327019087,0.339867968648602,50,"{""2021"": 0.06850038558906646, ""2022"": 0.0, ""2023"": -0.08175112356586767, ""2024"": 0.0027575384767999367, ""2025"": 0.29141412078084605, ""2026"": 0.37970630926845494}"
coarse,m612_60_40_month_start_3_top2_majority_below_ma100_liq0_trend0_equal,6月60%+12月40%｜月初第3日 Top2｜2/3指数低于MA100空仓｜纯动量｜equal,m612_60_40,month_start_3,majority_below_ma100,liq0_trend0,equal,1.0,2021-07-10,1.3040082490348288,0.182023338226033,-0.1925987346011745,0.8678873975084737,0.3330578512396694,67,"{""2021"": 0.014316900084402784, ""2022"": 0.06887186131827261, ""2023"": -0.03885954754795784, ""2024"": -0.008738130228746588, ""2025"": 0.43769173328491573, ""2026"": 0.5757495666325461}"
coarse,m612_60_40_month_start_3_top2_majority_below_ma110_liq0_trend0_equal,6月60%+12月40%｜月初第3日 Top2｜2/3指数低于MA110空仓｜纯动量｜equal,m612_60_40,month_start_3,majority_below_ma110,liq0_trend0,equal,1.0,2021-07-10,1.5133791457273542,0.20280248172410187,-0.18489116214551637,0.9343912616357389,0.3446280991735537,67,"{""2021"": 0.04808011877986451, ""2022"": 0.07455115948780722, ""2023"": -0.08472691311042191, ""2024"": -0.008738130228746588, ""2025"": 0.5854539881860816, ""2026"": 0.5757495666325461}"
coarse,m612_60_40_month_start_3_top2_majority_below_ma120_liq0_trend0_equal,6月60%+12月40%｜月初第3日 Top2｜2/3指数低于MA120空仓｜纯动量｜equal,m612_60_40,month_start_3,majority_below_ma120,liq0_trend0,equal,1.0,2021-07-10,1.5805841033360317,0.2091784642819836,-0.18489116214551637,0.9555043417148513,0.34710743801652894,67,"{""2021"": 0.06812639480961713, ""2022"": 0.061367994249649005, ""2023"": -0.02671362446856118, ""2024"": -0.006357271077750193, ""2025"": 0.517102028107358, ""2026"": 0.5757495666325456}"
coarse,m612_60_40_month_start_3_top2_majority_below_ma130_liq0_trend0_equal,6月60%+12月40%｜月初第3日 Top2｜2/3指数低于MA130空仓｜纯动量｜equal,m612_60_40,month_start_3,majority_below_ma130,liq0_trend0,equal,1.0,2021-07-10,0.9593230731341227,0.14426170188627152,-0.2029108487706578,0.6971164012369993,0.34628099173553717,58,"{""2021"": 0.06812639480961713, ""2022"": -0.0358395660123213, ""2023"": -0.04227783369710125, ""2024"": -0.002888786914467034, ""2025"": 0.41536615052321935, ""2026"": 0.4296366092479804}"
coarse,m612_60_40_month_start_3_top2_majority_below_ma140_liq0_trend0_equal,6月60%+12月40%｜月初第3日 Top2｜2/3指数低于MA140空仓｜纯动量｜equal,m612_60_40,month_start_3,majority_below_ma140,liq0_trend0,equal,1.0,2021-07-10,0.8558441040418747,0.13188954417400356,-0.20701430215407501,0.6464837897086206,0.34628099173553717,58,"{""2021"": 0.06812639480961713, ""2022"": -0.0358395660123213, ""2023"": -0.04227783369710125, ""2024"": -0.008021963516693487, ""2025"": 0.3475527892707455, ""2026"": 0.42963660924798064}"
coarse,m612_60_40_month_start_3_top2_majority_below_ma150_liq0_trend0_equal,6月60%+12月40%｜月初第3日 Top2｜2/3指数低于MA150空仓｜纯动量｜equal,m612_60_40,month_start_3,majority_below_ma150,liq0_trend0,equal,1.0,2021-07-10,0.8012576777805231,0.1251393037552888,-0.1962004869185181,0.6216153414538371,0.33801652892561984,58,"{""2021"": 0.06812639480961713, ""2022"": -0.024022790706902386, ""2023"": -0.042277833697101364, ""2024"": -0.006668815346355439, ""2025"": 0.3475527892707455, ""2026"": 0.36891861758199784}"
coarse,m612_60_40_month_start_4_top2_majority_below_ma100_liq0_trend0_equal,6月60%+12月40%｜月初第4日 Top2｜2/3指数低于MA100空仓｜纯动量｜equal,m612_60_40,month_start_4,majority_below_ma100,liq0_trend0,equal,1.0,2021-07-10,1.0883860129082126,0.1589806504487612,-0.19632106317310105,0.7908483888438357,0.3256198347107438,63,"{""2021"": 0.014316900084402784, ""2022"": 0.06863877886457881, ""2023"": -0.07226735902126769, ""2024"": 0.14851975569496334, ""2025"": 0.21602097426031763, ""2026"": 0.5104777623791501}"
coarse,m612_60_40_month_start_4_top2_majority_below_ma110_liq0_trend0_equal,6月60%+12月40%｜月初第4日 Top2｜2/3指数低于MA110空仓｜纯动量｜equal,m612_60_40,month_start_4,majority_below_ma110,liq0_trend0,equal,1.0,2021-07-10,1.5436482561198286,0.20569088839817318,-0.19632106317310094,0.961069207136439,0.33636363636363636,64,"{""2021"": 0.04808011877986451, ""2022"": 0.09620694616964487, ""2023"": -0.08086840877814172, ""2024"": 0.1485197556949629, ""2025"": 0.4104251643609369, ""2026"": 0.5104777623791499}"
coarse,m612_60_40_month_start_4_top2_majority_below_ma120_liq0_trend0_equal,6月60%+12月40%｜月初第4日 Top2｜2/3指数低于MA120空仓｜纯动量｜equal,m612_60_40,month_start_4,majority_below_ma120,liq0_trend0,equal,1.0,2021-07-10,1.4642788572053784,0.19805740889270673,-0.19632106317310072,0.9290641291329605,0.34049586776859503,64,"{""2021"": 0.06812639480961713, ""2022"": 0.08328239937513082, ""2023"": -0.0626523799688461, ""2024"": 0.13156261220856758, ""2025"": 0.35033782901526966, ""2026"": 0.5104777623791497}"
coarse,m612_60_40_month_start_4_top2_majority_below_ma130_liq0_trend0_equal,6月60%+12月40%｜月初第4日 Top2｜2/3指数低于MA130空仓｜纯动量｜equal,m612_60_40,month_start_4,majority_below_ma130,liq0_trend0,equal,1.0,2021-07-10,0.8877154200816757,0.13575770372289142,-0.19632106317310094,0.6733246513071552,0.34049586776859503,57,"{""2021"": 0.06812639480961713, ""2022"": -0.036362701653181895, ""2023"": -0.04124677551118727, ""2024"": 0.12600328329487454, ""2025"": 0.2585306514316348, ""2026"": 0.37119906136552405}"
coarse,m612_60_40_month_start_4_top2_majority_below_ma140_liq0_trend0_equal,6月60%+12月40%｜月初第4日 Top2｜2/3指数低于MA140空仓｜纯动量｜equal,m612_60_40,month_start_4,majority_below_ma140,liq0_trend0,equal,1.0,2021-07-10,0.7871969326028823,0.12337407072646123,-0.19632106317310094,0.6215044993183243,0.34049586776859503,57,"{""2021"": 0.06812639480961713, ""2022"": -0.036362701653181895, ""2023"": -0.04124677551118727, ""2024"": 0.12020235898849063, ""2025"": 0.1976856831956706, ""2026"": 0.37119906136552405}"
coarse,m612_60_40_month_start_4_top2_majority_below_ma150_liq0_trend0_equal,6月60%+12月40%｜月初第4日 Top2｜2/3指数低于MA150空仓｜纯动量｜equal,m612_60_40,month_start_4,majority_below_ma150,liq0_trend0,equal,1.0,2021-07-10,0.7056086971636804,0.11290619050248774,-0.19632106317310094,0.5813177067235973,0.3330578512396694,57,"{""2021"": 0.04809946349277072, ""2022"": -0.024561781369505375, ""2023"": -0.04124677551118727, ""2024"": 0.12404701695666498, ""2025"": 0.1976856831956708, ""2026"": 0.3129660198083477}"
coarse,m612_60_40_month_start_5_top2_majority_below_ma100_liq0_trend0_equal,6月60%+12月40%｜月初第5日 Top2｜2/3指数低于MA100空仓｜纯动量｜equal,m612_60_40,month_start_5,majority_below_ma100,liq0_trend0,equal,1.0,2021-07-10,1.0557476558023753,0.1553286727660983,-0.2058617537395907,0.799693921470127,0.31735537190082647,60,"{""2021"": 0.014014777544083312, ""2022"": 0.09476950420719632, ""2023"": -0.037332795471722746, ""2024"": 0.11489214161924854, ""2025"": 0.23796704211509967, ""2026"": 0.41555216719792765}"
coarse,m612_60_40_month_start_5_top2_majority_below_ma110_liq0_trend0_equal,6月60%+12月40%｜月初第5日 Top2｜2/3指数低于MA110空仓｜纯动量｜equal,m612_60_40,month_start_5,majority_below_ma110,liq0_trend0,equal,1.0,2021-07-10,1.5768880022559446,0.20883127314929095,-0.16131072867926977,1.0016098472492063,0.32874614246897227,64,"{""2021"": 0.04614292997560909, ""2022"": 0.12839910466482074, ""2023"": -0.048326761583343814, ""2024"": 0.11489214161924854, ""2025"": 0.4761699513637274, ""2026"": 0.4155521671979283}"
coarse,m612_60_40_month_start_5_top2_majority_below_ma120_liq0_trend0_equal,6月60%+12月40%｜月初第5日 Top2｜2/3指数低于MA120空仓｜纯动量｜equal,m612_60_40,month_start_5,majority_below_ma120,liq0_trend0,equal,1.0,2021-07-10,1.47873169056742,0.19946193016452418,-0.16131072867926988,0.9601609140252817,0.33452252749399575,72,"{""2021"": 0.0894405971356671, ""2022"": 0.11491889644916009, ""2023"": -0.029848722806804506, ""2024"": 0.09738522740300071, ""2025"": 0.375306211343579, ""2026"": 0.4155521671979281}"
coarse,m612_60_40_month_start_5_top2_majority_below_ma130_liq0_trend0_equal,6月60%+12月40%｜月初第5日 Top2｜2/3指数低于MA130空仓｜纯动量｜equal,m612_60_40,month_start_5,majority_below_ma130,liq0_trend0,equal,1.0,2021-07-10,0.9905946369548475,0.14789765794308174,-0.1810381940374699,0.7335299075986621,0.3477423505776681,67,"{""2021"": 0.0894405971356671, ""2022"": 0.08657502905736769, ""2023"": -0.07023587237667306, ""2024"": 0.09199502305686091, ""2025"": 0.2984835635834604, ""2026"": 0.2954803129598831}"
coarse,m612_60_40_month_start_5_top2_majority_below_ma140_liq0_trend0_equal,6月60%+12月40%｜月初第5日 Top2｜2/3指数低于MA140空仓｜纯动量｜equal,m612_60_40,month_start_5,majority_below_ma140,liq0_trend0,equal,1.0,2021-07-10,0.7421266315623831,0.11763991125048356,-0.21777975025079632,0.6111330165680037,0.33699762354598284,59,"{""2021"": 0.10358887472898903, ""2022"": -0.014130781609579923, ""2023"": -0.07023587237667306, ""2024"": 0.08865130350625816, ""2025"": 0.24022894597353295, ""2026"": 0.2954803129598831}"
coarse,m612_60_40_month_start_5_top2_majority_below_ma150_liq0_trend0_equal,6月60%+12月40%｜月初第5日 Top2｜2/3指数低于MA150空仓｜纯动量｜equal,m612_60_40,month_start_5,majority_below_ma150,liq0_trend0,equal,1.0,2021-07-10,0.6918670264287887,0.1111038960012074,-0.21777975025079632,0.5857659746206689,0.3295596070170572,55,"{""2021"": 0.10358887472898903, ""2022"": 0.0, ""2023"": -0.07023587237667317, ""2024"": 0.08854949075498775, ""2025"": 0.2402289459735334, ""2026"": 0.24044424618114135}"
coarse,m612_70_30_month_start_1_top2_majority_below_ma100_liq0_trend0_equal,6月70%+12月30%｜月初第1日 Top2｜2/3指数低于MA100空仓｜纯动量｜equal,m612_70_30,month_start_1,majority_below_ma100,liq0_trend0,equal,1.0,2021-07-10,1.2075286177206341,0.17193598581817082,-0.17494558918744452,0.8404705730114388,0.33708710819817406,59,"{""2021"": 0.010035646329574766, ""2022"": 0.08332749851530852, ""2023"": -0.011396088918868341, ""2024"": -0.044238125250109395, ""2025"": 0.31164401838721423, ""2026"": 0.6534619577047669}"
coarse,m612_70_30_month_start_1_top2_majority_below_ma110_liq0_trend0_equal,6月70%+12月30%｜月初第1日 Top2｜2/3指数低于MA110空仓｜纯动量｜equal,m612_70_30,month_start_1,majority_below_ma110,liq0_trend0,equal,1.0,2021-07-10,1.5667303464521356,0.20787506435320724,-0.18481645694791815,0.9452434395991014,0.3701449594378435,67,"{""2021"": 0.04258302356023291, ""2022"": 0.08627788847728524, ""2023"": -0.07276072902501896, ""2024"": -0.04423812525010917, ""2025"": 0.5709605290640145, ""2026"": 0.6534619577047667}"
coarse,m612_70_30_month_start_1_top2_majority_below_ma120_liq0_trend0_equal,6月70%+12月30%｜月初第1日 Top2｜2/3指数低于MA120空仓｜纯动量｜equal,m612_70_30,month_start_1,majority_below_ma120,liq0_trend0,equal,1.0,2021-07-10,1.5193685257271596,0.2033762127568346,-0.1851703676905716,0.9260655155969659,0.37345074456181043,65,"{""2021"": 0.061708735170717066, ""2022"": 0.07301318342735752, ""2023"": -0.0541207129582314, ""2024"": -0.04496487556978768, ""2025"": 0.5038493317712143, ""2026"": 0.6534619577047669}"
coarse,m612_70_30_month_start_1_top2_majority_below_ma130_liq0_trend0_equal,6月70%+12月30%｜月初第1日 Top2｜2/3指数低于MA130空仓｜纯动量｜equal,m612_70_30,month_start_1,majority_below_ma130,liq0_trend0,equal,1.0,2021-07-10,0.8673008333834167,0.1332860973109744,-0.2444452906015976,0.6527903084152816,0.36518628175189305,60,"{""2021"": 0.061708735170717066, ""2022"": -0.02327407763028444, ""2023"": -0.08817706050416285, ""2024"": -0.049652972782250004, ""2025"": 0.40192730290450296, ""2026"": 0.5055330763615105}"
coarse,m612_70_30_month_start_1_top2_majority_below_ma140_liq0_trend0_equal,6月70%+12月30%｜月初第1日 Top2｜2/3指数低于MA140空仓｜纯动量｜equal,m612_70_30,month_start_1,majority_below_ma140,liq0_trend0,equal,1.0,2021-07-10,0.7853533298891044,0.12314179593740993,-0.253118751099926,0.6110332714012147,0.3668391743138765,60,"{""2021"": 0.06657287541386903, ""2022"": -0.02327407763028444, ""2023"": -0.08817706050416285, ""2024"": -0.049652972782250226, ""2025"": 0.3342900163448628, ""2026"": 0.5055330763615105}"
coarse,m612_70_30_month_start_1_top2_majority_below_ma150_liq0_trend0_equal,6月70%+12月30%｜月初第1日 Top2｜2/3指数低于MA150空仓｜纯动量｜equal,m612_70_30,month_start_1,majority_below_ma150,liq0_trend0,equal,1.0,2021-07-10,0.7501591897058051,0.11867048831171734,-0.23537744302001207,0.5958150374589334,0.35609537266098396,56,"{""2021"": 0.06657287541386903, ""2022"": 0.0, ""2023"": -0.08817706050416274, ""2024"": -0.049722417255940954, ""2025"": 0.3342900163448628, ""2026"": 0.4416111295894136}"
coarse,m612_70_30_month_start_2_top2_majority_below_ma100_liq0_trend0_equal,6月70%+12月30%｜月初第2日 Top2｜2/3指数低于MA100空仓｜纯动量｜equal,m612_70_30,month_start_2,majority_below_ma100,liq0_trend0,equal,1.0,2021-07-10,1.2305614266265201,0.17437572725466222,-0.1791843861936735,0.8583503941248418,0.32664482815273427,59,"{""2021"": 0.014316900084402784, ""2022"": 0.09330368706850845, ""2023"": -0.03089939649944473, ""2024"": -0.0017692276365646187, ""2025"": 0.329637349704192, ""2026"": 0.5874125729846484}"
coarse,m612_70_30_month_start_2_top2_majority_below_ma110_liq0_trend0_equal,6月70%+12月30%｜月初第2日 Top2｜2/3指数低于MA110空仓｜纯动量｜equal,m612_70_30,month_start_2,majority_below_ma110,liq0_trend0,equal,1.0,2021-07-10,1.377559126787082,0.18948885371253543,-0.20722635968685743,0.8931029659444077,0.3520963903381506,67,"{""2021"": 0.04808011877986451, ""2022"": 0.09357934151464953, ""2023"": -0.10819271900564176, ""2024"": -0.0017692276365641746, ""2025"": 0.49010848837400967, ""2026"": 0.5874125729846482}"
coarse,m612_70_30_month_start_2_top2_majority_below_ma120_liq0_trend0_equal,6月70%+12月30%｜月初第2日 Top2｜2/3指数低于MA120空仓｜纯动量｜equal,m612_70_30,month_start_2,majority_below_ma120,liq0_trend0,equal,1.0,2021-07-10,1.3898194601154557,0.19071527962032664,-0.18376603514082845,0.8947074187497105,0.35534678447118523,71,"{""2021"": 0.06735104056215402, ""2022"": 0.08035034267957175, ""2023"": -0.07571043088075835, ""2024"": 0.005154468021191461, ""2025"": 0.42654557961277395, ""2026"": 0.587412572984648}"
coarse,m612_70_30_month_start_2_top2_majority_below_ma130_liq0_trend0_equal,6月70%+12月30%｜月初第2日 Top2｜2/3指数低于MA130空仓｜纯动量｜equal,m612_70_30,month_start_2,majority_below_ma130,liq0_trend0,equal,1.0,2021-07-10,0.8279795040640157,0.12846390318399137,-0.22763561546688615,0.6417842315751506,0.35367288859289747,70,"{""2021"": 0.06735104056215402, ""2022"": -0.020572194743457284, ""2023"": -0.08045377336652015, ""2024"": 0.006546922422779877, ""2025"": 0.3309852494697578, ""2026"": 0.44090021705060956}"
coarse,m612_70_30_month_start_2_top2_majority_below_ma140_liq0_trend0_equal,6月70%+12月30%｜月初第2日 Top2｜2/3指数低于MA140空仓｜纯动量｜equal,m612_70_30,month_start_2,majority_below_ma140,liq0_trend0,equal,1.0,2021-07-10,0.746801510718563,0.1182401591852289,-0.22492432627135872,0.5992471042844988,0.349534805739028,58,"{""2021"": 0.06850038558906646, ""2022"": -0.013149918785329007, ""2023"": -0.08175112356586778, ""2024"": 0.0028197903891020726, ""2025"": 0.26742891876185304, ""2026"": 0.4409002170506098}"
coarse,m612_70_30_month_start_2_top2_majority_below_ma150_liq0_trend0_equal,6月70%+12月30%｜月初第2日 Top2｜2/3指数低于MA150空仓｜纯动量｜equal,m612_70_30,month_start_2,majority_below_ma150,liq0_trend0,equal,1.0,2021-07-10,0.6947988501710618,0.11148940024718113,-0.214645087221371,0.5749576850348366,0.3396174503671272,54,"{""2021"": 0.06850038558906646, ""2022"": 0.0, ""2023"": -0.08175112356586767, ""2024"": 0.0027575384767999367, ""2025"": 0.26742891876185304, ""2026"": 0.3797063092684545}"
coarse,m612_70_30_month_start_3_top2_majority_below_ma100_liq0_trend0_equal,6月70%+12月30%｜月初第3日 Top2｜2/3指数低于MA100空仓｜纯动量｜equal,m612_70_30,month_start_3,majority_below_ma100,liq0_trend0,equal,1.0,2021-07-10,1.412529507043478,0.1929737821605071,-0.16922832442831914,0.9115700889387762,0.3330578512396694,64,"{""2021"": 0.014316900084402784, ""2022"": 0.06887186131827261, ""2023"": -0.03885954754795784, ""2024"": 0.03772300924531846, ""2025"": 0.4380111794194885, ""2026"": 0.5757495666325458}"
coarse,m612_70_30_month_start_3_top2_majority_below_ma110_liq0_trend0_equal,6月70%+12月30%｜月初第3日 Top2｜2/3指数低于MA110空仓｜纯动量｜equal,m612_70_30,month_start_3,majority_below_ma110,liq0_trend0,equal,1.0,2021-07-10,1.6327627857731972,0.21403790350863194,-0.18119900319440108,0.977813639425816,0.3446280991735537,66,"{""2021"": 0.04808011877986451, ""2022"": 0.07455115948780722, ""2023"": -0.08472691311042191, ""2024"": 0.03772300924531824, ""2025"": 0.5864093056983044, ""2026"": 0.5757495666325461}"
coarse,m612_70_30_month_start_3_top2_majority_below_ma120_liq0_trend0_equal,6月70%+12月30%｜月初第3日 Top2｜2/3指数低于MA120空仓｜纯动量｜equal,m612_70_30,month_start_3,majority_below_ma120,liq0_trend0,equal,1.0,2021-07-10,1.706995538566618,0.22082021977537658,-0.16922832442831925,1.0000462057584425,0.34710743801652894,64,"{""2021"": 0.06812639480961713, ""2022"": 0.061367994249649005, ""2023"": -0.02671362446856118, ""2024"": 0.04130301232725753, ""2025"": 0.5185824402384784, ""2026"": 0.5757495666325461}"
coarse,m612_70_30_month_start_3_top2_majority_below_ma130_liq0_trend0_equal,6月70%+12月30%｜月初第3日 Top2｜2/3指数低于MA130空仓｜纯动量｜equal,m612_70_30,month_start_3,majority_below_ma130,liq0_trend0,equal,1.0,2021-07-10,1.0538680167215335,0.15511694754578786,-0.20526979894747965,0.7387966662310114,0.34628099173553717,55,"{""2021"": 0.06812639480961713, ""2022"": -0.0358395660123213, ""2023"": -0.04227783369710125, ""2024"": 0.04493786306616809, ""2025"": 0.4157590504360551, ""2026"": 0.42963660924798064}"
coarse,m612_70_30_month_start_3_top2_majority_below_ma140_liq0_trend0_equal,6月70%+12月30%｜月初第3日 Top2｜2/3指数低于MA140空仓｜纯动量｜equal,m612_70_30,month_start_3,majority_below_ma140,liq0_trend0,equal,1.0,2021-07-10,0.9488365729922859,0.1430320426688001,-0.20770990962682556,0.6890936046675153,0.34628099173553717,55,"{""2021"": 0.06812639480961713, ""2022"": -0.0358395660123213, ""2023"": -0.04227783369710125, ""2024"": 0.0417295238894968, ""2025"": 0.34749675826604975, ""2026"": 0.4296366092479804}"
coarse,m612_70_30_month_start_3_top2_majority_below_ma150_liq0_trend0_equal,6月70%+12月30%｜月初第3日 Top2｜2/3指数低于MA150空仓｜纯动量｜equal,m612_70_30,month_start_3,majority_below_ma150,liq0_trend0,equal,1.0,2021-07-10,0.8709512989861357,0.13372964252223074,-0.20563643459399927,0.6550439984115576,0.33801652892561984,55,"{""2021"": 0.06812639480961713, ""2022"": -0.024022790706902386, ""2023"": -0.042277833697101364, ""2024"": 0.03180990921927096, ""2025"": 0.34749675826604975, ""2026"": 0.3689186175819974}"
coarse,m612_70_30_month_start_4_top2_majority_below_ma100_liq0_trend0_equal,6月70%+12月30%｜月初第4日 Top2｜2/3指数低于MA100空仓｜纯动量｜equal,m612_70_30,month_start_4,majority_below_ma100,liq0_trend0,equal,1.0,2021-07-10,1.0883860129082126,0.1589806504487612,-0.19632106317310105,0.7908483888438357,0.3256198347107438,63,"{""2021"": 0.014316900084402784, ""2022"": 0.06863877886457881, ""2023"": -0.07226735902126769, ""2024"": 0.14851975569496334, ""2025"": 0.21602097426031763, ""2026"": 0.5104777623791501}"
coarse,m612_70_30_month_start_4_top2_majority_below_ma110_liq0_trend0_equal,6月70%+12月30%｜月初第4日 Top2｜2/3指数低于MA110空仓｜纯动量｜equal,m612_70_30,month_start_4,majority_below_ma110,liq0_trend0,equal,1.0,2021-07-10,1.5436482561198286,0.20569088839817318,-0.19632106317310094,0.961069207136439,0.33636363636363636,64,"{""2021"": 0.04808011877986451, ""2022"": 0.09620694616964487, ""2023"": -0.08086840877814172, ""2024"": 0.1485197556949629, ""2025"": 0.4104251643609369, ""2026"": 0.5104777623791499}"
coarse,m612_70_30_month_start_4_top2_majority_below_ma120_liq0_trend0_equal,6月70%+12月30%｜月初第4日 Top2｜2/3指数低于MA120空仓｜纯动量｜equal,m612_70_30,month_start_4,majority_below_ma120,liq0_trend0,equal,1.0,2021-07-10,1.4642788572053784,0.19805740889270673,-0.19632106317310072,0.9290641291329605,0.34049586776859503,64,"{""2021"": 0.06812639480961713, ""2022"": 0.08328239937513082, ""2023"": -0.0626523799688461, ""2024"": 0.13156261220856758, ""2025"": 0.35033782901526966, ""2026"": 0.5104777623791497}"
coarse,m612_70_30_month_start_4_top2_majority_below_ma130_liq0_trend0_equal,6月70%+12月30%｜月初第4日 Top2｜2/3指数低于MA130空仓｜纯动量｜equal,m612_70_30,month_start_4,majority_below_ma130,liq0_trend0,equal,1.0,2021-07-10,0.8877154200816757,0.13575770372289142,-0.19632106317310094,0.6733246513071552,0.34049586776859503,57,"{""2021"": 0.06812639480961713, ""2022"": -0.036362701653181895, ""2023"": -0.04124677551118727, ""2024"": 0.12600328329487454, ""2025"": 0.2585306514316348, ""2026"": 0.37119906136552405}"
coarse,m612_70_30_month_start_4_top2_majority_below_ma140_liq0_trend0_equal,6月70%+12月30%｜月初第4日 Top2｜2/3指数低于MA140空仓｜纯动量｜equal,m612_70_30,month_start_4,majority_below_ma140,liq0_trend0,equal,1.0,2021-07-10,0.7871969326028823,0.12337407072646123,-0.19632106317310094,0.6215044993183243,0.34049586776859503,57,"{""2021"": 0.06812639480961713, ""2022"": -0.036362701653181895, ""2023"": -0.04124677551118727, ""2024"": 0.12020235898849063, ""2025"": 0.1976856831956706, ""2026"": 0.37119906136552405}"
coarse,m612_70_30_month_start_4_top2_majority_below_ma150_liq0_trend0_equal,6月70%+12月30%｜月初第4日 Top2｜2/3指数低于MA150空仓｜纯动量｜equal,m612_70_30,month_start_4,majority_below_ma150,liq0_trend0,equal,1.0,2021-07-10,0.7056086971636804,0.11290619050248774,-0.19632106317310094,0.5813177067235973,0.3330578512396694,57,"{""2021"": 0.04809946349277072, ""2022"": -0.024561781369505375, ""2023"": -0.04124677551118727, ""2024"": 0.12404701695666498, ""2025"": 0.1976856831956708, ""2026"": 0.3129660198083477}"
coarse,m612_70_30_month_start_5_top2_majority_below_ma100_liq0_trend0_equal,6月70%+12月30%｜月初第5日 Top2｜2/3指数低于MA100空仓｜纯动量｜equal,m612_70_30,month_start_5,majority_below_ma100,liq0_trend0,equal,1.0,2021-07-10,1.0557476558023753,0.1553286727660983,-0.2058617537395907,0.799693921470127,0.31735537190082647,60,"{""2021"": 0.014014777544083312, ""2022"": 0.09476950420719632, ""2023"": -0.037332795471722746, ""2024"": 0.11489214161924854, ""2025"": 0.23796704211509967, ""2026"": 0.41555216719792765}"
coarse,m612_70_30_month_start_5_top2_majority_below_ma110_liq0_trend0_equal,6月70%+12月30%｜月初第5日 Top2｜2/3指数低于MA110空仓｜纯动量｜equal,m612_70_30,month_start_5,majority_below_ma110,liq0_trend0,equal,1.0,2021-07-10,1.5768880022559446,0.20883127314929095,-0.16131072867926977,1.0016098472492063,0.32874614246897227,64,"{""2021"": 0.04614292997560909, ""2022"": 0.12839910466482074, ""2023"": -0.048326761583343814, ""2024"": 0.11489214161924854, ""2025"": 0.4761699513637274, ""2026"": 0.4155521671979283}"
coarse,m612_70_30_month_start_5_top2_majority_below_ma120_liq0_trend0_equal,6月70%+12月30%｜月初第5日 Top2｜2/3指数低于MA120空仓｜纯动量｜equal,m612_70_30,month_start_5,majority_below_ma120,liq0_trend0,equal,1.0,2021-07-10,1.47873169056742,0.19946193016452418,-0.16131072867926988,0.9601609140252817,0.33452252749399575,72,"{""2021"": 0.0894405971356671, ""2022"": 0.11491889644916009, ""2023"": -0.029848722806804506, ""2024"": 0.09738522740300071, ""2025"": 0.375306211343579, ""2026"": 0.4155521671979281}"
coarse,m612_70_30_month_start_5_top2_majority_below_ma130_liq0_trend0_equal,6月70%+12月30%｜月初第5日 Top2｜2/3指数低于MA130空仓｜纯动量｜equal,m612_70_30,month_start_5,majority_below_ma130,liq0_trend0,equal,1.0,2021-07-10,0.9905946369548475,0.14789765794308174,-0.1810381940374699,0.7335299075986621,0.3477423505776681,67,"{""2021"": 0.0894405971356671, ""2022"": 0.08657502905736769, ""2023"": -0.07023587237667306, ""2024"": 0.09199502305686091, ""2025"": 0.2984835635834604, ""2026"": 0.2954803129598831}"
coarse,m612_70_30_month_start_5_top2_majority_below_ma140_liq0_trend0_equal,6月70%+12月30%｜月初第5日 Top2｜2/3指数低于MA140空仓｜纯动量｜equal,m612_70_30,month_start_5,majority_below_ma140,liq0_trend0,equal,1.0,2021-07-10,0.7421266315623831,0.11763991125048356,-0.21777975025079632,0.6111330165680037,0.33699762354598284,59,"{""2021"": 0.10358887472898903, ""2022"": -0.014130781609579923, ""2023"": -0.07023587237667306, ""2024"": 0.08865130350625816, ""2025"": 0.24022894597353295, ""2026"": 0.2954803129598831}"
coarse,m612_70_30_month_start_5_top2_majority_below_ma150_liq0_trend0_equal,6月70%+12月30%｜月初第5日 Top2｜2/3指数低于MA150空仓｜纯动量｜equal,m612_70_30,month_start_5,majority_below_ma150,liq0_trend0,equal,1.0,2021-07-10,0.6918670264287887,0.1111038960012074,-0.21777975025079632,0.5857659746206689,0.3295596070170572,55,"{""2021"": 0.10358887472898903, ""2022"": 0.0, ""2023"": -0.07023587237667317, ""2024"": 0.08854949075498775, ""2025"": 0.2402289459735334, ""2026"": 0.24044424618114135}"
coarse,m1612_10_40_50_month_start_1_top2_majority_below_ma100_liq0_trend0_equal,1月10%+6月40%+12月50%｜月初第1日 Top2｜2/3指数低于MA100空仓｜纯动量｜equal,m1612_10_40_50,month_start_1,majority_below_ma100,liq0_trend0,equal,1.0,2021-07-10,0.8835721987481315,0.13525781619108912,-0.18459085467924785,0.701311732483443,0.33709474585740745,59,"{""2021"": 0.007804951623372691, ""2022"": 0.08332749851530852, ""2023"": -0.011396088918868341, ""2024"": -0.026735304400436588, ""2025"": 0.14517241025017213, ""2026"": 0.5982662309220581}"
coarse,m1612_10_40_50_month_start_1_top2_majority_below_ma110_liq0_trend0_equal,1月10%+6月40%+12月50%｜月初第1日 Top2｜2/3指数低于MA110空仓｜纯动量｜equal,m1612_10_40_50,month_start_1,majority_below_ma110,liq0_trend0,equal,1.0,2021-07-10,1.142221768291173,0.16490593258697395,-0.18459085467924774,0.7929796032166256,0.3701525970970768,68,"{""2021"": 0.04028044697307642, ""2022"": 0.08627788847728501, ""2023"": -0.07276072902501873, ""2024"": -0.0267353044004367, ""2025"": 0.3416165905307751, ""2026"": 0.5982662309220579}"
coarse,m1612_10_40_50_month_start_1_top2_majority_below_ma120_liq0_trend0_equal,1月10%+6月40%+12月50%｜月初第1日 Top2｜2/3指数低于MA120空仓｜纯动量｜equal,m1612_10_40_50,month_start_1,majority_below_ma120,liq0_trend0,equal,1.0,2021-07-10,1.0459329674171487,0.1542214209218744,-0.18517036769057182,0.7498853071732864,0.37345838222104377,68,"{""2021"": 0.059363918862817444, ""2022"": 0.0730131834273573, ""2023"": -0.05412071295823129, ""2024"": -0.044964875569787566, ""2025"": 0.2725189532774601, ""2026"": 0.5982662309220586}"
coarse,m1612_10_40_50_month_start_1_top2_majority_below_ma130_liq0_trend0_equal,1月10%+6月40%+12月50%｜月初第1日 Top2｜2/3指数低于MA130空仓｜纯动量｜equal,m1612_10_40_50,month_start_1,majority_below_ma130,liq0_trend0,equal,1.0,2021-07-10,0.5379661603561765,0.09007407944459,-0.24611395635277755,0.4907297071661491,0.36519391941112644,65,"{""2021"": 0.059363918862817444, ""2022"": -0.02327407763028444, ""2023"": -0.08817706050416285, ""2024"": -0.04965297278225034, ""2025"": 0.20314796320752349, ""2026"": 0.4552727305649493}"
coarse,m1612_10_40_50_month_start_1_top2_majority_below_ma140_liq0_trend0_equal,1月10%+6月40%+12月50%｜月初第1日 Top2｜2/3指数低于MA140空仓｜纯动量｜equal,m1612_10_40_50,month_start_1,majority_below_ma140,liq0_trend0,equal,1.0,2021-07-10,0.46867013943946034,0.08005126697652432,-0.26835974206144697,0.449158406701699,0.3668468119731099,65,"{""2021"": 0.06273747431988586, ""2022"": -0.02327407763028455, ""2023"": -0.08817706050416274, ""2024"": -0.049652972782250226, ""2025"": 0.14529062963045902, ""2026"": 0.4552727305649491}"
coarse,m1612_10_40_50_month_start_1_top2_majority_below_ma150_liq0_trend0_equal,1月10%+6月40%+12月50%｜月初第1日 Top2｜2/3指数低于MA150空仓｜纯动量｜equal,m1612_10_40_50,month_start_1,majority_below_ma150,liq0_trend0,equal,1.0,2021-07-10,0.4397186706993832,0.07575150428246036,-0.2509804662543874,0.43309096691874327,0.35610301032021735,61,"{""2021"": 0.06273747431988586, ""2022"": 0.0, ""2023"": -0.08817706050416285, ""2024"": -0.049722417255940954, ""2025"": 0.14529062963045924, ""2026"": 0.39348472838847726}"
coarse,m1612_10_40_50_month_start_2_top2_majority_below_ma100_liq0_trend0_equal,1月10%+6月40%+12月50%｜月初第2日 Top2｜2/3指数低于MA100空仓｜纯动量｜equal,m1612_10_40_50,month_start_2,majority_below_ma100,liq0_trend0,equal,1.0,2021-07-10,1.19019938920525,0.1700869398040772,-0.17918438619367372,0.8455772839937354,0.32664482815273427,56,"{""2021"": 0.014316900084402784, ""2022"": 0.09330368706850845, ""2023"": -0.03089939649944473, ""2024"": 0.010461909016576065, ""2025"": 0.3296373497041918, ""2026"": 0.5398211787303964}"
coarse,m1612_10_40_50_month_start_2_top2_majority_below_ma110_liq0_trend0_equal,1月10%+6月40%+12月50%｜月初第2日 Top2｜2/3指数低于MA110空仓｜纯动量｜equal,m1612_10_40_50,month_start_2,majority_below_ma110,liq0_trend0,equal,1.0,2021-07-10,1.3801125309962337,0.18974469213811918,-0.1975126511956632,0.8974656007129918,0.3522646628634781,60,"{""2021"": 0.04808011877986451, ""2022"": 0.09357934151464953, ""2023"": -0.10819271900564176, ""2024"": 0.01046190901657651, ""2025"": 0.519198726089191, ""2026"": 0.5398211787303966}"
coarse,m1612_10_40_50_month_start_2_top2_majority_below_ma120_liq0_trend0_equal,1月10%+6月40%+12月50%｜月初第2日 Top2｜2/3指数低于MA120空仓｜纯动量｜equal,m1612_10_40_50,month_start_2,majority_below_ma120,liq0_trend0,equal,1.0,2021-07-10,1.3885627703461672,0.19058980213770904,-0.1791843861936736,0.8975587555361587,0.355570447987445,66,"{""2021"": 0.06735104056215402, ""2022"": 0.08035034267957175, ""2023"": -0.07571043088075835, ""2024"": 0.016407580798699417, ""2025"": 0.4535890979474555, ""2026"": 0.5398211787303959}"
coarse,m1612_10_40_50_month_start_2_top2_majority_below_ma130_liq0_trend0_equal,1月10%+6月40%+12月50%｜月初第2日 Top2｜2/3指数低于MA130空仓｜纯动量｜equal,m1612_10_40_50,month_start_2,majority_below_ma130,liq0_trend0,equal,1.0,2021-07-10,0.8271451702426944,0.12836068908574383,-0.2189886822829823,0.6432819446964514,0.35391755542546155,65,"{""2021"": 0.06735104056215402, ""2022"": -0.020572194743457284, ""2023"": -0.08045377336652015, ""2024"": 0.017815624293225474, ""2025"": 0.3563114055656298, ""2026"": 0.39770133386313544}"
coarse,m1612_10_40_50_month_start_2_top2_majority_below_ma140_liq0_trend0_equal,1月10%+6月40%+12月50%｜月初第2日 Top2｜2/3指数低于MA140空仓｜纯动量｜equal,m1612_10_40_50,month_start_2,majority_below_ma140,liq0_trend0,equal,1.0,2021-07-10,0.7264974863221474,0.11562375417239479,-0.22492432627135872,0.5907171905048545,0.3497853240205029,53,"{""2021"": 0.06850038558906646, ""2022"": -0.013149918785329007, ""2023"": -0.08175112356586778, ""2024"": 0.0028197903891020726, ""2025"": 0.29141412078084605, ""2026"": 0.397701333863135}"
coarse,m1612_10_40_50_month_start_2_top2_majority_below_ma150_liq0_trend0_equal,1月10%+6月40%+12月50%｜月初第2日 Top2｜2/3指数低于MA150空仓｜纯动量｜equal,m1612_10_40_50,month_start_2,majority_below_ma150,liq0_trend0,equal,1.0,2021-07-10,0.6750992809929159,0.1088887903382707,-0.214645087221371,0.566295868209777,0.339867968648602,49,"{""2021"": 0.06850038558906646, ""2022"": 0.0, ""2023"": -0.08175112356586767, ""2024"": 0.0027575384767999367, ""2025"": 0.29141412078084605, ""2026"": 0.3383420489388196}"
coarse,m1612_10_40_50_month_start_3_top2_majority_below_ma100_liq0_trend0_equal,1月10%+6月40%+12月50%｜月初第3日 Top2｜2/3指数低于MA100空仓｜纯动量｜equal,m1612_10_40_50,month_start_3,majority_below_ma100,liq0_trend0,equal,1.0,2021-07-10,1.3287508220264144,0.1845557462825902,-0.1925987346011745,0.8762107055330426,0.3330578512396694,67,"{""2021"": 0.014316900084402784, ""2022"": 0.06887186131827261, ""2023"": -0.03885954754795784, ""2024"": -0.008738130228746588, ""2025"": 0.4531309977342086, ""2026"": 0.5757495666325461}"
coarse,m1612_10_40_50_month_start_3_top2_majority_below_ma110_liq0_trend0_equal,1月10%+6月40%+12月50%｜月初第3日 Top2｜2/3指数低于MA110空仓｜纯动量｜equal,m1612_10_40_50,month_start_3,majority_below_ma110,liq0_trend0,equal,1.0,2021-07-10,1.5368461003692007,0.20504420175197158,-0.18489116214551637,0.9413009504135864,0.3446280991735537,69,"{""2021"": 0.04808011877986451, ""2022"": 0.07455115948780722, ""2023"": -0.08472691311042191, ""2024"": -0.008738130228746588, ""2025"": 0.6002570778396048, ""2026"": 0.5757495666325458}"
coarse,m1612_10_40_50_month_start_3_top2_majority_below_ma120_liq0_trend0_equal,1月10%+6月40%+12月50%｜月初第3日 Top2｜2/3指数低于MA120空仓｜纯动量｜equal,m1612_10_40_50,month_start_3,majority_below_ma120,liq0_trend0,equal,1.0,2021-07-10,1.5638233575371165,0.2076008529884943,-0.18489116214551637,0.9469374673233003,0.34710743801652894,69,"{""2021"": 0.06812639480961713, ""2022"": 0.061367994249649005, ""2023"": -0.02671362446856118, ""2024"": -0.006357271077750193, ""2025"": 0.5072485374145894, ""2026"": 0.5757495666325463}"
coarse,m1612_10_40_50_month_start_3_top2_majority_below_ma130_liq0_trend0_equal,1月10%+6月40%+12月50%｜月初第3日 Top2｜2/3指数低于MA130空仓｜纯动量｜equal,m1612_10_40_50,month_start_3,majority_below_ma130,liq0_trend0,equal,1.0,2021-07-10,0.9410440291745166,0.14211484864216195,-0.2029108487706578,0.6874548729581205,0.34628099173553717,62,"{""2021"": 0.06812639480961713, ""2022"": -0.0358395660123213, ""2023"": -0.04227783369710125, ""2024"": -0.002888786914467034, ""2025"": 0.40216182478485707, ""2026"": 0.4296366092479804}"
coarse,m1612_10_40_50_month_start_3_top2_majority_below_ma140_liq0_trend0_equal,1月10%+6月40%+12月50%｜月初第3日 Top2｜2/3指数低于MA140空仓｜纯动量｜equal,m1612_10_40_50,month_start_3,majority_below_ma140,liq0_trend0,equal,1.0,2021-07-10,0.8387019344119357,0.1297870163580379,-0.20701430215407501,0.6372079957102923,0.34628099173553717,62,"{""2021"": 0.06812639480961713, ""2022"": -0.0358395660123213, ""2023"": -0.04227783369710125, ""2024"": -0.008021963516693487, ""2025"": 0.3351056346586383, ""2026"": 0.42963660924798064}"
coarse,m1612_10_40_50_month_start_3_top2_majority_below_ma150_liq0_trend0_equal,1月10%+6月40%+12月50%｜月初第3日 Top2｜2/3指数低于MA150空仓｜纯动量｜equal,m1612_10_40_50,month_start_3,majority_below_ma150,liq0_trend0,equal,1.0,2021-07-10,0.7846197152531238,0.12304931476726622,-0.20280090138266504,0.6124167169597176,0.33801652892561984,62,"{""2021"": 0.06812639480961713, ""2022"": -0.024022790706902386, ""2023"": -0.042277833697101364, ""2024"": -0.006668815346355439, ""2025"": 0.3351056346586385, ""2026"": 0.3689186175819976}"
coarse,m1612_10_40_50_month_start_4_top2_majority_below_ma100_liq0_trend0_equal,1月10%+6月40%+12月50%｜月初第4日 Top2｜2/3指数低于MA100空仓｜纯动量｜equal,m1612_10_40_50,month_start_4,majority_below_ma100,liq0_trend0,equal,1.0,2021-07-10,1.0362897257760668,0.15312936641962716,-0.19632106317310105,0.7692387211459409,0.3256198347107438,66,"{""2021"": 0.014316900084402784, ""2022"": 0.06863877886457881, ""2023"": -0.07226735902126769, ""2024"": 0.10883841271651651, ""2025"": 0.25958150719933615, ""2026"": 0.4727345200217421}"
coarse,m1612_10_40_50_month_start_4_top2_majority_below_ma110_liq0_trend0_equal,1月10%+6月40%+12月50%｜月初第4日 Top2｜2/3指数低于MA110空仓｜纯动量｜equal,m1612_10_40_50,month_start_4,majority_below_ma110,liq0_trend0,equal,1.0,2021-07-10,1.4669201509472543,0.1983145798982584,-0.19632106317310072,0.9352196787981547,0.33636363636363636,62,"{""2021"": 0.04808011877986451, ""2022"": 0.09620694616964487, ""2023"": -0.08086840877814172, ""2024"": 0.10883841271651629, ""2025"": 0.4531301065408091, ""2026"": 0.47273452002174166}"
coarse,m1612_10_40_50_month_start_4_top2_majority_below_ma120_liq0_trend0_equal,1月10%+6月40%+12月50%｜月初第4日 Top2｜2/3指数低于MA120空仓｜纯动量｜equal,m1612_10_40_50,month_start_4,majority_below_ma120,liq0_trend0,equal,1.0,2021-07-10,1.388784774767044,0.1906119725893285,-0.19632106317310072,0.9027995812740878,0.34049586776859503,62,"{""2021"": 0.06812639480961713, ""2022"": 0.08328239937513082, ""2023"": -0.0626523799688461, ""2024"": 0.09246713832229947, ""2025"": 0.39054811797343825, ""2026"": 0.47273452002174166}"
coarse,m1612_10_40_50_month_start_4_top2_majority_below_ma130_liq0_trend0_equal,1月10%+6月40%+12月50%｜月初第4日 Top2｜2/3指数低于MA130空仓｜纯动量｜equal,m1612_10_40_50,month_start_4,majority_below_ma130,liq0_trend0,equal,1.0,2021-07-10,0.8315477043344779,0.1289048949161049,-0.19632106317310072,0.6480439729609775,0.34049586776859503,55,"{""2021"": 0.06812639480961713, ""2022"": -0.036362701653181895, ""2023"": -0.04124677551118727, ""2024"": 0.08709988415199721, ""2025"": 0.2971850188092202, ""2026"": 0.3369360620798856}"
coarse,m1612_10_40_50_month_start_4_top2_majority_below_ma140_liq0_trend0_equal,1月10%+6月40%+12月50%｜月初第4日 Top2｜2/3指数低于MA140空仓｜纯动量｜equal,m1612_10_40_50,month_start_4,majority_below_ma140,liq0_trend0,equal,1.0,2021-07-10,0.7347409057447654,0.11668896424055775,-0.19632106317310094,0.5966788755249958,0.34049586776859503,55,"{""2021"": 0.06812639480961713, ""2022"": -0.036362701653181895, ""2023"": -0.04124677551118727, ""2024"": 0.08149938170675397, ""2025"": 0.23498443203411168, ""2026"": 0.3369360620798856}"
coarse,m1612_10_40_50_month_start_4_top2_majority_below_ma150_liq0_trend0_equal,1月10%+6月40%+12月50%｜月初第4日 Top2｜2/3指数低于MA150空仓｜纯动量｜equal,m1612_10_40_50,month_start_4,majority_below_ma150,liq0_trend0,equal,1.0,2021-07-10,0.6649306661748315,0.10753681291856165,-0.19632106317310083,0.5613137836055536,0.3330578512396694,55,"{""2021"": 0.054039873884038414, ""2022"": -0.024561781369505487, ""2023"": -0.04124677551118727, ""2024"": 0.08521120679093697, ""2025"": 0.2349844320341119, ""2026"": 0.28015812555996544}"
coarse,m1612_10_40_50_month_start_5_top2_majority_below_ma100_liq0_trend0_equal,1月10%+6月40%+12月50%｜月初第5日 Top2｜2/3指数低于MA100空仓｜纯动量｜equal,m1612_10_40_50,month_start_5,majority_below_ma100,liq0_trend0,equal,1.0,2021-07-10,1.1840265413266966,0.16942546463095343,-0.16131072867926988,0.857121559034387,0.31735537190082647,60,"{""2021"": 0.014014777544083312, ""2022"": 0.09476950420719632, ""2023"": -0.037332795471722746, ""2024"": 0.11489214161924854, ""2025"": 0.31521632513392595, ""2026"": 0.4155521671979274}"
coarse,m1612_10_40_50_month_start_5_top2_majority_below_ma110_liq0_trend0_equal,1月10%+6月40%+12月50%｜月初第5日 Top2｜2/3指数低于MA110空仓｜纯动量｜equal,m1612_10_40_50,month_start_5,majority_below_ma110,liq0_trend0,equal,1.0,2021-07-10,1.6808683431971976,0.21845024917225264,-0.16131072867926977,1.039395939522812,0.32892561983471075,62,"{""2021"": 0.04614292997560909, ""2022"": 0.12839910466482074, ""2023"": -0.048326761583343814, ""2024"": 0.11489214161924854, ""2025"": 0.5357350759231416, ""2026"": 0.4155521671979274}"
coarse,m1612_10_40_50_month_start_5_top2_majority_below_ma120_liq0_trend0_equal,1月10%+6月40%+12月50%｜月初第5日 Top2｜2/3指数低于MA120空仓｜纯动量｜equal,m1612_10_40_50,month_start_5,majority_below_ma120,liq0_trend0,equal,1.0,2021-07-10,1.6072649166830746,0.21167298495857279,-0.16131072867926977,1.0060379983555614,0.3347107438016529,70,"{""2021"": 0.0894405971356671, ""2022"": 0.11491889644916009, ""2023"": -0.029848722806804506, ""2024"": 0.09738522740300071, ""2025"": 0.446621934991112, ""2026"": 0.41555216719792787}"
coarse,m1612_10_40_50_month_start_5_top2_majority_below_ma130_liq0_trend0_equal,1月10%+6月40%+12月50%｜月初第5日 Top2｜2/3指数低于MA130空仓｜纯动量｜equal,m1612_10_40_50,month_start_5,majority_below_ma130,liq0_trend0,equal,1.0,2021-07-10,1.058009185343121,0.1555832095960803,-0.17407322769749212,0.7616176172666946,0.34793388429752065,65,"{""2021"": 0.0894405971356671, ""2022"": 0.08657502905736769, ""2023"": -0.07023587237667306, ""2024"": 0.09199502305686091, ""2025"": 0.34245870618832863, ""2026"": 0.2954803129598831}"
coarse,m1612_10_40_50_month_start_5_top2_majority_below_ma140_liq0_trend0_equal,1月10%+6月40%+12月50%｜月初第5日 Top2｜2/3指数低于MA140空仓｜纯动量｜equal,m1612_10_40_50,month_start_5,majority_below_ma140,liq0_trend0,equal,1.0,2021-07-10,0.8198938659739654,0.1274620510584672,-0.2029073347574918,0.6491605446838884,0.3371900826446281,57,"{""2021"": 0.10358887472898903, ""2022"": -0.014130781609579923, ""2023"": -0.07023587237667306, ""2024"": 0.08865130350625816, ""2025"": 0.29559184176891806, ""2026"": 0.2954803129598833}"
coarse,m1612_10_40_50_month_start_5_top2_majority_below_ma150_liq0_trend0_equal,1月10%+6月40%+12月50%｜月初第5日 Top2｜2/3指数低于MA150空仓｜纯动量｜equal,m1612_10_40_50,month_start_5,majority_below_ma150,liq0_trend0,equal,1.0,2021-07-10,0.7673907095261066,0.12086859543423722,-0.2029073347574918,0.6239131704231654,0.32975206611570246,53,"{""2021"": 0.10358887472898903, ""2022"": 0.0, ""2023"": -0.07023587237667317, ""2024"": 0.08854949075498775, ""2025"": 0.2955918417689185, ""2026"": 0.2404442461811418}"
coarse,m1612_20_40_40_month_start_1_top2_majority_below_ma100_liq0_trend0_equal,1月20%+6月40%+12月40%｜月初第1日 Top2｜2/3指数低于MA100空仓｜纯动量｜equal,m1612_20_40_40,month_start_1,majority_below_ma100,liq0_trend0,equal,1.0,2021-07-10,1.1707922300694613,0.16800223726985974,-0.18459085467924785,0.8268032158563899,0.33709474585740745,57,"{""2021"": 0.007804951623372691, ""2022"": 0.08332749851530852, ""2023"": -0.011396088918868341, ""2024"": -0.026735304400436588, ""2025"": 0.2694244098105907, ""2026"": 0.6534619577047667}"
coarse,m1612_20_40_40_month_start_1_top2_majority_below_ma110_liq0_trend0_equal,1月20%+6月40%+12月40%｜月初第1日 Top2｜2/3指数低于MA110空仓｜纯动量｜equal,m1612_20_40_40,month_start_1,majority_below_ma110,liq0_trend0,equal,1.0,2021-07-10,1.5279230562819026,0.20419377469228417,-0.18459085467924796,0.9318561608826694,0.3701525970970768,66,"{""2021"": 0.04028044697307642, ""2022"": 0.08627788847728501, ""2023"": -0.07276072902501873, ""2024"": -0.0267353044004367, ""2025"": 0.5227472541157925, ""2026"": 0.6534619577047669}"
coarse,m1612_20_40_40_month_start_1_top2_majority_below_ma120_liq0_trend0_equal,1月20%+6月40%+12月40%｜月初第1日 Top2｜2/3指数低于MA120空仓｜纯动量｜equal,m1612_20_40_40,month_start_1,majority_below_ma120,liq0_trend0,equal,1.0,2021-07-10,1.3971268396781675,0.19144386048623407,-0.18517036769057182,0.8811553770600379,0.37345838222104377,66,"{""2021"": 0.059363918862817444, ""2022"": 0.0730131834273573, ""2023"": -0.05412071295823129, ""2024"": -0.044964875569787566, ""2025"": 0.43404855324113, ""2026"": 0.6534619577047671}"
coarse,m1612_20_40_40_month_start_1_top2_majority_below_ma130_liq0_trend0_equal,1月20%+6月40%+12月40%｜月初第1日 Top2｜2/3指数低于MA130空仓｜纯动量｜equal,m1612_20_40_40,month_start_1,majority_below_ma130,liq0_trend0,equal,1.0,2021-07-10,0.7903893013447403,0.12377582328217018,-0.24611395635277755,0.6163568229856229,0.36519043343449814,63,"{""2021"": 0.059363918862817444, ""2022"": -0.02327407763028444, ""2023"": -0.08817706050416285, ""2024"": -0.04965297278225034, ""2025"": 0.3471591034791801, ""2026"": 0.5055330763615105}"
coarse,m1612_20_40_40_month_start_1_top2_majority_below_ma140_liq0_trend0_equal,1月20%+6月40%+12月40%｜月初第1日 Top2｜2/3指数低于MA140空仓｜纯动量｜equal,m1612_20_40_40,month_start_1,majority_below_ma140,liq0_trend0,equal,1.0,2021-07-10,0.7097086616908681,0.11344167365709956,-0.26097585413363933,0.5740389654111966,0.36684203018139494,63,"{""2021"": 0.06273747431988586, ""2022"": -0.02327407763028455, ""2023"": -0.08817706050416274, ""2024"": -0.049652972782250226, ""2025"": 0.282368112437817, ""2026"": 0.5055330763615105}"
coarse,m1612_20_40_40_month_start_1_top2_majority_below_ma150_liq0_trend0_equal,1月20%+6月40%+12月40%｜月初第1日 Top2｜2/3指数低于MA150空仓｜纯动量｜equal,m1612_20_40_40,month_start_1,majority_below_ma150,liq0_trend0,equal,1.0,2021-07-10,0.6760056823955103,0.1090089829103078,-0.24342118253140121,0.5586846524261964,0.35609822852850237,59,"{""2021"": 0.06273747431988586, ""2022"": 0.0, ""2023"": -0.08817706050416285, ""2024"": -0.049722417255940954, ""2025"": 0.2823681124378168, ""2026"": 0.4416111295894134}"
coarse,m1612_20_40_40_month_start_2_top2_majority_below_ma100_liq0_trend0_equal,1月20%+6月40%+12月40%｜月初第2日 Top2｜2/3指数低于MA100空仓｜纯动量｜equal,m1612_20_40_40,month_start_2,majority_below_ma100,liq0_trend0,equal,1.0,2021-07-10,1.2443113893927173,0.175822599568352,-0.17918438619367372,0.8560651508742289,0.32664482815273427,58,"{""2021"": 0.014316900084402784, ""2022"": 0.09330368706850845, ""2023"": -0.03089939649944473, ""2024"": 0.010461909016576065, ""2025"": 0.3296373497041918, ""2026"": 0.5778646574761195}"
coarse,m1612_20_40_40_month_start_2_top2_majority_below_ma110_liq0_trend0_equal,1月20%+6月40%+12月40%｜月初第2日 Top2｜2/3指数低于MA110空仓｜纯动量｜equal,m1612_20_40_40,month_start_2,majority_below_ma110,liq0_trend0,equal,1.0,2021-07-10,1.438916606259078,0.19557671241654306,-0.1975126511956632,0.9072332305694317,0.3522646628634781,62,"{""2021"": 0.04808011877986451, ""2022"": 0.09357934151464953, ""2023"": -0.10819271900564176, ""2024"": 0.01046190901657651, ""2025"": 0.519198726089191, ""2026"": 0.5778646574761197}"
coarse,m1612_20_40_40_month_start_2_top2_majority_below_ma120_liq0_trend0_equal,1月20%+6月40%+12月40%｜月初第2日 Top2｜2/3指数低于MA120空仓｜纯动量｜equal,m1612_20_40_40,month_start_2,majority_below_ma120,liq0_trend0,equal,1.0,2021-07-10,1.447575620826255,0.19642596506849141,-0.1791843861936736,0.9073538543578733,0.355570447987445,68,"{""2021"": 0.06735104056215402, ""2022"": 0.08035034267957175, ""2023"": -0.07571043088075835, ""2024"": 0.016407580798699417, ""2025"": 0.4535890979474555, ""2026"": 0.5778646574761188}"
coarse,m1612_20_40_40_month_start_2_top2_majority_below_ma130_liq0_trend0_equal,1月20%+6月40%+12月40%｜月初第2日 Top2｜2/3指数低于MA130空仓｜纯动量｜equal,m1612_20_40_40,month_start_2,majority_below_ma130,liq0_trend0,equal,1.0,2021-07-10,0.8722873980608561,0.13389181056382982,-0.2189886822829823,0.6574501582564339,0.35391755542546155,67,"{""2021"": 0.06735104056215402, ""2022"": -0.020572194743457284, ""2023"": -0.08045377336652015, ""2024"": 0.017815624293225474, ""2025"": 0.3563114055656298, ""2026"": 0.432233539110197}"
coarse,m1612_20_40_40_month_start_2_top2_majority_below_ma140_liq0_trend0_equal,1月20%+6月40%+12月40%｜月初第2日 Top2｜2/3指数低于MA140空仓｜纯动量｜equal,m1612_20_40_40,month_start_2,majority_below_ma140,liq0_trend0,equal,1.0,2021-07-10,0.7691530695370736,0.1210924403539082,-0.22492432627135872,0.6057023907537913,0.3497853240205029,55,"{""2021"": 0.06850038558906646, ""2022"": -0.013149918785329007, ""2023"": -0.08175112356586778, ""2024"": 0.0028197903891020726, ""2025"": 0.29141412078084605, ""2026"": 0.4322335391101966}"
coarse,m1612_20_40_40_month_start_2_top2_majority_below_ma150_liq0_trend0_equal,1月20%+6月40%+12月40%｜月初第2日 Top2｜2/3指数低于MA150空仓｜纯动量｜equal,m1612_20_40_40,month_start_2,majority_below_ma150,liq0_trend0,equal,1.0,2021-07-10,0.7164849982266361,0.11432446233958671,-0.214645087221371,0.5817042858395438,0.339867968648602,51,"{""2021"": 0.06850038558906646, ""2022"": 0.0, ""2023"": -0.08175112356586767, ""2024"": 0.0027575384767999367, ""2025"": 0.29141412078084605, ""2026"": 0.3714076983769521}"
coarse,m1612_20_40_40_month_start_3_top2_majority_below_ma100_liq0_trend0_equal,1月20%+6月40%+12月40%｜月初第3日 Top2｜2/3指数低于MA100空仓｜纯动量｜equal,m1612_20_40_40,month_start_3,majority_below_ma100,liq0_trend0,equal,1.0,2021-07-10,1.4482323180263972,0.19649027408203668,-0.16922832442831937,0.923401327800088,0.3330578512396694,62,"{""2021"": 0.014316900084402784, ""2022"": 0.06887186131827261, ""2023"": -0.03885954754795784, ""2024"": 0.041891386355526805, ""2025"": 0.4534538743770298, ""2026"": 0.5757495666325458}"
coarse,m1612_20_40_40_month_start_3_top2_majority_below_ma110_liq0_trend0_equal,1月20%+6月40%+12月40%｜月初第3日 Top2｜2/3指数低于MA110空仓｜纯动量｜equal,m1612_20_40_40,month_start_3,majority_below_ma110,liq0_trend0,equal,1.0,2021-07-10,1.6689728813732532,0.2173651010567963,-0.17791000285183123,0.9884333772347361,0.3446280991735537,65,"{""2021"": 0.04808011877986451, ""2022"": 0.07455115948780722, ""2023"": -0.08472691311042191, ""2024"": 0.04189138635552703, ""2025"": 0.6017940570720988, ""2026"": 0.5757495666325458}"
coarse,m1612_20_40_40_month_start_3_top2_majority_below_ma120_liq0_trend0_equal,1月20%+6月40%+12月40%｜月初第3日 Top2｜2/3指数低于MA120空仓｜纯动量｜equal,m1612_20_40_40,month_start_3,majority_below_ma120,liq0_trend0,equal,1.0,2021-07-10,1.6969278759609985,0.2199091678383993,-0.16922832442831925,0.9936317605282817,0.34710743801652894,65,"{""2021"": 0.06812639480961713, ""2022"": 0.061367994249649005, ""2023"": -0.02671362446856118, ""2024"": 0.04439384984897421, ""2025"": 0.5084571746188953, ""2026"": 0.5757495666325461}"
coarse,m1612_20_40_40_month_start_3_top2_majority_below_ma130_liq0_trend0_equal,1月20%+6月40%+12月40%｜月初第3日 Top2｜2/3指数低于MA130空仓｜纯动量｜equal,m1612_20_40_40,month_start_3,majority_below_ma130,liq0_trend0,equal,1.0,2021-07-10,1.040751196087296,0.15363512110635003,-0.2029108487706578,0.7314575974967582,0.34627792732867524,58,"{""2021"": 0.06812639480961713, ""2022"": -0.0358395660123213, ""2023"": -0.04227783369710125, ""2024"": 0.04803948969817862, ""2025"": 0.40255433003557295, ""2026"": 0.4296366092479804}"
coarse,m1612_20_40_40_month_start_3_top2_majority_below_ma140_liq0_trend0_equal,1月20%+6月40%+12月40%｜月初第3日 Top2｜2/3指数低于MA140空仓｜纯动量｜equal,m1612_20_40_40,month_start_3,majority_below_ma140,liq0_trend0,equal,1.0,2021-07-10,0.9329890544535342,0.14116366602863462,-0.20701430215407501,0.6805737585177907,0.34627452701041944,58,"{""2021"": 0.06812639480961713, ""2022"": -0.0358395660123213, ""2023"": -0.04227783369710125, ""2024"": 0.04264413187236471, ""2025"": 0.3353667924616206, ""2026"": 0.42963660924798}"
coarse,m1612_20_40_40_month_start_3_top2_majority_below_ma150_liq0_trend0_equal,1月20%+6月40%+12月40%｜月初第3日 Top2｜2/3指数低于MA150空仓｜纯动量｜equal,m1612_20_40_40,month_start_3,majority_below_ma150,liq0_trend0,equal,1.0,2021-07-10,0.8761335436619089,0.1343581176052535,-0.20316842075204034,0.6557677322960644,0.33801006420050206,58,"{""2021"": 0.06812639480961713, ""2022"": -0.024022790706902386, ""2023"": -0.042277833697101364, ""2024"": 0.04406639320020456, ""2025"": 0.3353667924616204, ""2026"": 0.3689186175819976}"
coarse,m1612_20_40_40_month_start_4_top2_majority_below_ma100_liq0_trend0_equal,1月20%+6月40%+12月40%｜月初第4日 Top2｜2/3指数低于MA100空仓｜纯动量｜equal,m1612_20_40_40,month_start_4,majority_below_ma100,liq0_trend0,equal,1.0,2021-07-10,1.1650923632171697,0.16738713108845693,-0.19632106317310083,0.823346130063293,0.3256198347107438,63,"{""2021"": 0.014316900084402784, ""2022"": 0.06863877886457881, ""2023"": -0.07226735902126769, ""2024"": 0.14851975569496334, ""2025"": 0.2606853850819346, ""2026"": 0.5104777623791501}"
coarse,m1612_20_40_40_month_start_4_top2_majority_below_ma110_liq0_trend0_equal,1月20%+6月40%+12月40%｜月初第4日 Top2｜2/3指数低于MA110空仓｜纯动量｜equal,m1612_20_40_40,month_start_4,majority_below_ma110,liq0_trend0,equal,1.0,2021-07-10,1.620913584715781,0.2129411827876604,-0.19632106317310083,0.9871255130636113,0.33636363636363636,61,"{""2021"": 0.04808011877986451, ""2022"": 0.09620694616964487, ""2023"": -0.08086840877814172, ""2024"": 0.1485197556949629, ""2025"": 0.4532679448130523, ""2026"": 0.5104777623791501}"
coarse,m1612_20_40_40_month_start_4_top2_majority_below_ma120_liq0_trend0_equal,1月20%+6月40%+12月40%｜月初第4日 Top2｜2/3指数低于MA120空仓｜纯动量｜equal,m1612_20_40_40,month_start_4,majority_below_ma120,liq0_trend0,equal,1.0,2021-07-10,1.538266491965015,0.20517935400995957,-0.19632106317310116,0.9547446429146478,0.34049586776859503,61,"{""2021"": 0.06812639480961713, ""2022"": 0.08328239937513082, ""2023"": -0.0626523799688461, ""2024"": 0.13156261220856758, ""2025"": 0.39088044122945886, ""2026"": 0.5104777623791497}"
coarse,m1612_20_40_40_month_start_4_top2_majority_below_ma130_liq0_trend0_equal,1月20%+6月40%+12月40%｜月初第4日 Top2｜2/3指数低于MA130空仓｜纯动量｜equal,m1612_20_40_40,month_start_4,majority_below_ma130,liq0_trend0,equal,1.0,2021-07-10,0.9456348961046344,0.14265555609227265,-0.19632106317310105,0.6991138288687295,0.34049586776859503,54,"{""2021"": 0.06812639480961713, ""2022"": -0.036362701653181895, ""2023"": -0.04124677551118727, ""2024"": 0.12600328329487454, ""2025"": 0.2971452832316972, ""2026"": 0.37119906136552405}"
coarse,m1612_20_40_40_month_start_4_top2_majority_below_ma140_liq0_trend0_equal,1月20%+6月40%+12月40%｜月初第4日 Top2｜2/3指数低于MA140空仓｜纯动量｜equal,m1612_20_40_40,month_start_4,majority_below_ma140,liq0_trend0,equal,1.0,2021-07-10,0.8425708356542427,0.13026291162831627,-0.19632106317310083,0.6473068046972797,0.34049586776859503,54,"{""2021"": 0.06812639480961713, ""2022"": -0.036362701653181895, ""2023"": -0.04124677551118727, ""2024"": 0.12020235898849063, ""2025"": 0.23479436981963997, ""2026"": 0.37119906136552405}"
coarse,m1612_20_40_40_month_start_4_top2_majority_below_ma150_liq0_trend0_equal,1月20%+6月40%+12月40%｜月初第4日 Top2｜2/3指数低于MA150空仓｜纯动量｜equal,m1612_20_40_40,month_start_4,majority_below_ma150,liq0_trend0,equal,1.0,2021-07-10,0.7684212545637044,0.12099951104667173,-0.19632106317310094,0.6121031169172849,0.3330578512396694,54,"{""2021"": 0.054039873884038414, ""2022"": -0.024561781369505487, ""2023"": -0.04124677551118727, ""2024"": 0.12404701695666498, ""2025"": 0.2347943698196402, ""2026"": 0.31296601980834793}"
coarse,m1612_20_40_40_month_start_5_top2_majority_below_ma100_liq0_trend0_equal,1月20%+6月40%+12月40%｜月初第5日 Top2｜2/3指数低于MA100空仓｜纯动量｜equal,m1612_20_40_40,month_start_5,majority_below_ma100,liq0_trend0,equal,1.0,2021-07-10,1.0491719765223047,0.15458730097236062,-0.2217145622659682,0.7948039993164936,0.31735537190082647,60,"{""2021"": 0.014014777544083312, ""2022"": 0.09476950420719632, ""2023"": -0.037332795471722746, ""2024"": 0.08889687613086483, ""2025"": 0.2634593757882997, ""2026"": 0.41555216719792787}"
coarse,m1612_20_40_40_month_start_5_top2_majority_below_ma110_liq0_trend0_equal,1月20%+6月40%+12月40%｜月初第5日 Top2｜2/3指数低于MA110空仓｜纯动量｜equal,m1612_20_40_40,month_start_5,majority_below_ma110,liq0_trend0,equal,1.0,2021-07-10,1.568881005202281,0.20807777258600324,-0.1757027939274891,0.9961264725259122,0.32892007988321464,66,"{""2021"": 0.04614292997560909, ""2022"": 0.12839910466482074, ""2023"": -0.048326761583343814, ""2024"": 0.08889687613086483, ""2025"": 0.5067055918742369, ""2026"": 0.41555216719792765}"
coarse,m1612_20_40_40_month_start_5_top2_majority_below_ma120_liq0_trend0_equal,1月20%+6月40%+12月40%｜月初第5日 Top2｜2/3指数低于MA120空仓｜纯动量｜equal,m1612_20_40_40,month_start_5,majority_below_ma120,liq0_trend0,equal,1.0,2021-07-10,1.4978961811338665,0.20131426461697366,-0.17570279392748922,0.9630834629233676,0.3347052038501568,74,"{""2021"": 0.0894405971356671, ""2022"": 0.11491889644916009, ""2023"": -0.029848722806804506, ""2024"": 0.07179816004064588, ""2025"": 0.41901786979154965, ""2026"": 0.41555216719792787}"
coarse,m1612_20_40_40_month_start_5_top2_majority_below_ma130_liq0_trend0_equal,1月20%+6月40%+12月40%｜月初第5日 Top2｜2/3指数低于MA130空仓｜纯动量｜equal,m1612_20_40_40,month_start_5,majority_below_ma130,liq0_trend0,equal,1.0,2021-07-10,0.9696228874426338,0.1454643577618695,-0.18926590263616871,0.7205063084273536,0.3479283443460246,69,"{""2021"": 0.0894405971356671, ""2022"": 0.08657502905736769, ""2023"": -0.07023587237667306, ""2024"": 0.06653363582784277, ""2025"": 0.31546805043778137, ""2026"": 0.2954803129598833}"
coarse,m1612_20_40_40_month_start_5_top2_majority_below_ma140_liq0_trend0_equal,1月20%+6月40%+12月40%｜月初第5日 Top2｜2/3指数低于MA140空仓｜纯动量｜equal,m1612_20_40_40,month_start_5,majority_below_ma140,liq0_trend0,equal,1.0,2021-07-10,0.7420357694546833,0.11762823192930294,-0.21743406147386501,0.608944205798332,0.33718454269313203,61,"{""2021"": 0.10358887472898903, ""2022"": -0.014130781609579923, ""2023"": -0.07023587237667306, ""2024"": 0.06326787976284676, ""2025"": 0.26976340681771904, ""2026"": 0.2954803129598831}"
coarse,m1612_20_40_40_month_start_5_top2_majority_below_ma150_liq0_trend0_equal,1月20%+6月40%+12月40%｜月初第5日 Top2｜2/3指数低于MA150空仓｜纯动量｜equal,m1612_20_40_40,month_start_5,majority_below_ma150,liq0_trend0,equal,1.0,2021-07-10,0.6917787856538742,0.1110922849812932,-0.21743406147386513,0.5837057808510284,0.3297465261642064,57,"{""2021"": 0.10358887472898903, ""2022"": 0.0, ""2023"": -0.07023587237667317, ""2024"": 0.06316844091789542, ""2025"": 0.26976340681771926, ""2026"": 0.2404442461811418}"
coarse,m3612_10_45_45_month_start_1_top2_majority_below_ma100_liq0_trend0_equal,3月10%+6月45%+12月45%｜月初第1日 Top2｜2/3指数低于MA100空仓｜纯动量｜equal,m3612_10_45_45,month_start_1,majority_below_ma100,liq0_trend0,equal,1.0,2021-07-10,1.0566447745538947,0.15542967092933235,-0.18459085467924785,0.7806930942777476,0.33709474585740745,58,"{""2021"": 0.007804951623372691, ""2022"": 0.08332749851530852, ""2023"": -0.011396088918868341, ""2024"": -0.044238125250109284, ""2025"": 0.26942440981059024, ""2026"": 0.595205001743738}"
coarse,m3612_10_45_45_month_start_1_top2_majority_below_ma110_liq0_trend0_equal,3月10%+6月45%+12月45%｜月初第1日 Top2｜2/3指数低于MA110空仓｜纯动量｜equal,m3612_10_45_45,month_start_1,majority_below_ma110,liq0_trend0,equal,1.0,2021-07-10,1.3390604345402015,0.18560459056644651,-0.18481645694791826,0.8684190092779268,0.3701525970970769,67,"{""2021"": 0.04028044697307642, ""2022"": 0.08627788847728501, ""2023"": -0.07276072902501873, ""2024"": -0.04423812525010962, ""2025"": 0.48718291969204386, ""2026"": 0.5952050017437385}"
coarse,m3612_10_45_45_month_start_1_top2_majority_below_ma120_liq0_trend0_equal,3月10%+6月45%+12月45%｜月初第1日 Top2｜2/3指数低于MA120空仓｜纯动量｜equal,m3612_10_45_45,month_start_1,majority_below_ma120,liq0_trend0,equal,1.0,2021-07-10,1.274833853222372,0.17900924014766373,-0.18517036769057182,0.8412301196516035,0.37345838222104377,65,"{""2021"": 0.059363918862817444, ""2022"": 0.0730131834273573, ""2023"": -0.05412071295823129, ""2024"": -0.044964875569787566, ""2025"": 0.410588140945642, ""2026"": 0.5952050017437378}"
coarse,m3612_10_45_45_month_start_1_top2_majority_below_ma130_liq0_trend0_equal,3月10%+6月45%+12月45%｜月初第1日 Top2｜2/3指数低于MA130空仓｜纯动量｜equal,m3612_10_45_45,month_start_1,majority_below_ma130,liq0_trend0,equal,1.0,2021-07-10,0.7100384997266369,0.11348470809703559,-0.24611395635277755,0.5804979891020728,0.36519391941112644,62,"{""2021"": 0.059363918862817444, ""2022"": -0.02327407763028444, ""2023"": -0.08817706050416285, ""2024"": -0.04965297278225034, ""2025"": 0.333690350412714, ""2026"": 0.45248814616594935}"
coarse,m3612_10_45_45_month_start_1_top2_majority_below_ma140_liq0_trend0_equal,3月10%+6月45%+12月45%｜月初第1日 Top2｜2/3指数低于MA140空仓｜纯动量｜equal,m3612_10_45_45,month_start_1,majority_below_ma140,liq0_trend0,equal,1.0,2021-07-10,0.632989428882319,0.10324664389042515,-0.26835974206144697,0.5381257593744769,0.3668468119731099,62,"{""2021"": 0.06273747431988586, ""2022"": -0.02327407763028455, ""2023"": -0.08817706050416274, ""2024"": -0.049652972782250226, ""2025"": 0.26955545607550735, ""2026"": 0.45248814616594957}"
coarse,m3612_10_45_45_month_start_1_top2_majority_below_ma150_liq0_trend0_equal,3月10%+6月45%+12月45%｜月初第1日 Top2｜2/3指数低于MA150空仓｜纯动量｜equal,m3612_10_45_45,month_start_1,majority_below_ma150,liq0_trend0,equal,1.0,2021-07-10,0.600798793048066,0.09885454028454888,-0.2509804662543874,0.522499624849393,0.35610301032021735,58,"{""2021"": 0.06273747431988586, ""2022"": 0.0, ""2023"": -0.08817706050416285, ""2024"": -0.049722417255940954, ""2025"": 0.26955545607550735, ""2026"": 0.39081838186511697}"
coarse,m3612_10_45_45_month_start_2_top2_majority_below_ma100_liq0_trend0_equal,3月10%+6月45%+12月45%｜月初第2日 Top2｜2/3指数低于MA100空仓｜纯动量｜equal,m3612_10_45_45,month_start_2,majority_below_ma100,liq0_trend0,equal,1.0,2021-07-10,1.2578920824003337,0.17724471872231207,-0.17918438619367372,0.8698416137656191,0.32664482815273427,57,"{""2021"": 0.014316900084402784, ""2022"": 0.09330368706850845, ""2023"": -0.03089939649944473, ""2024"": 0.010461909016576065, ""2025"": 0.3296373497041918, ""2026"": 0.5874125729846484}"
coarse,m3612_10_45_45_month_start_2_top2_majority_below_ma110_liq0_trend0_equal,3月10%+6月45%+12月45%｜月初第2日 Top2｜2/3指数低于MA110空仓｜纯动量｜equal,m3612_10_45_45,month_start_2,majority_below_ma110,liq0_trend0,equal,1.0,2021-07-10,1.4536748870650866,0.19702272352687555,-0.1975126511956632,0.9207258434465457,0.3522646628634781,61,"{""2021"": 0.04808011877986451, ""2022"": 0.09357934151464953, ""2023"": -0.10819271900564176, ""2024"": 0.01046190901657651, ""2025"": 0.519198726089191, ""2026"": 0.5874125729846484}"
coarse,m3612_10_45_45_month_start_2_top2_majority_below_ma120_liq0_trend0_equal,3月10%+6月45%+12月45%｜月初第2日 Top2｜2/3指数低于MA120空仓｜纯动量｜equal,m3612_10_45_45,month_start_2,majority_below_ma120,liq0_trend0,equal,1.0,2021-07-10,1.4623862987368463,0.1978730033222582,-0.1791843861936736,0.9207370011705794,0.355570447987445,67,"{""2021"": 0.06735104056215402, ""2022"": 0.08035034267957175, ""2023"": -0.07571043088075835, ""2024"": 0.016407580798699417, ""2025"": 0.4535890979474555, ""2026"": 0.5874125729846482}"
coarse,m3612_10_45_45_month_start_2_top2_majority_below_ma130_liq0_trend0_equal,3月10%+6月45%+12月45%｜月初第2日 Top2｜2/3指数低于MA130空仓｜纯动量｜equal,m3612_10_45_45,month_start_2,majority_below_ma130,liq0_trend0,equal,1.0,2021-07-10,0.8836169134281393,0.13526321579359268,-0.2189886822829823,0.6672804287698062,0.35391755542546155,66,"{""2021"": 0.06735104056215402, ""2022"": -0.020572194743457284, ""2023"": -0.08045377336652015, ""2024"": 0.017815624293225474, ""2025"": 0.3563114055656298, ""2026"": 0.44090021705061}"
coarse,m3612_10_45_45_month_start_2_top2_majority_below_ma140_liq0_trend0_equal,3月10%+6月45%+12月45%｜月初第2日 Top2｜2/3指数低于MA140空仓｜纯动量｜equal,m3612_10_45_45,month_start_2,majority_below_ma140,liq0_trend0,equal,1.0,2021-07-10,0.7798585023190041,0.12244836516209978,-0.22492432627135872,0.6147962229611422,0.3497853240205029,54,"{""2021"": 0.06850038558906646, ""2022"": -0.013149918785329007, ""2023"": -0.08175112356586778, ""2024"": 0.0028197903891020726, ""2025"": 0.29141412078084605, ""2026"": 0.44090021705060956}"
coarse,m3612_10_45_45_month_start_2_top2_majority_below_ma150_liq0_trend0_equal,3月10%+6月45%+12月45%｜月初第2日 Top2｜2/3指数低于MA150空仓｜纯动量｜equal,m3612_10_45_45,month_start_2,majority_below_ma150,liq0_trend0,equal,1.0,2021-07-10,0.726871727948398,0.11567220149870905,-0.214645087221371,0.5906083327019087,0.339867968648602,50,"{""2021"": 0.06850038558906646, ""2022"": 0.0, ""2023"": -0.08175112356586767, ""2024"": 0.0027575384767999367, ""2025"": 0.29141412078084605, ""2026"": 0.37970630926845494}"
coarse,m3612_10_45_45_month_start_3_top2_majority_below_ma100_liq0_trend0_equal,3月10%+6月45%+12月45%｜月初第3日 Top2｜2/3指数低于MA100空仓｜纯动量｜equal,m3612_10_45_45,month_start_3,majority_below_ma100,liq0_trend0,equal,1.0,2021-07-10,1.3287508220264144,0.1845557462825902,-0.1925987346011745,0.8762107055330426,0.3330578512396694,67,"{""2021"": 0.014316900084402784, ""2022"": 0.06887186131827261, ""2023"": -0.03885954754795784, ""2024"": -0.008738130228746588, ""2025"": 0.4531309977342086, ""2026"": 0.5757495666325461}"
coarse,m3612_10_45_45_month_start_3_top2_majority_below_ma110_liq0_trend0_equal,3月10%+6月45%+12月45%｜月初第3日 Top2｜2/3指数低于MA110空仓｜纯动量｜equal,m3612_10_45_45,month_start_3,majority_below_ma110,liq0_trend0,equal,1.0,2021-07-10,1.5368461003692007,0.20504420175197158,-0.18489116214551637,0.9413009504135864,0.3446280991735537,69,"{""2021"": 0.04808011877986451, ""2022"": 0.07455115948780722, ""2023"": -0.08472691311042191, ""2024"": -0.008738130228746588, ""2025"": 0.6002570778396048, ""2026"": 0.5757495666325458}"
coarse,m3612_10_45_45_month_start_3_top2_majority_below_ma120_liq0_trend0_equal,3月10%+6月45%+12月45%｜月初第3日 Top2｜2/3指数低于MA120空仓｜纯动量｜equal,m3612_10_45_45,month_start_3,majority_below_ma120,liq0_trend0,equal,1.0,2021-07-10,1.5638233575371165,0.2076008529884943,-0.18489116214551637,0.9469374673233003,0.34710743801652894,69,"{""2021"": 0.06812639480961713, ""2022"": 0.061367994249649005, ""2023"": -0.02671362446856118, ""2024"": -0.006357271077750193, ""2025"": 0.5072485374145894, ""2026"": 0.5757495666325463}"
coarse,m3612_10_45_45_month_start_3_top2_majority_below_ma130_liq0_trend0_equal,3月10%+6月45%+12月45%｜月初第3日 Top2｜2/3指数低于MA130空仓｜纯动量｜equal,m3612_10_45_45,month_start_3,majority_below_ma130,liq0_trend0,equal,1.0,2021-07-10,0.9410440291745166,0.14211484864216195,-0.2029108487706578,0.6874548729581205,0.34628099173553717,62,"{""2021"": 0.06812639480961713, ""2022"": -0.0358395660123213, ""2023"": -0.04227783369710125, ""2024"": -0.002888786914467034, ""2025"": 0.40216182478485707, ""2026"": 0.4296366092479804}"
coarse,m3612_10_45_45_month_start_3_top2_majority_below_ma140_liq0_trend0_equal,3月10%+6月45%+12月45%｜月初第3日 Top2｜2/3指数低于MA140空仓｜纯动量｜equal,m3612_10_45_45,month_start_3,majority_below_ma140,liq0_trend0,equal,1.0,2021-07-10,0.8387019344119357,0.1297870163580379,-0.20701430215407501,0.6372079957102923,0.34628099173553717,62,"{""2021"": 0.06812639480961713, ""2022"": -0.0358395660123213, ""2023"": -0.04227783369710125, ""2024"": -0.008021963516693487, ""2025"": 0.3351056346586383, ""2026"": 0.42963660924798064}"
coarse,m3612_10_45_45_month_start_3_top2_majority_below_ma150_liq0_trend0_equal,3月10%+6月45%+12月45%｜月初第3日 Top2｜2/3指数低于MA150空仓｜纯动量｜equal,m3612_10_45_45,month_start_3,majority_below_ma150,liq0_trend0,equal,1.0,2021-07-10,0.7846197152531238,0.12304931476726622,-0.20280090138266504,0.6124167169597176,0.33801652892561984,62,"{""2021"": 0.06812639480961713, ""2022"": -0.024022790706902386, ""2023"": -0.042277833697101364, ""2024"": -0.006668815346355439, ""2025"": 0.3351056346586385, ""2026"": 0.3689186175819976}"
coarse,m3612_10_45_45_month_start_4_top2_majority_below_ma100_liq0_trend0_equal,3月10%+6月45%+12月45%｜月初第4日 Top2｜2/3指数低于MA100空仓｜纯动量｜equal,m3612_10_45_45,month_start_4,majority_below_ma100,liq0_trend0,equal,1.0,2021-07-10,1.0893189866828674,0.15908437005102227,-0.19632106317310083,0.7886685408233916,0.3256198347107438,67,"{""2021"": 0.014316900084402784, ""2022"": 0.06863877886457881, ""2023"": -0.07226735902126769, ""2024"": 0.10883841271651651, ""2025"": 0.26009006495308373, ""2026"": 0.5104777623791499}"
coarse,m3612_10_45_45_month_start_4_top2_majority_below_ma110_liq0_trend0_equal,3月10%+6月45%+12月45%｜月初第4日 Top2｜2/3指数低于MA110空仓｜纯动量｜equal,m3612_10_45_45,month_start_4,majority_below_ma110,liq0_trend0,equal,1.0,2021-07-10,1.5285221401695996,0.2042509465857265,-0.19632106317310094,0.9521203477182018,0.33636363636363636,65,"{""2021"": 0.04808011877986451, ""2022"": 0.09620694616964487, ""2023"": -0.08086840877814172, ""2024"": 0.10883841271651629, ""2025"": 0.45219955607552786, ""2026"": 0.5104777623791497}"
coarse,m3612_10_45_45_month_start_4_top2_majority_below_ma120_liq0_trend0_equal,3月10%+6月45%+12月45%｜月初第4日 Top2｜2/3指数低于MA120空仓｜纯动量｜equal,m3612_10_45_45,month_start_4,majority_below_ma120,liq0_trend0,equal,1.0,2021-07-10,1.409986060303674,0.19272168519990251,-0.19632106317310083,0.904244547232593,0.34049586776859503,65,"{""2021"": 0.06812639480961713, ""2022"": 0.08328239937513082, ""2023"": -0.0626523799688461, ""2024"": 0.09246713832229947, ""2025"": 0.3678348371039524, ""2026"": 0.5104777623791503}"
coarse,m3612_10_45_45_month_start_4_top2_majority_below_ma130_liq0_trend0_equal,3月10%+6月45%+12月45%｜月初第4日 Top2｜2/3指数低于MA130空仓｜纯动量｜equal,m3612_10_45_45,month_start_4,majority_below_ma130,liq0_trend0,equal,1.0,2021-07-10,0.8374109566678427,0.1296280411114663,-0.19632106317310105,0.647004014623759,0.34049586776859503,58,"{""2021"": 0.06812639480961713, ""2022"": -0.036362701653181895, ""2023"": -0.04124677551118727, ""2024"": 0.08709988415199721, ""2025"": 0.26882031088857583, ""2026"": 0.37119906136552383}"
coarse,m3612_10_45_45_month_start_4_top2_majority_below_ma140_liq0_trend0_equal,3月10%+6月45%+12月45%｜月初第4日 Top2｜2/3指数低于MA140空仓｜纯动量｜equal,m3612_10_45_45,month_start_4,majority_below_ma140,liq0_trend0,equal,1.0,2021-07-10,0.7380699529742292,0.11711799472227291,-0.20622862707949507,0.5949702548976733,0.34049586776859503,61,"{""2021"": 0.06812639480961713, ""2022"": -0.036362701653181895, ""2023"": -0.04124677551118727, ""2024"": 0.08149938170675397, ""2025"": 0.20643588319047912, ""2026"": 0.37119906136552383}"
coarse,m3612_10_45_45_month_start_4_top2_majority_below_ma150_liq0_trend0_equal,3月10%+6月45%+12月45%｜月初第4日 Top2｜2/3指数低于MA150空仓｜纯动量｜equal,m3612_10_45_45,month_start_4,majority_below_ma150,liq0_trend0,equal,1.0,2021-07-10,0.6681257443580484,0.10796232715536336,-0.20622862707949519,0.5599343546073109,0.3330578512396694,61,"{""2021"": 0.054039873884038414, ""2022"": -0.024561781369505487, ""2023"": -0.04124677551118727, ""2024"": 0.08521120679093697, ""2025"": 0.20643588319047934, ""2026"": 0.3129660198083477}"
coarse,m3612_10_45_45_month_start_5_top2_majority_below_ma100_liq0_trend0_equal,3月10%+6月45%+12月45%｜月初第5日 Top2｜2/3指数低于MA100空仓｜纯动量｜equal,m3612_10_45_45,month_start_5,majority_below_ma100,liq0_trend0,equal,1.0,2021-07-10,1.1840265413266966,0.16942546463095343,-0.16131072867926988,0.857121559034387,0.31735537190082647,60,"{""2021"": 0.014014777544083312, ""2022"": 0.09476950420719632, ""2023"": -0.037332795471722746, ""2024"": 0.11489214161924854, ""2025"": 0.31521632513392595, ""2026"": 0.4155521671979274}"
coarse,m3612_10_45_45_month_start_5_top2_majority_below_ma110_liq0_trend0_equal,3月10%+6月45%+12月45%｜月初第5日 Top2｜2/3指数低于MA110空仓｜纯动量｜equal,m3612_10_45_45,month_start_5,majority_below_ma110,liq0_trend0,equal,1.0,2021-07-10,1.6808683431971976,0.21845024917225264,-0.16131072867926977,1.039395939522812,0.32892561983471075,62,"{""2021"": 0.04614292997560909, ""2022"": 0.12839910466482074, ""2023"": -0.048326761583343814, ""2024"": 0.11489214161924854, ""2025"": 0.5357350759231416, ""2026"": 0.4155521671979274}"
coarse,m3612_10_45_45_month_start_5_top2_majority_below_ma120_liq0_trend0_equal,3月10%+6月45%+12月45%｜月初第5日 Top2｜2/3指数低于MA120空仓｜纯动量｜equal,m3612_10_45_45,month_start_5,majority_below_ma120,liq0_trend0,equal,1.0,2021-07-10,1.6072649166830746,0.21167298495857279,-0.16131072867926977,1.0060379983555614,0.3347107438016529,70,"{""2021"": 0.0894405971356671, ""2022"": 0.11491889644916009, ""2023"": -0.029848722806804506, ""2024"": 0.09738522740300071, ""2025"": 0.446621934991112, ""2026"": 0.41555216719792787}"
coarse,m3612_10_45_45_month_start_5_top2_majority_below_ma130_liq0_trend0_equal,3月10%+6月45%+12月45%｜月初第5日 Top2｜2/3指数低于MA130空仓｜纯动量｜equal,m3612_10_45_45,month_start_5,majority_below_ma130,liq0_trend0,equal,1.0,2021-07-10,1.058009185343121,0.1555832095960803,-0.17407322769749212,0.7616176172666946,0.34793388429752065,65,"{""2021"": 0.0894405971356671, ""2022"": 0.08657502905736769, ""2023"": -0.07023587237667306, ""2024"": 0.09199502305686091, ""2025"": 0.34245870618832863, ""2026"": 0.2954803129598831}"
coarse,m3612_10_45_45_month_start_5_top2_majority_below_ma140_liq0_trend0_equal,3月10%+6月45%+12月45%｜月初第5日 Top2｜2/3指数低于MA140空仓｜纯动量｜equal,m3612_10_45_45,month_start_5,majority_below_ma140,liq0_trend0,equal,1.0,2021-07-10,0.8198938659739654,0.1274620510584672,-0.2029073347574918,0.6491605446838884,0.3371900826446281,57,"{""2021"": 0.10358887472898903, ""2022"": -0.014130781609579923, ""2023"": -0.07023587237667306, ""2024"": 0.08865130350625816, ""2025"": 0.29559184176891806, ""2026"": 0.2954803129598833}"
coarse,m3612_10_45_45_month_start_5_top2_majority_below_ma150_liq0_trend0_equal,3月10%+6月45%+12月45%｜月初第5日 Top2｜2/3指数低于MA150空仓｜纯动量｜equal,m3612_10_45_45,month_start_5,majority_below_ma150,liq0_trend0,equal,1.0,2021-07-10,0.7673907095261066,0.12086859543423722,-0.2029073347574918,0.6239131704231654,0.32975206611570246,53,"{""2021"": 0.10358887472898903, ""2022"": 0.0, ""2023"": -0.07023587237667317, ""2024"": 0.08854949075498775, ""2025"": 0.2955918417689185, ""2026"": 0.2404442461811418}"
