stage,id,label,horizon,schedule,top_n,gate,factor,weighting,fee_mult,requested_start,actual_start,end,total_return,cagr,max_drawdown,sharpe,avg_exposure,trades,yearly
refined,m1612_month_start_3_top2_majority_below_ma120_base_equal,1月20%+6月40%+12月40%｜月初第3日 Top2｜2/3指数低于MA120空仓｜纯动量｜equal,m1612,month_start_3,2,majority_below_ma120,base,equal,1.0,2021-07-10,2021-07-13,2026-07-10,1.6969278759609985,0.2199091678383993,-0.16922832442831925,0.9936317605282817,0.34710743801652894,65,"{""2021"": 0.06812639480961713, ""2022"": 0.061367994249649005, ""2023"": -0.02671362446856118, ""2024"": 0.04439384984897421, ""2025"": 0.5084571746188953, ""2026"": 0.5757495666325461}"
refined,m1612_month_start_3_top2_majority_below_ma120_base_inverse_vol,1月20%+6月40%+12月40%｜月初第3日 Top2｜2/3指数低于MA120空仓｜纯动量｜inverse_vol,m1612,month_start_3,2,majority_below_ma120,base,inverse_vol,1.0,2021-07-10,2021-07-13,2026-07-10,1.6006836490166148,0.2110595731652214,-0.1674681019312616,0.9693004002954548,0.3470010363235491,71,"{""2021"": 0.07103429214219781, ""2022"": 0.05764468977705528, ""2023"": -0.03314069807027564, ""2024"": 0.03784847025549709, ""2025"": 0.481864569040263, ""2026"": 0.5672768049947041}"
refined,m1612_month_start_3_top2_majority_below_ma120_liq10_equal,1月20%+6月40%+12月40%｜月初第3日 Top2｜2/3指数低于MA120空仓｜流动性10%｜equal,m1612,month_start_3,2,majority_below_ma120,liq10,equal,1.0,2021-07-10,2021-07-13,2026-07-10,1.7613445029348904,0.22569214324213238,-0.16875130933536808,1.0027492603718877,0.34710743801652894,64,"{""2021"": 0.06812639480961713, ""2022"": 0.061367994249649005, ""2023"": -0.02671362446856118, ""2024"": 0.04439384984897421, ""2025"": 0.5429799037119223, ""2026"": 0.5773952663777466}"
refined,m1612_month_start_3_top2_majority_below_ma120_liq10_inverse_vol,1月20%+6月40%+12月40%｜月初第3日 Top2｜2/3指数低于MA120空仓｜流动性10%｜inverse_vol,m1612,month_start_3,2,majority_below_ma120,liq10,inverse_vol,1.0,2021-07-10,2021-07-13,2026-07-10,1.6896705590275505,0.2192507439627447,-0.1673331036802349,0.9859496201563032,0.3470010363235491,68,"{""2021"": 0.07103429214219781, ""2022"": 0.05764468977705528, ""2023"": -0.03314069807027564, ""2024"": 0.03784847025549709, ""2025"": 0.5232969843726958, ""2026"": 0.5769666610677011}"
refined,m1612_month_start_3_top2_majority_below_ma120_liq20_equal,1月20%+6月40%+12月40%｜月初第3日 Top2｜2/3指数低于MA120空仓｜流动性20%｜equal,m1612,month_start_3,2,majority_below_ma120,liq20,equal,1.0,2021-07-10,2021-07-13,2026-07-10,2.014246932663074,0.24740252608885838,-0.16875131625752393,1.081157195930403,0.34706209189745196,66,"{""2021"": 0.07730807136043816, ""2022"": 0.061367994249649005, ""2023"": 0.05712052477460694, ""2024"": 0.04439384984897421, ""2025"": 0.5375079766021449, ""2026"": 0.5773952663777466}"
refined,m1612_month_start_3_top2_majority_below_ma120_liq20_inverse_vol,1月20%+6月40%+12月40%｜月初第3日 Top2｜2/3指数低于MA120空仓｜流动性20%｜inverse_vol,m1612,month_start_3,2,majority_below_ma120,liq20,inverse_vol,1.0,2021-07-10,2021-07-13,2026-07-10,1.965163285576487,0.24330601339635627,-0.16733278834753962,1.0728213998973188,0.3469312646396858,68,"{""2021"": 0.08422642059786134, ""2022"": 0.057644689777054836, ""2023"": 0.054325422402274226, ""2024"": 0.03784847025549687, ""2025"": 0.5212692913899559, ""2026"": 0.5769666610677011}"
refined,m1612_month_start_3_top2_majority_below_ma120_liq30_equal,1月20%+6月40%+12月40%｜月初第3日 Top2｜2/3指数低于MA120空仓｜流动性30%｜equal,m1612,month_start_3,2,majority_below_ma120,liq30,equal,1.0,2021-07-10,2021-07-13,2026-07-10,1.3311384146896286,0.184798976943229,-0.16741601830795227,0.8656495954410223,0.3469135468665855,73,"{""2021"": -0.03807283103416892, ""2022"": 0.06136799424964923, ""2023"": 0.05712052477460672, ""2024"": 0.04439384984897421, ""2025"": 0.37350776677409203, ""2026"": 0.510165202181043}"
refined,m1612_month_start_3_top2_majority_below_ma120_liq30_inverse_vol,1月20%+6月40%+12月40%｜月初第3日 Top2｜2/3指数低于MA120空仓｜流动性30%｜inverse_vol,m1612,month_start_3,2,majority_below_ma120,liq30,inverse_vol,1.0,2021-07-10,2021-07-13,2026-07-10,1.2095387891539557,0.17214972106226956,-0.16650770999012088,0.8233648272712089,0.3469665486567437,77,"{""2021"": -0.03734258641692256, ""2022"": 0.057644689777054836, ""2023"": 0.054325422402274004, ""2024"": 0.037848470255497535, ""2025"": 0.3182509071893296, ""2026"": 0.5006652919759804}"
refined,m1612_month_start_3_top2_majority_below_ma120_trend10_equal,1月20%+6月40%+12月40%｜月初第3日 Top2｜2/3指数低于MA120空仓｜趋势质量10%｜equal,m1612,month_start_3,2,majority_below_ma120,trend10,equal,1.0,2021-07-10,2021-07-13,2026-07-10,1.6969278759609985,0.2199091678383993,-0.16922832442831925,0.9936317605282817,0.34710743801652894,65,"{""2021"": 0.06812639480961713, ""2022"": 0.061367994249649005, ""2023"": -0.02671362446856118, ""2024"": 0.04439384984897421, ""2025"": 0.5084571746188953, ""2026"": 0.5757495666325461}"
refined,m1612_month_start_3_top2_majority_below_ma120_trend10_inverse_vol,1月20%+6月40%+12月40%｜月初第3日 Top2｜2/3指数低于MA120空仓｜趋势质量10%｜inverse_vol,m1612,month_start_3,2,majority_below_ma120,trend10,inverse_vol,1.0,2021-07-10,2021-07-13,2026-07-10,1.6006836490166148,0.2110595731652214,-0.1674681019312616,0.9693004002954548,0.3470010363235491,71,"{""2021"": 0.07103429214219781, ""2022"": 0.05764468977705528, ""2023"": -0.03314069807027564, ""2024"": 0.03784847025549709, ""2025"": 0.481864569040263, ""2026"": 0.5672768049947041}"
refined,m1612_month_start_3_top2_majority_below_ma120_trend20_equal,1月20%+6月40%+12月40%｜月初第3日 Top2｜2/3指数低于MA120空仓｜趋势质量20%｜equal,m1612,month_start_3,2,majority_below_ma120,trend20,equal,1.0,2021-07-10,2021-07-13,2026-07-10,1.5638233575371165,0.2076008529884943,-0.18489116214551637,0.9469374673233003,0.34710743801652894,69,"{""2021"": 0.06812639480961713, ""2022"": 0.061367994249649005, ""2023"": -0.02671362446856118, ""2024"": -0.006357271077750193, ""2025"": 0.5072485374145894, ""2026"": 0.5757495666325463}"
refined,m1612_month_start_3_top2_majority_below_ma120_trend20_inverse_vol,1月20%+6月40%+12月40%｜月初第3日 Top2｜2/3指数低于MA120空仓｜趋势质量20%｜inverse_vol,m1612,month_start_3,2,majority_below_ma120,trend20,inverse_vol,1.0,2021-07-10,2021-07-13,2026-07-10,1.49799307591186,0.20132360101681157,-0.1898353850111678,0.9315688620466132,0.3470010363478102,77,"{""2021"": 0.07103429214219781, ""2022"": 0.05764468977705528, ""2023"": -0.03314069807027564, ""2024"": -0.0031277172509855955, ""2025"": 0.4818590772066633, ""2026"": 0.5672768049947037}"
refined,m1612_month_start_3_top2_majority_below_ma120_trend30_equal,1月20%+6月40%+12月40%｜月初第3日 Top2｜2/3指数低于MA120空仓｜趋势质量30%｜equal,m1612,month_start_3,2,majority_below_ma120,trend30,equal,1.0,2021-07-10,2021-07-13,2026-07-10,1.312992675291849,0.1829453996931989,-0.20559941457690123,0.8648324501397979,0.3469741377913642,79,"{""2021"": 0.009875797217042903, ""2022"": 0.024230750612221907, ""2023"": -0.02671362446856118, ""2024"": -0.006357271077750304, ""2025"": 0.48914689166384306, ""2026"": 0.5770430385593719}"
refined,m1612_month_start_3_top2_majority_below_ma120_trend30_inverse_vol,1月20%+6月40%+12月40%｜月初第3日 Top2｜2/3指数低于MA120空仓｜趋势质量30%｜inverse_vol,m1612,month_start_3,2,majority_below_ma120,trend30,inverse_vol,1.0,2021-07-10,2021-07-13,2026-07-10,1.25526107095753,0.17696974430397616,-0.2072616877871819,0.8492823116150559,0.34709939714353305,85,"{""2021"": 0.010026390132587215, ""2022"": 0.023358747528841928, ""2023"": -0.033140698070275754, ""2024"": -0.0031277172509858175, ""2025"": 0.4651866082211149, ""2026"": 0.5683673969906153}"
refined,m1612_month_start_3_top2_majority_below_ma120_liq10_trend10_equal,1月20%+6月40%+12月40%｜月初第3日 Top2｜2/3指数低于MA120空仓｜流动性10%+趋势质量10%｜equal,m1612,month_start_3,2,majority_below_ma120,liq10_trend10,equal,1.0,2021-07-10,2021-07-13,2026-07-10,1.7613445029348904,0.22569214324213238,-0.16875130933536808,1.0027492603718877,0.34710743801652894,64,"{""2021"": 0.06812639480961713, ""2022"": 0.061367994249649005, ""2023"": -0.02671362446856118, ""2024"": 0.04439384984897421, ""2025"": 0.5429799037119223, ""2026"": 0.5773952663777466}"
refined,m1612_month_start_3_top2_majority_below_ma120_liq10_trend10_inverse_vol,1月20%+6月40%+12月40%｜月初第3日 Top2｜2/3指数低于MA120空仓｜流动性10%+趋势质量10%｜inverse_vol,m1612,month_start_3,2,majority_below_ma120,liq10_trend10,inverse_vol,1.0,2021-07-10,2021-07-13,2026-07-10,1.6896705590275505,0.2192507439627447,-0.1673331036802349,0.9859496201563032,0.3470010363235491,68,"{""2021"": 0.07103429214219781, ""2022"": 0.05764468977705528, ""2023"": -0.03314069807027564, ""2024"": 0.03784847025549709, ""2025"": 0.5232969843726958, ""2026"": 0.5769666610677011}"
refined,m1612_month_start_3_top2_majority_below_ma120_liq20_trend10_equal,1月20%+6月40%+12月40%｜月初第3日 Top2｜2/3指数低于MA120空仓｜流动性20%+趋势质量10%｜equal,m1612,month_start_3,2,majority_below_ma120,liq20_trend10,equal,1.0,2021-07-10,2021-07-13,2026-07-10,1.6909641560490103,0.21936821018626484,-0.15464180556917417,0.9769010925194417,0.3469135468665855,68,"{""2021"": -0.03807283103416892, ""2022"": 0.06136799424964923, ""2023"": 0.05712052477460672, ""2024"": 0.04439384984897421, ""2025"": 0.5376813923653438, ""2026"": 0.5769720687659838}"
refined,m1612_month_start_3_top2_majority_below_ma120_liq20_trend10_inverse_vol,1月20%+6月40%+12月40%｜月初第3日 Top2｜2/3指数低于MA120空仓｜流动性20%+趋势质量10%｜inverse_vol,m1612,month_start_3,2,majority_below_ma120,liq20_trend10,inverse_vol,1.0,2021-07-10,2021-07-13,2026-07-10,1.6210909675667642,0.21295762993091327,-0.1521469415418989,0.9590913134695311,0.34697299587812813,74,"{""2021"": -0.03734258641692256, ""2022"": 0.057644689777054836, ""2023"": 0.054325422402274004, ""2024"": 0.037848470255497535, ""2025"": 0.5141832585595039, ""2026"": 0.5771442687120363}"
refined,m612_month_start_3_top2_majority_below_ma120_base_equal,6月50%+12月50%｜月初第3日 Top2｜2/3指数低于MA120空仓｜纯动量｜equal,m612,month_start_3,2,majority_below_ma120,base,equal,1.0,2021-07-10,2021-07-13,2026-07-10,1.5805841033360317,0.2091784642819836,-0.18489116214551637,0.9555043417148513,0.34710743801652894,67,"{""2021"": 0.06812639480961713, ""2022"": 0.061367994249649005, ""2023"": -0.02671362446856118, ""2024"": -0.006357271077750193, ""2025"": 0.517102028107358, ""2026"": 0.5757495666325456}"
refined,m612_month_start_3_top2_majority_below_ma120_base_inverse_vol,6月50%+12月50%｜月初第3日 Top2｜2/3指数低于MA120空仓｜纯动量｜inverse_vol,m612,month_start_3,2,majority_below_ma120,base,inverse_vol,1.0,2021-07-10,2021-07-13,2026-07-10,1.5154138483889472,0.20299751121744292,-0.1898353850111678,0.9407402183482642,0.34710743801652894,75,"{""2021"": 0.07103429214219781, ""2022"": 0.05764468977705528, ""2023"": -0.03314069807027564, ""2024"": -0.0031277172509855955, ""2025"": 0.49219342523831244, ""2026"": 0.5672768049947037}"
refined,m612_month_start_3_top2_majority_below_ma120_liq10_equal,6月50%+12月50%｜月初第3日 Top2｜2/3指数低于MA120空仓｜流动性10%｜equal,m612,month_start_3,2,majority_below_ma120,liq10,equal,1.0,2021-07-10,2021-07-13,2026-07-10,1.849648453747319,0.23344677982951856,-0.16875130933536808,1.03513211079104,0.34710743801652894,60,"{""2021"": 0.06812639480961713, ""2022"": 0.061367994249649005, ""2023"": -0.02671362446856118, ""2024"": 0.04439384984897421, ""2025"": 0.5533368973565771, ""2026"": 0.6169844331488488}"
refined,m612_month_start_3_top2_majority_below_ma120_liq10_inverse_vol,6月50%+12月50%｜月初第3日 Top2｜2/3指数低于MA120空仓｜流动性10%｜inverse_vol,m612,month_start_3,2,majority_below_ma120,liq10,inverse_vol,1.0,2021-07-10,2021-07-13,2026-07-10,1.8190937915958894,0.23078556446459864,-0.16733310368023502,1.031324543395854,0.34710743801652894,64,"{""2021"": 0.07103429214219781, ""2022"": 0.05764468977705528, ""2023"": -0.03314069807027564, ""2024"": 0.03784847025549709, ""2025"": 0.5339203164904835, ""2026"": 0.6414011392750698}"
refined,m612_month_start_3_top2_majority_below_ma120_liq20_equal,6月50%+12月50%｜月初第3日 Top2｜2/3指数低于MA120空仓｜流动性20%｜equal,m612,month_start_3,2,majority_below_ma120,liq20,equal,1.0,2021-07-10,2021-07-13,2026-07-10,2.110638350899914,0.25529451864289365,-0.16875131625752393,1.1141573028854428,0.34706209189745196,62,"{""2021"": 0.07730807136043816, ""2022"": 0.061367994249649005, ""2023"": 0.05712052477460694, ""2024"": 0.04439384984897421, ""2025"": 0.5478282408544315, ""2026"": 0.6169844331488488}"
refined,m612_month_start_3_top2_majority_below_ma120_liq20_inverse_vol,6月50%+12月50%｜月初第3日 Top2｜2/3指数低于MA120空仓｜流动性20%｜inverse_vol,m612,month_start_3,2,majority_below_ma120,liq20,inverse_vol,1.0,2021-07-10,2021-07-13,2026-07-10,2.107842847660481,0.25506841072472786,-0.16733278834753962,1.1187666713320408,0.34703766633266564,64,"{""2021"": 0.08422642059786134, ""2022"": 0.057644689777054836, ""2023"": 0.054325422402274226, ""2024"": 0.03784847025549687, ""2025"": 0.5318784825646379, ""2026"": 0.6414011392750698}"
refined,m612_month_start_3_top2_majority_below_ma120_liq30_equal,6月50%+12月50%｜月初第3日 Top2｜2/3指数低于MA120空仓｜流动性30%｜equal,m612,month_start_3,2,majority_below_ma120,liq30,equal,1.0,2021-07-10,2021-07-13,2026-07-10,1.3254022555728526,0.18421428239064586,-0.16839060367356096,0.8809421833298325,0.3469135468665855,67,"{""2021"": -0.03807283103416892, ""2022"": 0.06136799424964923, ""2023"": 0.05712052477460672, ""2024"": 0.04439384984897421, ""2025"": 0.33633033656031186, ""2026"": 0.5481556164182526}"
refined,m612_month_start_3_top2_majority_below_ma120_liq30_inverse_vol,6月50%+12月50%｜月初第3日 Top2｜2/3指数低于MA120空仓｜流动性30%｜inverse_vol,m612,month_start_3,2,majority_below_ma120,liq30,inverse_vol,1.0,2021-07-10,2021-07-13,2026-07-10,1.2426050103932487,0.17564342770740282,-0.16751436631333594,0.8535236003573938,0.34692806544391075,70,"{""2021"": -0.03734258641692256, ""2022"": 0.057644689777054836, ""2023"": 0.054325422402274004, ""2024"": 0.037848470255497535, ""2025"": 0.2865506735580403, ""2026"": 0.5617299462010787}"
refined,m612_month_start_3_top2_majority_below_ma120_trend10_equal,6月50%+12月50%｜月初第3日 Top2｜2/3指数低于MA120空仓｜趋势质量10%｜equal,m612,month_start_3,2,majority_below_ma120,trend10,equal,1.0,2021-07-10,2021-07-13,2026-07-10,1.5805841033360317,0.2091784642819836,-0.18489116214551637,0.9555043417148513,0.34710743801652894,67,"{""2021"": 0.06812639480961713, ""2022"": 0.061367994249649005, ""2023"": -0.02671362446856118, ""2024"": -0.006357271077750193, ""2025"": 0.517102028107358, ""2026"": 0.5757495666325456}"
refined,m612_month_start_3_top2_majority_below_ma120_trend10_inverse_vol,6月50%+12月50%｜月初第3日 Top2｜2/3指数低于MA120空仓｜趋势质量10%｜inverse_vol,m612,month_start_3,2,majority_below_ma120,trend10,inverse_vol,1.0,2021-07-10,2021-07-13,2026-07-10,1.5154138483889472,0.20299751121744292,-0.1898353850111678,0.9407402183482642,0.34710743801652894,75,"{""2021"": 0.07103429214219781, ""2022"": 0.05764468977705528, ""2023"": -0.03314069807027564, ""2024"": -0.0031277172509855955, ""2025"": 0.49219342523831244, ""2026"": 0.5672768049947037}"
refined,m612_month_start_3_top2_majority_below_ma120_trend20_equal,6月50%+12月50%｜月初第3日 Top2｜2/3指数低于MA120空仓｜趋势质量20%｜equal,m612,month_start_3,2,majority_below_ma120,trend20,equal,1.0,2021-07-10,2021-07-13,2026-07-10,1.5805841033360317,0.2091784642819836,-0.18489116214551637,0.9555043417148513,0.34710743801652894,67,"{""2021"": 0.06812639480961713, ""2022"": 0.061367994249649005, ""2023"": -0.02671362446856118, ""2024"": -0.006357271077750193, ""2025"": 0.517102028107358, ""2026"": 0.5757495666325456}"
refined,m612_month_start_3_top2_majority_below_ma120_trend20_inverse_vol,6月50%+12月50%｜月初第3日 Top2｜2/3指数低于MA120空仓｜趋势质量20%｜inverse_vol,m612,month_start_3,2,majority_below_ma120,trend20,inverse_vol,1.0,2021-07-10,2021-07-13,2026-07-10,1.5154138483889472,0.20299751121744292,-0.1898353850111678,0.9407402183482642,0.34710743801652894,75,"{""2021"": 0.07103429214219781, ""2022"": 0.05764468977705528, ""2023"": -0.03314069807027564, ""2024"": -0.0031277172509855955, ""2025"": 0.49219342523831244, ""2026"": 0.5672768049947037}"
refined,m612_month_start_3_top2_majority_below_ma120_trend30_equal,6月50%+12月50%｜月初第3日 Top2｜2/3指数低于MA120空仓｜趋势质量30%｜equal,m612,month_start_3,2,majority_below_ma120,trend30,equal,1.0,2021-07-10,2021-07-13,2026-07-10,1.105190119449213,0.1608431307062408,-0.20559941457690134,0.7922839742795359,0.34686906047026805,80,"{""2021"": 0.04665949845955342, ""2022"": 0.024230750612221907, ""2023"": -0.02671362446856118, ""2024"": -0.006357271077750082, ""2025"": 0.30772717865127275, ""2026"": 0.5770430385593717}"
refined,m612_month_start_3_top2_majority_below_ma120_trend30_inverse_vol,6月50%+12月50%｜月初第3日 Top2｜2/3指数低于MA120空仓｜趋势质量30%｜inverse_vol,m612,month_start_3,2,majority_below_ma120,trend30,inverse_vol,1.0,2021-07-10,2021-07-13,2026-07-10,0.9479265612108465,0.14292508432941187,-0.20726168778718201,0.7312408226940161,0.34709939714353305,89,"{""2021"": 0.050372080254689866, ""2022"": 0.023358747528842372, ""2023"": -0.03314069807027553, ""2024"": -0.0031277172509859286, ""2025"": 0.21690940770119016, ""2026"": 0.5683673969906151}"
refined,m612_month_start_3_top2_majority_below_ma120_liq10_trend10_equal,6月50%+12月50%｜月初第3日 Top2｜2/3指数低于MA120空仓｜流动性10%+趋势质量10%｜equal,m612,month_start_3,2,majority_below_ma120,liq10_trend10,equal,1.0,2021-07-10,2021-07-13,2026-07-10,1.849648453747319,0.23344677982951856,-0.16875130933536808,1.03513211079104,0.34710743801652894,60,"{""2021"": 0.06812639480961713, ""2022"": 0.061367994249649005, ""2023"": -0.02671362446856118, ""2024"": 0.04439384984897421, ""2025"": 0.5533368973565771, ""2026"": 0.6169844331488488}"
refined,m612_month_start_3_top2_majority_below_ma120_liq10_trend10_inverse_vol,6月50%+12月50%｜月初第3日 Top2｜2/3指数低于MA120空仓｜流动性10%+趋势质量10%｜inverse_vol,m612,month_start_3,2,majority_below_ma120,liq10_trend10,inverse_vol,1.0,2021-07-10,2021-07-13,2026-07-10,1.8190937915958894,0.23078556446459864,-0.16733310368023502,1.031324543395854,0.34710743801652894,64,"{""2021"": 0.07103429214219781, ""2022"": 0.05764468977705528, ""2023"": -0.03314069807027564, ""2024"": 0.03784847025549709, ""2025"": 0.5339203164904835, ""2026"": 0.6414011392750698}"
refined,m612_month_start_3_top2_majority_below_ma120_liq20_trend10_equal,6月50%+12月50%｜月初第3日 Top2｜2/3指数低于MA120空仓｜流动性20%+趋势质量10%｜equal,m612,month_start_3,2,majority_below_ma120,liq20_trend10,equal,1.0,2021-07-10,2021-07-13,2026-07-10,1.7770174414037374,0.22708283688787212,-0.15464180556917417,1.008953026784053,0.3469135468665855,64,"{""2021"": -0.03807283103416892, ""2022"": 0.06136799424964923, ""2023"": 0.05712052477460672, ""2024"": 0.04439384984897421, ""2025"": 0.5480028206418364, ""2026"": 0.6165506142038122}"
refined,m612_month_start_3_top2_majority_below_ma120_liq20_trend10_inverse_vol,6月50%+12月50%｜月初第3日 Top2｜2/3指数低于MA120空仓｜流动性20%+趋势质量10%｜inverse_vol,m612,month_start_3,2,majority_below_ma120,liq20_trend10,inverse_vol,1.0,2021-07-10,2021-07-13,2026-07-10,1.7472142449099972,0.22443291391731757,-0.1521469415418989,1.0040435653504878,0.3470793975711079,70,"{""2021"": -0.03734258641692256, ""2022"": 0.057644689777054836, ""2023"": 0.054325422402274004, ""2024"": 0.037848470255497535, ""2025"": 0.5247430323973648, ""2026"": 0.6415860039250032}"
refined,m1612_month_start_3_top2_majority_below_ma100_base_equal,1月20%+6月40%+12月40%｜月初第3日 Top2｜2/3指数低于MA100空仓｜纯动量｜equal,m1612,month_start_3,2,majority_below_ma100,base,equal,1.0,2021-07-10,2021-07-13,2026-07-10,1.4482323180263972,0.19649027408203668,-0.16922832442831937,0.923401327800088,0.3330578512396694,62,"{""2021"": 0.014316900084402784, ""2022"": 0.06887186131827261, ""2023"": -0.03885954754795784, ""2024"": 0.041891386355526805, ""2025"": 0.4534538743770298, ""2026"": 0.5757495666325458}"
refined,m1612_month_start_3_top2_majority_below_ma100_base_inverse_vol,1月20%+6月40%+12月40%｜月初第3日 Top2｜2/3指数低于MA100空仓｜纯动量｜inverse_vol,m1612,month_start_3,2,majority_below_ma100,base,inverse_vol,1.0,2021-07-10,2021-07-13,2026-07-10,1.3600111090028024,0.18772466086399264,-0.16746810193126171,0.8971707753860338,0.3330578512396694,71,"{""2021"": 0.0163554426739696, ""2022"": 0.06803687659034208, ""2023"": -0.04605512135886747, ""2024"": 0.035796103545943314, ""2025"": 0.4251022120818928, ""2026"": 0.5672768049947041}"
refined,m1612_month_start_3_top2_majority_below_ma100_liq10_equal,1月20%+6月40%+12月40%｜月初第3日 Top2｜2/3指数低于MA100空仓｜流动性10%｜equal,m1612,month_start_3,2,majority_below_ma100,liq10,equal,1.0,2021-07-10,2021-07-13,2026-07-10,1.5067088050624249,0.20216223229682995,-0.1687513093353683,0.9334760028278262,0.3330578512396694,61,"{""2021"": 0.014316900084402784, ""2022"": 0.06887186131827261, ""2023"": -0.03885954754795784, ""2024"": 0.041891386355526805, ""2025"": 0.48671779144315797, ""2026"": 0.5773952663777466}"
refined,m1612_month_start_3_top2_majority_below_ma100_liq10_inverse_vol,1月20%+6月40%+12月40%｜月初第3日 Top2｜2/3指数低于MA100空仓｜流动性10%｜inverse_vol,m1612,month_start_3,2,majority_below_ma100,liq10,inverse_vol,1.0,2021-07-10,2021-07-13,2026-07-10,1.4407629898634569,0.1957580027186301,-0.1673331036802349,0.9151049957894718,0.3330578512396694,68,"{""2021"": 0.0163554426739696, ""2022"": 0.06803687659034208, ""2023"": -0.04605512135886747, ""2024"": 0.035796103545943314, ""2025"": 0.4649475717562841, ""2026"": 0.5769666610677009}"
refined,m1612_month_start_3_top2_majority_below_ma100_liq20_equal,1月20%+6月40%+12月40%｜月初第3日 Top2｜2/3指数低于MA100空仓｜流动性20%｜equal,m1612,month_start_3,2,majority_below_ma100,liq20,equal,1.0,2021-07-10,2021-07-13,2026-07-10,1.7185147202091269,0.22185930629873574,-0.16875131625752404,1.0083477282448736,0.33302326392600223,63,"{""2021"": 0.023647326889374654, ""2022"": 0.06887186131827261, ""2023"": 0.0365275640905689, ""2024"": 0.04189138635552703, ""2025"": 0.4814453887579284, ""2026"": 0.5773952663777464}"
refined,m1612_month_start_3_top2_majority_below_ma100_liq20_inverse_vol,1月20%+6月40%+12月40%｜月初第3日 Top2｜2/3指数低于MA100空仓｜流动性20%｜inverse_vol,m1612,month_start_3,2,majority_below_ma100,liq20,inverse_vol,1.0,2021-07-10,2021-07-13,2026-07-10,1.6671080483916274,0.21719463357655355,-0.16733278834753962,0.9967270524363178,0.3330046047452282,68,"{""2021"": 0.02724697435031409, ""2022"": 0.06803687659034208, ""2023"": 0.03273170839108386, ""2024"": 0.03579610354594309, ""2025"": 0.46299754891647904, ""2026"": 0.5769666610677007}"
refined,m1612_month_start_3_top2_majority_below_ma100_liq30_equal,1月20%+6月40%+12月40%｜月初第3日 Top2｜2/3指数低于MA100空仓｜流动性30%｜equal,m1612,month_start_3,2,majority_below_ma100,liq30,equal,1.0,2021-07-10,2021-07-13,2026-07-10,1.2615323648138985,0.17762475270469147,-0.16741601830795227,0.8496378582967944,0.3329357778067358,70,"{""2021"": -0.016816641253090236, ""2022"": 0.06887186131827261, ""2023"": 0.0365275640905689, ""2024"": 0.04189138635552725, ""2025"": 0.32342516492661444, ""2026"": 0.5101652021810426}"
refined,m1612_month_start_3_top2_majority_below_ma100_liq30_inverse_vol,1月20%+6月40%+12月40%｜月初第3日 Top2｜2/3指数低于MA100空仓｜流动性30%｜inverse_vol,m1612,month_start_3,2,majority_below_ma100,liq30,inverse_vol,1.0,2021-07-10,2021-07-13,2026-07-10,1.1460855284078302,0.16532658868016625,-0.16650770999012088,0.8072570515623694,0.333023363572864,77,"{""2021"": -0.01512742422118507, ""2022"": 0.06803687659034208, ""2023"": 0.032731708391083636, ""2024"": 0.035796103545943536, ""2025"": 0.2677557201675911, ""2026"": 0.5006652919759802}"
refined,m1612_month_start_3_top2_majority_below_ma100_trend10_equal,1月20%+6月40%+12月40%｜月初第3日 Top2｜2/3指数低于MA100空仓｜趋势质量10%｜equal,m1612,month_start_3,2,majority_below_ma100,trend10,equal,1.0,2021-07-10,2021-07-13,2026-07-10,1.4482323180263972,0.19649027408203668,-0.16922832442831937,0.923401327800088,0.3330578512396694,62,"{""2021"": 0.014316900084402784, ""2022"": 0.06887186131827261, ""2023"": -0.03885954754795784, ""2024"": 0.041891386355526805, ""2025"": 0.4534538743770298, ""2026"": 0.5757495666325458}"
refined,m1612_month_start_3_top2_majority_below_ma100_trend10_inverse_vol,1月20%+6月40%+12月40%｜月初第3日 Top2｜2/3指数低于MA100空仓｜趋势质量10%｜inverse_vol,m1612,month_start_3,2,majority_below_ma100,trend10,inverse_vol,1.0,2021-07-10,2021-07-13,2026-07-10,1.3600111090028024,0.18772466086399264,-0.16746810193126171,0.8971707753860338,0.3330578512396694,71,"{""2021"": 0.0163554426739696, ""2022"": 0.06803687659034208, ""2023"": -0.04605512135886747, ""2024"": 0.035796103545943314, ""2025"": 0.4251022120818928, ""2026"": 0.5672768049947041}"
refined,m1612_month_start_3_top2_majority_below_ma100_trend20_equal,1月20%+6月40%+12月40%｜月初第3日 Top2｜2/3指数低于MA100空仓｜趋势质量20%｜equal,m1612,month_start_3,2,majority_below_ma100,trend20,equal,1.0,2021-07-10,2021-07-13,2026-07-10,1.3287508220264144,0.1845557462825902,-0.1925987346011745,0.8762107055330426,0.3330578512396694,67,"{""2021"": 0.014316900084402784, ""2022"": 0.06887186131827261, ""2023"": -0.03885954754795784, ""2024"": -0.008738130228746588, ""2025"": 0.4531309977342086, ""2026"": 0.5757495666325461}"
refined,m1612_month_start_3_top2_majority_below_ma100_trend20_inverse_vol,1月20%+6月40%+12月40%｜月初第3日 Top2｜2/3指数低于MA100空仓｜趋势质量20%｜inverse_vol,m1612,month_start_3,2,majority_below_ma100,trend20,inverse_vol,1.0,2021-07-10,2021-07-13,2026-07-10,1.26682379125086,0.17817628956334963,-0.19818475473306585,0.8587393085491564,0.3330578512396694,77,"{""2021"": 0.0163554426739696, ""2022"": 0.06803687659034208, ""2023"": -0.04605512135886747, ""2024"": -0.0050990527064278535, ""2025"": 0.42509696922690776, ""2026"": 0.5672768049947039}"
refined,m1612_month_start_3_top2_majority_below_ma100_trend30_equal,1月20%+6月40%+12月40%｜月初第3日 Top2｜2/3指数低于MA100空仓｜趋势质量30%｜equal,m1612,month_start_3,2,majority_below_ma100,trend30,equal,1.0,2021-07-10,2021-07-13,2026-07-10,1.1186859396978854,0.16233034905461552,-0.21249510618355294,0.7971724442669434,0.33295871042770186,77,"{""2021"": -0.03867187507932579, ""2022"": 0.036822673460151556, ""2023"": -0.03885954754795751, ""2024"": -0.008738130228746588, ""2025"": 0.4368623083340697, ""2026"": 0.5770430385593714}"
refined,m1612_month_start_3_top2_majority_below_ma100_trend30_inverse_vol,1月20%+6月40%+12月40%｜月初第3日 Top2｜2/3指数低于MA100空仓｜趋势质量30%｜inverse_vol,m1612,month_start_3,2,majority_below_ma100,trend30,inverse_vol,1.0,2021-07-10,2021-07-13,2026-07-10,1.0580642570226613,0.15558940516432562,-0.2143026210063408,0.7771868244365828,0.3330498103666736,85,"{""2021"": -0.041489614029729394, ""2022"": 0.035972101681084556, ""2023"": -0.04605512135886747, ""2024"": -0.0050990527064277424, ""2025"": 0.4134175098160364, ""2026"": 0.5683673969906153}"
refined,m1612_month_start_3_top2_majority_below_ma100_liq10_trend10_equal,1月20%+6月40%+12月40%｜月初第3日 Top2｜2/3指数低于MA100空仓｜流动性10%+趋势质量10%｜equal,m1612,month_start_3,2,majority_below_ma100,liq10_trend10,equal,1.0,2021-07-10,2021-07-13,2026-07-10,1.5067088050624249,0.20216223229682995,-0.1687513093353683,0.9334760028278262,0.3330578512396694,61,"{""2021"": 0.014316900084402784, ""2022"": 0.06887186131827261, ""2023"": -0.03885954754795784, ""2024"": 0.041891386355526805, ""2025"": 0.48671779144315797, ""2026"": 0.5773952663777466}"
refined,m1612_month_start_3_top2_majority_below_ma100_liq10_trend10_inverse_vol,1月20%+6月40%+12月40%｜月初第3日 Top2｜2/3指数低于MA100空仓｜流动性10%+趋势质量10%｜inverse_vol,m1612,month_start_3,2,majority_below_ma100,liq10_trend10,inverse_vol,1.0,2021-07-10,2021-07-13,2026-07-10,1.4407629898634577,0.1957580027186301,-0.1673331036802349,0.9151049957894726,0.3330578512396694,68,"{""2021"": 0.0163554426739696, ""2022"": 0.06803687659034208, ""2023"": -0.04605512135886747, ""2024"": 0.035796103545943314, ""2025"": 0.46494757175628454, ""2026"": 0.5769666610677011}"
refined,m1612_month_start_3_top2_majority_below_ma100_liq20_trend10_equal,1月20%+6月40%+12月40%｜月初第3日 Top2｜2/3指数低于MA100空仓｜流动性20%+趋势质量10%｜equal,m1612,month_start_3,2,majority_below_ma100,liq20_trend10,equal,1.0,2021-07-10,2021-07-13,2026-07-10,1.6106139786080522,0.21198466146664163,-0.15464180556917428,0.9628002564818923,0.3329357778067358,65,"{""2021"": -0.016816641253090236, ""2022"": 0.06887186131827261, ""2023"": 0.0365275640905689, ""2024"": 0.04189138635552725, ""2025"": 0.4816124812131477, ""2026"": 0.5769720687659843}"
refined,m1612_month_start_3_top2_majority_below_ma100_liq20_trend10_inverse_vol,1月20%+6月40%+12月40%｜月初第3日 Top2｜2/3指数低于MA100空仓｜流动性20%+趋势质量10%｜inverse_vol,m1612,month_start_3,2,majority_below_ma100,liq20_trend10,inverse_vol,1.0,2021-07-10,2021-07-13,2026-07-10,1.5458188024340518,0.2058969530103909,-0.1608847059270766,0.9452824908438864,0.3330298107942484,74,"{""2021"": -0.01512742422118507, ""2022"": 0.06803687659034208, ""2023"": 0.032731708391083636, ""2024"": 0.035796103545943536, ""2025"": 0.4561829443483285, ""2026"": 0.5771442687120358}"
refined,m1612_month_start_top2_majority_below_ma120_base_equal,1月20%+6月40%+12月40%｜月初 Top2｜2/3指数低于MA120空仓｜纯动量｜equal,m1612,month_start,2,majority_below_ma120,base,equal,1.0,2021-07-10,2021-07-13,2026-07-10,1.3971268396781675,0.19144386048623407,-0.18517036769057182,0.8811553770600379,0.37345838222104377,66,"{""2021"": 0.059363918862817444, ""2022"": 0.0730131834273573, ""2023"": -0.05412071295823129, ""2024"": -0.044964875569787566, ""2025"": 0.43404855324113, ""2026"": 0.6534619577047671}"
refined,m1612_month_start_top2_majority_below_ma120_base_inverse_vol,1月20%+6月40%+12月40%｜月初 Top2｜2/3指数低于MA120空仓｜纯动量｜inverse_vol,m1612,month_start,2,majority_below_ma120,base,inverse_vol,1.0,2021-07-10,2021-07-13,2026-07-10,1.3092127963104736,0.18255782461676562,-0.19458330923007605,0.8497165606342458,0.37355371900826445,74,"{""2021"": 0.06425040674970472, ""2022"": 0.06974579984586926, ""2023"": -0.05670655404607161, ""2024"": -0.05430001072584412, ""2025"": 0.40753035237510815, ""2026"": 0.6400536716016152}"
refined,m1612_month_start_top2_majority_below_ma120_liq10_equal,1月20%+6月40%+12月40%｜月初 Top2｜2/3指数低于MA120空仓｜流动性10%｜equal,m1612,month_start,2,majority_below_ma120,liq10,equal,1.0,2021-07-10,2021-07-13,2026-07-10,1.1895413969849344,0.1700165011635486,-0.18517036769057182,0.8007588720099229,0.37345838222104377,68,"{""2021"": 0.059363918862817444, ""2022"": 0.0730131834273573, ""2023"": -0.05412071295823129, ""2024"": -0.044964875569787566, ""2025"": 0.31369745881167654, ""2026"": 0.6566349831056617}"
refined,m1612_month_start_top2_majority_below_ma120_liq10_inverse_vol,1月20%+6月40%+12月40%｜月初 Top2｜2/3指数低于MA120空仓｜流动性10%｜inverse_vol,m1612,month_start,2,majority_below_ma120,liq10,inverse_vol,1.0,2021-07-10,2021-07-13,2026-07-10,1.0470480912510038,0.15434743810358165,-0.19458330923007605,0.7431500549229222,0.37355371900826445,74,"{""2021"": 0.06425040674970472, ""2022"": 0.06974579984586926, ""2023"": -0.05670655404607161, ""2024"": -0.05430001072584412, ""2025"": 0.25519914464730453, ""2026"": 0.6400368737794582}"
refined,m1612_month_start_top2_majority_below_ma120_liq20_equal,1月20%+6月40%+12月40%｜月初 Top2｜2/3指数低于MA120空仓｜流动性20%｜equal,m1612,month_start,2,majority_below_ma120,liq20,equal,1.0,2021-07-10,2021-07-13,2026-07-10,1.227541446488011,0.17405698786084334,-0.20714365674115032,0.812917216336845,0.37345838222104377,72,"{""2021"": 0.10080187740379554, ""2022"": 0.07301318342735774, ""2023"": -0.054120712958231176, ""2024"": -0.07071904798872997, ""2025"": 0.31369745881167677, ""2026"": 0.6668932408410202}"
refined,m1612_month_start_top2_majority_below_ma120_liq20_inverse_vol,1月20%+6月40%+12月40%｜月初 Top2｜2/3指数低于MA120空仓｜流动性20%｜inverse_vol,m1612,month_start,2,majority_below_ma120,liq20,inverse_vol,1.0,2021-07-10,2021-07-13,2026-07-10,1.0760902039577607,0.157610239461897,-0.21601722898712383,0.7532809614082974,0.37355371900826445,77,"{""2021"": 0.10877389774391699, ""2022"": 0.06974579984586926, ""2023"": -0.05670655404607183, ""2024"": -0.0794671793686571, ""2025"": 0.25519914464730387, ""2026"": 0.640161918951947}"
refined,m1612_month_start_top2_majority_below_ma120_liq30_equal,1月20%+6月40%+12月40%｜月初 Top2｜2/3指数低于MA120空仓｜流动性30%｜equal,m1612,month_start,2,majority_below_ma120,liq30,equal,1.0,2021-07-10,2021-07-13,2026-07-10,1.1309207974291469,0.1636720788164201,-0.20714365674115032,0.7766197441530254,0.37355371900826445,72,"{""2021"": -0.028309458011496758, ""2022"": 0.07301318342735774, ""2023"": 0.023906296277236727, ""2024"": -0.07071904798873008, ""2025"": 0.3152053361399372, ""2026"": 0.6668932408410206}"
refined,m1612_month_start_top2_majority_below_ma120_liq30_inverse_vol,1月20%+6月40%+12月40%｜月初 Top2｜2/3指数低于MA120空仓｜流动性30%｜inverse_vol,m1612,month_start,2,majority_below_ma120,liq30,inverse_vol,1.0,2021-07-10,2021-07-13,2026-07-10,0.9768321493349708,0.14630315737645305,-0.21601722898712383,0.7126708408217877,0.37355371900826445,79,"{""2021"": -0.0270557068651599, ""2022"": 0.06974579984586926, ""2023"": 0.021195528067865288, ""2024"": -0.07946717936865699, ""2025"": 0.2581404975887167, ""2026"": 0.6401619189519467}"
refined,m1612_month_start_top2_majority_below_ma120_trend10_equal,1月20%+6月40%+12月40%｜月初 Top2｜2/3指数低于MA120空仓｜趋势质量10%｜equal,m1612,month_start,2,majority_below_ma120,trend10,equal,1.0,2021-07-10,2021-07-13,2026-07-10,1.3971268396781675,0.19144386048623407,-0.18517036769057182,0.8811553770600379,0.37345838222104377,66,"{""2021"": 0.059363918862817444, ""2022"": 0.0730131834273573, ""2023"": -0.05412071295823129, ""2024"": -0.044964875569787566, ""2025"": 0.43404855324113, ""2026"": 0.6534619577047671}"
refined,m1612_month_start_top2_majority_below_ma120_trend10_inverse_vol,1月20%+6月40%+12月40%｜月初 Top2｜2/3指数低于MA120空仓｜趋势质量10%｜inverse_vol,m1612,month_start,2,majority_below_ma120,trend10,inverse_vol,1.0,2021-07-10,2021-07-13,2026-07-10,1.3092127963104736,0.18255782461676562,-0.19458330923007605,0.8497165606342458,0.37355371900826445,74,"{""2021"": 0.06425040674970472, ""2022"": 0.06974579984586926, ""2023"": -0.05670655404607161, ""2024"": -0.05430001072584412, ""2025"": 0.40753035237510815, ""2026"": 0.6400536716016152}"
refined,m1612_month_start_top2_majority_below_ma120_trend20_equal,1月20%+6月40%+12月40%｜月初 Top2｜2/3指数低于MA120空仓｜趋势质量20%｜equal,m1612,month_start,2,majority_below_ma120,trend20,equal,1.0,2021-07-10,2021-07-13,2026-07-10,1.401025435073986,0.19183184292815758,-0.18517036769057182,0.8767390702903819,0.37355371900826445,68,"{""2021"": 0.059363918862817444, ""2022"": 0.0730131834273573, ""2023"": -0.05412071295823129, ""2024"": -0.044964875569787566, ""2025"": 0.43638083495209545, ""2026"": 0.6534619577047669}"
refined,m1612_month_start_top2_majority_below_ma120_trend20_inverse_vol,1月20%+6月40%+12月40%｜月初 Top2｜2/3指数低于MA120空仓｜趋势质量20%｜inverse_vol,m1612,month_start,2,majority_below_ma120,trend20,inverse_vol,1.0,2021-07-10,2021-07-13,2026-07-10,1.311484472595064,0.18279081483065873,-0.19458330923007605,0.8454853731514747,0.37355371900826445,75,"{""2021"": 0.06425040674970472, ""2022"": 0.06974579984586926, ""2023"": -0.05670655404607161, ""2024"": -0.05430001072584412, ""2025"": 0.4089150031645201, ""2026"": 0.6400536716016152}"
refined,m1612_month_start_top2_majority_below_ma120_trend30_equal,1月20%+6月40%+12月40%｜月初 Top2｜2/3指数低于MA120空仓｜趋势质量30%｜equal,m1612,month_start,2,majority_below_ma120,trend30,equal,1.0,2021-07-10,2021-07-13,2026-07-10,1.295387805586539,0.1811359251281539,-0.21354751567816255,0.8338224381664598,0.37334346672654734,73,"{""2021"": 0.059363918862817444, ""2022"": 0.0730131834273573, ""2023"": -0.05412071295823129, ""2024"": -0.044964875569787566, ""2025"": 0.41542496561003395, ""2026"": 0.6162378887445688}"
refined,m1612_month_start_top2_majority_below_ma120_trend30_inverse_vol,1月20%+6月40%+12月40%｜月初 Top2｜2/3指数低于MA120空仓｜趋势质量30%｜inverse_vol,m1612,month_start,2,majority_below_ma120,trend30,inverse_vol,1.0,2021-07-10,2021-07-13,2026-07-10,1.1990044733469216,0.17102790723578587,-0.21941594440200318,0.797534805970086,0.37334218603904207,78,"{""2021"": 0.06425040674970472, ""2022"": 0.06974579984586926, ""2023"": -0.05670655404607161, ""2024"": -0.05430001072584412, ""2025"": 0.388171183249556, ""2026"": 0.595266780778799}"
refined,m1612_month_start_top2_majority_below_ma120_liq10_trend10_equal,1月20%+6月40%+12月40%｜月初 Top2｜2/3指数低于MA120空仓｜流动性10%+趋势质量10%｜equal,m1612,month_start,2,majority_below_ma120,liq10_trend10,equal,1.0,2021-07-10,2021-07-13,2026-07-10,1.4314457512803074,0.19484205155444756,-0.18517036769057182,0.8891413765918392,0.37345838222104377,67,"{""2021"": 0.059363918862817444, ""2022"": 0.0730131834273573, ""2023"": -0.05412071295823129, ""2024"": -0.044964875569787566, ""2025"": 0.45162163647355036, ""2026"": 0.6568170965747275}"
refined,m1612_month_start_top2_majority_below_ma120_liq10_trend10_inverse_vol,1月20%+6月40%+12月40%｜月初 Top2｜2/3指数低于MA120空仓｜流动性10%+趋势质量10%｜inverse_vol,m1612,month_start,2,majority_below_ma120,liq10_trend10,inverse_vol,1.0,2021-07-10,2021-07-13,2026-07-10,1.3366672773255779,0.1853614536278363,-0.19458330923007605,0.8550793639380092,0.37355371900826445,75,"{""2021"": 0.06425040674970472, ""2022"": 0.06974579984586926, ""2023"": -0.05670655404607161, ""2024"": -0.05430001072584412, ""2025"": 0.42428360631567896, ""2026"": 0.6400538806504017}"
refined,m1612_month_start_top2_majority_below_ma120_liq20_trend10_equal,1月20%+6月40%+12月40%｜月初 Top2｜2/3指数低于MA120空仓｜流动性20%+趋势质量10%｜equal,m1612,month_start,2,majority_below_ma120,liq20_trend10,equal,1.0,2021-07-10,2021-07-13,2026-07-10,1.3636194514622195,0.18808828081651074,-0.20714365674115032,0.8555352969270733,0.37345838222104377,71,"{""2021"": -0.028309458011496758, ""2022"": 0.07301318342735774, ""2023"": 0.023906296277236727, ""2024"": -0.07071904798873008, ""2025"": 0.45162163647355014, ""2026"": 0.6670650663600626}"
refined,m1612_month_start_top2_majority_below_ma120_liq20_trend10_inverse_vol,1月20%+6月40%+12月40%｜月初 Top2｜2/3指数低于MA120空仓｜流动性20%+趋势质量10%｜inverse_vol,m1612,month_start,2,majority_below_ma120,liq20_trend10,inverse_vol,1.0,2021-07-10,2021-07-13,2026-07-10,1.251244821508649,0.17654949969027944,-0.21601722898712394,0.8149869449176337,0.37355371900826445,80,"{""2021"": -0.0270557068651599, ""2022"": 0.06974579984586926, ""2023"": 0.021195528067865066, ""2024"": -0.07946717936865721, ""2025"": 0.4242836063156785, ""2026"": 0.6401812215925142}"
refined,m312_month_start_top2_majority_below_ma120_base_equal,3月50%+12月50%｜月初 Top2｜2/3指数低于MA120空仓｜纯动量｜equal,m312,month_start,2,majority_below_ma120,base,equal,1.0,2021-07-10,2021-07-13,2026-07-10,1.3826420831231836,0.18999792438602214,-0.18459085467924796,0.8970526673196126,0.35696734651228734,68,"{""2021"": 0.059363918862817444, ""2022"": 0.07676835340711952, ""2023"": 0.005833224863632136, ""2024"": -0.004228320651094575, ""2025"": 0.3503681530270455, ""2026"": 0.5676382531235431}"
refined,m312_month_start_top2_majority_below_ma120_base_inverse_vol,3月50%+12月50%｜月初 Top2｜2/3指数低于MA120空仓｜纯动量｜inverse_vol,m312,month_start,2,majority_below_ma120,base,inverse_vol,1.0,2021-07-10,2021-07-13,2026-07-10,1.303547008202055,0.18197592406293173,-0.19083819879178465,0.8696625840740229,0.3578512396694215,74,"{""2021"": 0.06425040674970472, ""2022"": 0.07587712312744843, ""2023"": 0.003083481935544974, ""2024"": -0.0055472978778099424, ""2025"": 0.3171833456151285, ""2026"": 0.5546966106344262}"
refined,m312_month_start_top2_majority_below_ma120_liq10_equal,3月50%+12月50%｜月初 Top2｜2/3指数低于MA120空仓｜流动性10%｜equal,m312,month_start,2,majority_below_ma120,liq10,equal,1.0,2021-07-10,2021-07-13,2026-07-10,1.3745692780372725,0.18918900630857816,-0.1811276783378859,0.8887807082588199,0.35696734651228734,70,"{""2021"": 0.059363918862817444, ""2022"": 0.07676835340711952, ""2023"": 0.005833224863632136, ""2024"": -0.004228320651094575, ""2025"": 0.3669158019151679, ""2026"": 0.5434006515519687}"
refined,m312_month_start_top2_majority_below_ma120_liq10_inverse_vol,3月50%+12月50%｜月初 Top2｜2/3指数低于MA120空仓｜流动性10%｜inverse_vol,m312,month_start,2,majority_below_ma120,liq10,inverse_vol,1.0,2021-07-10,2021-07-13,2026-07-10,1.274185643487121,0.17894192138646203,-0.1878418499682336,0.852565059844575,0.3578512396694215,75,"{""2021"": 0.06425040674970472, ""2022"": 0.07587712312744843, ""2023"": 0.003083481935544974, ""2024"": -0.0055472978778099424, ""2025"": 0.33286123635343046, ""2026"": 0.5168464522484131}"
refined,m312_month_start_top2_majority_below_ma120_liq20_equal,3月50%+12月50%｜月初 Top2｜2/3指数低于MA120空仓｜流动性20%｜equal,m312,month_start,2,majority_below_ma120,liq20,equal,1.0,2021-07-10,2021-07-13,2026-07-10,1.2505240860943996,0.1764740213237379,-0.18201024601835503,0.8388906347888487,0.35754511324283705,70,"{""2021"": 0.0568668815502984, ""2022"": 0.0767683534071193, ""2023"": 0.005833224863632136, ""2024"": -0.03603294830931447, ""2025"": 0.32985210301794554, ""2026"": 0.5658669701045997}"
refined,m312_month_start_top2_majority_below_ma120_liq20_inverse_vol,3月50%+12月50%｜月初 Top2｜2/3指数低于MA120空仓｜流动性20%｜inverse_vol,m312,month_start,2,majority_below_ma120,liq20,inverse_vol,1.0,2021-07-10,2021-07-13,2026-07-10,1.1735848704482992,0.16830313625196758,-0.1877419379757398,0.8113137101104598,0.35785123966942145,72,"{""2021"": 0.06136116397439739, ""2022"": 0.07587712312744843, ""2023"": 0.003083481935544752, ""2024"": -0.038047781647889245, ""2025"": 0.2984635446064623, ""2026"": 0.5519435455741009}"
refined,m312_month_start_top2_majority_below_ma120_liq30_equal,3月50%+12月50%｜月初 Top2｜2/3指数低于MA120空仓｜流动性30%｜equal,m312,month_start,2,majority_below_ma120,liq30,equal,1.0,2021-07-10,2021-07-13,2026-07-10,1.596502512772481,0.21066922225383689,-0.18201024601835503,0.9495016596607238,0.35757561858265896,69,"{""2021"": 0.0568668815502984, ""2022"": 0.0767683534071193, ""2023"": 0.0888059248698112, ""2024"": -0.03603294830931458, ""2025"": 0.40864958165179543, ""2026"": 0.5755631718161591}"
refined,m312_month_start_top2_majority_below_ma120_liq30_inverse_vol,3月50%+12月50%｜月初 Top2｜2/3指数低于MA120空仓｜流动性30%｜inverse_vol,m312,month_start,2,majority_below_ma120,liq30,inverse_vol,1.0,2021-07-10,2021-07-13,2026-07-10,1.5146862579474982,0.20292778500833508,-0.1877419379757398,0.9242857927066306,0.35785123966942145,71,"{""2021"": 0.06136116397439739, ""2022"": 0.07587712312744843, ""2023"": 0.08592333639658523, ""2024"": -0.038047781647889356, ""2025"": 0.3875614638461473, ""2026"": 0.5520244863487342}"
refined,m312_month_start_top2_majority_below_ma120_trend10_equal,3月50%+12月50%｜月初 Top2｜2/3指数低于MA120空仓｜趋势质量10%｜equal,m312,month_start,2,majority_below_ma120,trend10,equal,1.0,2021-07-10,2021-07-13,2026-07-10,1.3826420831231836,0.18999792438602214,-0.18459085467924796,0.8970526673196126,0.35696734651228734,68,"{""2021"": 0.059363918862817444, ""2022"": 0.07676835340711952, ""2023"": 0.005833224863632136, ""2024"": -0.004228320651094575, ""2025"": 0.3503681530270455, ""2026"": 0.5676382531235431}"
refined,m312_month_start_top2_majority_below_ma120_trend10_inverse_vol,3月50%+12月50%｜月初 Top2｜2/3指数低于MA120空仓｜趋势质量10%｜inverse_vol,m312,month_start,2,majority_below_ma120,trend10,inverse_vol,1.0,2021-07-10,2021-07-13,2026-07-10,1.303547008202055,0.18197592406293173,-0.19083819879178465,0.8696625840740229,0.3578512396694215,74,"{""2021"": 0.06425040674970472, ""2022"": 0.07587712312744843, ""2023"": 0.003083481935544974, ""2024"": -0.0055472978778099424, ""2025"": 0.3171833456151285, ""2026"": 0.5546966106344262}"
refined,m312_month_start_top2_majority_below_ma120_trend20_equal,3月50%+12月50%｜月初 Top2｜2/3指数低于MA120空仓｜趋势质量20%｜equal,m312,month_start,2,majority_below_ma120,trend20,equal,1.0,2021-07-10,2021-07-13,2026-07-10,1.2523188988456213,0.17666194562450732,-0.1985490754355771,0.840592577306279,0.3576910922638076,72,"{""2021"": 0.059363918862817444, ""2022"": 0.07676835340711952, ""2023"": 0.005833224863632136, ""2024"": -0.06092061192580889, ""2025"": 0.3542850145467593, ""2026"": 0.5676382531235429}"
refined,m312_month_start_top2_majority_below_ma120_trend20_inverse_vol,3月50%+12月50%｜月初 Top2｜2/3指数低于MA120空仓｜趋势质量20%｜inverse_vol,m312,month_start,2,majority_below_ma120,trend20,inverse_vol,1.0,2021-07-10,2021-07-13,2026-07-10,1.174868183539349,0.1684413058916998,-0.20171139991655473,0.8129394342227491,0.3578512396694215,77,"{""2021"": 0.06425040674970472, ""2022"": 0.07587712312744843, ""2023"": 0.003083481935544974, ""2024"": -0.062021313551346324, ""2025"": 0.3184791119246069, ""2026"": 0.554696610634426}"
refined,m312_month_start_top2_majority_below_ma120_trend30_equal,3月50%+12月50%｜月初 Top2｜2/3指数低于MA120空仓｜趋势质量30%｜equal,m312,month_start,2,majority_below_ma120,trend30,equal,1.0,2021-07-10,2021-07-13,2026-07-10,1.079654030046489,0.15800810683969724,-0.1985490754355772,0.7569602474588858,0.3577210999558798,73,"{""2021"": -0.08953256429866763, ""2022"": 0.04137292623584732, ""2023"": 0.005833224863632136, ""2024"": -0.06092061192580922, ""2025"": 0.4521067576284825, ""2026"": 0.6240960783017169}"
refined,m312_month_start_top2_majority_below_ma120_trend30_inverse_vol,3月50%+12月50%｜月初 Top2｜2/3指数低于MA120空仓｜趋势质量30%｜inverse_vol,m312,month_start,2,majority_below_ma120,trend30,inverse_vol,1.0,2021-07-10,2021-07-13,2026-07-10,1.017652103050374,0.1510069643115617,-0.20171139991655473,0.7313621302332162,0.3578512396694215,81,"{""2021"": -0.09139183768139914, ""2022"": 0.040623593090398424, ""2023"": 0.003083481935544974, ""2024"": -0.06202131355134621, ""2025"": 0.42572062431495783, ""2026"": 0.6152503901176514}"
refined,m312_month_start_top2_majority_below_ma120_liq10_trend10_equal,3月50%+12月50%｜月初 Top2｜2/3指数低于MA120空仓｜流动性10%+趋势质量10%｜equal,m312,month_start,2,majority_below_ma120,liq10_trend10,equal,1.0,2021-07-10,2021-07-13,2026-07-10,1.4167536210179503,0.1933919914100366,-0.1811276783378859,0.9049821683605362,0.35696734651228734,69,"{""2021"": 0.059363918862817444, ""2022"": 0.07676835340711952, ""2023"": 0.005833224863632136, ""2024"": -0.004228320651094575, ""2025"": 0.3669158019151679, ""2026"": 0.570819241964915}"
refined,m312_month_start_top2_majority_below_ma120_liq10_trend10_inverse_vol,3月50%+12月50%｜月初 Top2｜2/3指数低于MA120空仓｜流动性10%+趋势质量10%｜inverse_vol,m312,month_start,2,majority_below_ma120,liq10_trend10,inverse_vol,1.0,2021-07-10,2021-07-13,2026-07-10,1.330934128048752,0.18477817349387515,-0.1878418499682336,0.8747914331734382,0.3578512396694215,75,"{""2021"": 0.06425040674970472, ""2022"": 0.07587712312744843, ""2023"": 0.003083481935544974, ""2024"": -0.0055472978778099424, ""2025"": 0.33286123635343046, ""2026"": 0.5546968088032083}"
refined,m312_month_start_top2_majority_below_ma120_liq20_trend10_equal,3月50%+12月50%｜月初 Top2｜2/3指数低于MA120空仓｜流动性20%+趋势质量10%｜equal,m312,month_start,2,majority_below_ma120,liq20_trend10,equal,1.0,2021-07-10,2021-07-13,2026-07-10,1.2947027925271812,0.18106529369119828,-0.18201024601835514,0.840110454987702,0.35757561858265896,68,"{""2021"": -0.09167863621814565, ""2022"": 0.07676835340711952, ""2023"": 0.0888059248698112, ""2024"": -0.03603294830931447, ""2025"": 0.449602839501686, ""2026"": 0.5660391054687142}"
refined,m312_month_start_top2_majority_below_ma120_liq20_trend10_inverse_vol,3月50%+12月50%｜月初 Top2｜2/3指数低于MA120空仓｜流动性20%+趋势质量10%｜inverse_vol,m312,month_start,2,majority_below_ma120,liq20_trend10,inverse_vol,1.0,2021-07-10,2021-07-13,2026-07-10,1.2174220626970387,0.17298642723428515,-0.1877419379757399,0.8109362451676377,0.3578512396694215,76,"{""2021"": -0.09385854058507159, ""2022"": 0.07587712312744843, ""2023"": 0.08592333639658545, ""2024"": -0.038047781647889356, ""2025"": 0.4243194685761513, ""2026"": 0.5522367632515748}"
refined,m136_month_start_top2_majority_below_ma120_base_equal,1月20%+3月30%+6月50%｜月初 Top2｜2/3指数低于MA120空仓｜纯动量｜equal,m136,month_start,2,majority_below_ma120,base,equal,1.0,2021-07-10,2021-07-13,2026-07-10,1.3578797014381863,0.18750966571413397,-0.18830979842845164,0.8573832080049669,0.37501481513895774,77,"{""2021"": -0.05604408890563228, ""2022"": 0.011994711098413102, ""2023"": 0.04506989741924783, ""2024"": 0.0020673928448495804, ""2025"": 0.48119708563789687, ""2026"": 0.6162378887445685}"
refined,m136_month_start_top2_majority_below_ma120_base_inverse_vol,1月20%+3月30%+6月50%｜月初 Top2｜2/3指数低于MA120空仓｜纯动量｜inverse_vol,m136,month_start,2,majority_below_ma120,base,inverse_vol,1.0,2021-07-10,2021-07-13,2026-07-10,1.285958409000572,0.18016217898160014,-0.18484687223442076,0.8313504405131366,0.3752066115702479,87,"{""2021"": -0.05564921357992547, ""2022"": 0.00894154274500747, ""2023"": 0.04249566972229468, ""2024"": 0.008426088103854257, ""2025"": 0.4524459982082778, ""2026"": 0.5952667807787986}"
refined,m136_month_start_top2_majority_below_ma120_liq10_equal,1月20%+3月30%+6月50%｜月初 Top2｜2/3指数低于MA120空仓｜流动性10%｜equal,m136,month_start,2,majority_below_ma120,liq10,equal,1.0,2021-07-10,2021-07-13,2026-07-10,1.373430268354206,0.18907469733655624,-0.2025603886960895,0.8650736098895887,0.3749118406925037,75,"{""2021"": -0.05604408890563228, ""2022"": 0.011994711098413102, ""2023"": 0.04506989741924783, ""2024"": -0.022203700036962037, ""2025"": 0.5279748924546332, ""2026"": 0.6162378902179115}"
refined,m136_month_start_top2_majority_below_ma120_liq10_inverse_vol,1月20%+3月30%+6月50%｜月初 Top2｜2/3指数低于MA120空仓｜流动性10%｜inverse_vol,m136,month_start,2,majority_below_ma120,liq10,inverse_vol,1.0,2021-07-10,2021-07-13,2026-07-10,1.3076151609919604,0.18239385634992056,-0.1873053576790772,0.8400480178555391,0.3752066115702479,86,"{""2021"": -0.05564921357992547, ""2022"": 0.00894154274500747, ""2023"": 0.04249566972229468, ""2024"": -0.015929787436052556, ""2025"": 0.5024950587493973, ""2026"": 0.595266780778799}"
refined,m136_month_start_top2_majority_below_ma120_liq20_equal,1月20%+3月30%+6月50%｜月初 Top2｜2/3指数低于MA120空仓｜流动性20%｜equal,m136,month_start,2,majority_below_ma120,liq20,equal,1.0,2021-07-10,2021-07-13,2026-07-10,1.5481409200378087,0.20611725181981178,-0.21661869805659084,0.9183077920610054,0.3751036371237939,75,"{""2021"": -0.05604408890563228, ""2022"": 0.011994711098413102, ""2023"": 0.13127928973258252, ""2024"": -0.039441573202000035, ""2025"": 0.499900879544529, ""2026"": 0.6622870158175911}"
refined,m136_month_start_top2_majority_below_ma120_liq20_inverse_vol,1月20%+3月30%+6月50%｜月初 Top2｜2/3指数低于MA120空仓｜流动性20%｜inverse_vol,m136,month_start,2,majority_below_ma120,liq20,inverse_vol,1.0,2021-07-10,2021-07-13,2026-07-10,1.4641168618815996,0.19804162895707234,-0.2081978183304618,0.8891415158603541,0.3752066115702479,84,"{""2021"": -0.05564921357992547, ""2022"": 0.00894154274500747, ""2023"": 0.12859038777050658, ""2024"": -0.04122790941637833, ""2025"": 0.47481164589871727, ""2026"": 0.6453426217713196}"
refined,m136_month_start_top2_majority_below_ma120_liq30_equal,1月20%+3月30%+6月50%｜月初 Top2｜2/3指数低于MA120空仓｜流动性30%｜equal,m136,month_start,2,majority_below_ma120,liq30,equal,1.0,2021-07-10,2021-07-13,2026-07-10,1.3586857238999657,0.18759098749125203,-0.2166186980565905,0.8522084718211382,0.3751036371237939,74,"{""2021"": -0.05604408890563228, ""2022"": 0.011994711098413102, ""2023"": 0.09012726725432763, ""2024"": -0.039441573202000035, ""2025"": 0.44853605338375857, ""2026"": 0.6621538690691002}"
refined,m136_month_start_top2_majority_below_ma120_liq30_inverse_vol,1月20%+3月30%+6月50%｜月初 Top2｜2/3指数低于MA120空仓｜流动性30%｜inverse_vol,m136,month_start,2,majority_below_ma120,liq30,inverse_vol,1.0,2021-07-10,2021-07-13,2026-07-10,1.269374357230106,0.17844177294901487,-0.20819781833046147,0.8193709715611949,0.3752066115702479,83,"{""2021"": -0.05564921357992547, ""2022"": 0.00894154274500747, ""2023"": 0.08750554990138881, ""2024"": -0.04122790941637833, ""2025"": 0.4183831573860435, ""2026"": 0.6450050665762224}"
refined,m136_month_start_top2_majority_below_ma120_trend10_equal,1月20%+3月30%+6月50%｜月初 Top2｜2/3指数低于MA120空仓｜趋势质量10%｜equal,m136,month_start,2,majority_below_ma120,trend10,equal,1.0,2021-07-10,2021-07-13,2026-07-10,1.3578797014381863,0.18750966571413397,-0.18830979842845164,0.8573832080049669,0.37501481513895774,77,"{""2021"": -0.05604408890563228, ""2022"": 0.011994711098413102, ""2023"": 0.04506989741924783, ""2024"": 0.0020673928448495804, ""2025"": 0.48119708563789687, ""2026"": 0.6162378887445685}"
refined,m136_month_start_top2_majority_below_ma120_trend10_inverse_vol,1月20%+3月30%+6月50%｜月初 Top2｜2/3指数低于MA120空仓｜趋势质量10%｜inverse_vol,m136,month_start,2,majority_below_ma120,trend10,inverse_vol,1.0,2021-07-10,2021-07-13,2026-07-10,1.285958409000572,0.18016217898160014,-0.18484687223442076,0.8313504405131366,0.3752066115702479,87,"{""2021"": -0.05564921357992547, ""2022"": 0.00894154274500747, ""2023"": 0.04249566972229468, ""2024"": 0.008426088103854257, ""2025"": 0.4524459982082778, ""2026"": 0.5952667807787986}"
refined,m136_month_start_top2_majority_below_ma120_trend20_equal,1月20%+3月30%+6月50%｜月初 Top2｜2/3指数低于MA120空仓｜趋势质量20%｜equal,m136,month_start,2,majority_below_ma120,trend20,equal,1.0,2021-07-10,2021-07-13,2026-07-10,1.3578797014381863,0.18750966571413397,-0.18830979842845164,0.8573832080049669,0.37501481513895774,77,"{""2021"": -0.05604408890563228, ""2022"": 0.011994711098413102, ""2023"": 0.04506989741924783, ""2024"": 0.0020673928448495804, ""2025"": 0.48119708563789687, ""2026"": 0.6162378887445685}"
refined,m136_month_start_top2_majority_below_ma120_trend20_inverse_vol,1月20%+3月30%+6月50%｜月初 Top2｜2/3指数低于MA120空仓｜趋势质量20%｜inverse_vol,m136,month_start,2,majority_below_ma120,trend20,inverse_vol,1.0,2021-07-10,2021-07-13,2026-07-10,1.285958409000572,0.18016217898160014,-0.18484687223442076,0.8313504405131368,0.3752066115702479,87,"{""2021"": -0.05564921357992547, ""2022"": 0.00894154274500747, ""2023"": 0.04249566972229468, ""2024"": 0.008426088103854257, ""2025"": 0.4524459982082778, ""2026"": 0.5952667807787986}"
refined,m136_month_start_top2_majority_below_ma120_trend30_equal,1月20%+3月30%+6月50%｜月初 Top2｜2/3指数低于MA120空仓｜趋势质量30%｜equal,m136,month_start,2,majority_below_ma120,trend30,equal,1.0,2021-07-10,2021-07-13,2026-07-10,1.4643026370759045,0.19805972521583892,-0.18830979842845164,0.9004247043559176,0.37501481513895774,73,"{""2021"": -0.05604408890563228, ""2022"": 0.011994711098413102, ""2023"": 0.04506989741924783, ""2024"": 0.0020673928448495804, ""2025"": 0.5512356552588715, ""2026"": 0.6129332121017022}"
refined,m136_month_start_top2_majority_below_ma120_trend30_inverse_vol,1月20%+3月30%+6月50%｜月初 Top2｜2/3指数低于MA120空仓｜趋势质量30%｜inverse_vol,m136,month_start,2,majority_below_ma120,trend30,inverse_vol,1.0,2021-07-10,2021-07-13,2026-07-10,1.4004004201156057,0.1917696762879677,-0.17266884121713622,0.8787641212913575,0.3752066115702479,84,"{""2021"": -0.05564921357992547, ""2022"": 0.00894154274500747, ""2023"": 0.04249566972229468, ""2024"": 0.008426088103854257, ""2025"": 0.5251598538905424, ""2026"": 0.5952667808172314}"
refined,m136_month_start_top2_majority_below_ma120_liq10_trend10_equal,1月20%+3月30%+6月50%｜月初 Top2｜2/3指数低于MA120空仓｜流动性10%+趋势质量10%｜equal,m136,month_start,2,majority_below_ma120,liq10_trend10,equal,1.0,2021-07-10,2021-07-13,2026-07-10,1.4323441203435259,0.19493048979855288,-0.18830979842845164,0.8883207763897798,0.3749118406925037,75,"{""2021"": -0.05604408890563228, ""2022"": 0.011994711098413102, ""2023"": 0.04506989741924783, ""2024"": 0.0020673928448495804, ""2025"": 0.5279748924546332, ""2026"": 0.6162378902179109}"
refined,m136_month_start_top2_majority_below_ma120_liq10_trend10_inverse_vol,1月20%+3月30%+6月50%｜月初 Top2｜2/3指数低于MA120空仓｜流动性10%+趋势质量10%｜inverse_vol,m136,month_start,2,majority_below_ma120,liq10_trend10,inverse_vol,1.0,2021-07-10,2021-07-13,2026-07-10,1.3647290283972593,0.18820000588631536,-0.17266884121713622,0.8631784131264973,0.3752066115702479,86,"{""2021"": -0.05564921357992547, ""2022"": 0.00894154274500747, ""2023"": 0.04249566972229468, ""2024"": 0.008426088103854257, ""2025"": 0.5024950587986345, ""2026"": 0.5952667807787995}"
refined,m136_month_start_top2_majority_below_ma120_liq20_trend10_equal,1月20%+3月30%+6月50%｜月初 Top2｜2/3指数低于MA120空仓｜流动性20%+趋势质量10%｜equal,m136,month_start,2,majority_below_ma120,liq20_trend10,equal,1.0,2021-07-10,2021-07-13,2026-07-10,1.4775516294063151,0.19934749810787356,-0.21661869805659084,0.8934613746265732,0.3751036371237939,74,"{""2021"": -0.05604408890563228, ""2022"": 0.011994711098413102, ""2023"": 0.13127928973258252, ""2024"": -0.039441573202000035, ""2025"": 0.499900879544529, ""2026"": 0.6162378902179109}"
refined,m136_month_start_top2_majority_below_ma120_liq20_trend10_inverse_vol,1月20%+3月30%+6月50%｜月初 Top2｜2/3指数低于MA120空仓｜流动性20%+趋势质量10%｜inverse_vol,m136,month_start,2,majority_below_ma120,liq20_trend10,inverse_vol,1.0,2021-07-10,2021-07-13,2026-07-10,1.3891217073588704,0.1906456171848534,-0.2081978183304618,0.8619037808773132,0.3752066115702479,84,"{""2021"": -0.05564921357992547, ""2022"": 0.00894154274500747, ""2023"": 0.12859038777050658, ""2024"": -0.04122790941637833, ""2025"": 0.47481164589871727, ""2026"": 0.5952667807787988}"
refined,m612_month_start_3_top2_majority_below_ma100_base_equal,6月50%+12月50%｜月初第3日 Top2｜2/3指数低于MA100空仓｜纯动量｜equal,m612,month_start_3,2,majority_below_ma100,base,equal,1.0,2021-07-10,2021-07-13,2026-07-10,1.3040082490348288,0.182023338226033,-0.1925987346011745,0.8678873975084737,0.3330578512396694,67,"{""2021"": 0.014316900084402784, ""2022"": 0.06887186131827261, ""2023"": -0.03885954754795784, ""2024"": -0.008738130228746588, ""2025"": 0.43769173328491573, ""2026"": 0.5757495666325461}"
refined,m612_month_start_3_top2_majority_below_ma100_base_inverse_vol,6月50%+12月50%｜月初第3日 Top2｜2/3指数低于MA100空仓｜纯动量｜inverse_vol,m612,month_start_3,2,majority_below_ma100,base,inverse_vol,1.0,2021-07-10,2021-07-13,2026-07-10,1.2427325798101156,0.1756568264202989,-0.19818475473306585,0.850386986217606,0.3330578512396694,77,"{""2021"": 0.0163554426739696, ""2022"": 0.06803687659034208, ""2023"": -0.04605512135886747, ""2024"": -0.0050990527064278535, ""2025"": 0.4099514106961919, ""2026"": 0.5672768049947039}"
refined,m612_month_start_3_top2_majority_below_ma100_liq10_equal,6月50%+12月50%｜月初第3日 Top2｜2/3指数低于MA100空仓｜流动性10%｜equal,m612,month_start_3,2,majority_below_ma100,liq10,equal,1.0,2021-07-10,2021-07-13,2026-07-10,1.54231992220428,0.20556471132841692,-0.16875130933536797,0.9491462605841501,0.3330578512396694,58,"{""2021"": 0.014316900084402784, ""2022"": 0.06887186131827261, ""2023"": -0.03885954754795784, ""2024"": 0.041891386355526805, ""2025"": 0.47092167314456645, ""2026"": 0.616984433148849}"
refined,m612_month_start_3_top2_majority_below_ma100_liq10_inverse_vol,6月50%+12月50%｜月初第3日 Top2｜2/3指数低于MA100空仓｜流动性10%｜inverse_vol,m612,month_start_3,2,majority_below_ma100,liq10,inverse_vol,1.0,2021-07-10,2021-07-13,2026-07-10,1.5134922926731744,0.2028133303537365,-0.1673331036802349,0.9437637827690917,0.3330578512396694,66,"{""2021"": 0.0163554426739696, ""2022"": 0.06803687659034208, ""2023"": -0.04605512135886747, ""2024"": 0.035796103545943314, ""2025"": 0.4493784914259118, ""2026"": 0.64140113927507}"
refined,m612_month_start_3_top2_majority_below_ma100_liq20_equal,6月50%+12月50%｜月初第3日 Top2｜2/3指数低于MA100空仓｜流动性20%｜equal,m612,month_start_3,2,majority_below_ma100,liq20,equal,1.0,2021-07-10,2021-07-13,2026-07-10,1.757134820779929,0.22531753394683585,-0.16875131625752393,1.0244278028610507,0.33302326392600223,60,"{""2021"": 0.023647326889374654, ""2022"": 0.06887186131827261, ""2023"": 0.0365275640905689, ""2024"": 0.04189138635552703, ""2025"": 0.4657052888220772, ""2026"": 0.6169844331488488}"
refined,m612_month_start_3_top2_majority_below_ma100_liq20_inverse_vol,6月50%+12月50%｜月初第3日 Top2｜2/3指数低于MA100空仓｜流动性20%｜inverse_vol,m612,month_start_3,2,majority_below_ma100,liq20,inverse_vol,1.0,2021-07-10,2021-07-13,2026-07-10,1.7465819299947571,0.22437644370540188,-0.16733278834753962,1.0257654140786234,0.3330046047452282,66,"{""2021"": 0.02724697435031409, ""2022"": 0.06803687659034208, ""2023"": 0.03273170839108386, ""2024"": 0.03579610354594309, ""2025"": 0.44744919291974394, ""2026"": 0.6414011392750698}"
refined,m612_month_start_3_top2_majority_below_ma100_liq30_equal,6月50%+12月50%｜月初第3日 Top2｜2/3指数低于MA100空仓｜流动性30%｜equal,m612,month_start_3,2,majority_below_ma100,liq30,equal,1.0,2021-07-10,2021-07-13,2026-07-10,1.2171162000678013,0.17295400831384833,-0.16839060367356096,0.8476665160511204,0.3329357778067358,65,"{""2021"": -0.016816641253090236, ""2022"": 0.06887186131827261, ""2023"": 0.0365275640905689, ""2024"": 0.04189138635552725, ""2025"": 0.26542880547819303, ""2026"": 0.5481556164182526}"
refined,m612_month_start_3_top2_majority_below_ma100_liq30_inverse_vol,6月50%+12月50%｜月初第3日 Top2｜2/3指数低于MA100空仓｜流动性30%｜inverse_vol,m612,month_start_3,2,majority_below_ma100,liq30,inverse_vol,1.0,2021-07-10,2021-07-13,2026-07-10,1.1401277414478797,0.1646776976998674,-0.16751436631333572,0.8200816674370034,0.3328784786670512,72,"{""2021"": -0.01512742422118507, ""2022"": 0.06803687659034208, ""2023"": 0.032731708391083636, ""2024"": 0.035796103545943536, ""2025"": 0.21564259521046059, ""2026"": 0.5617299462010792}"
refined,m612_month_start_3_top2_majority_below_ma100_trend10_equal,6月50%+12月50%｜月初第3日 Top2｜2/3指数低于MA100空仓｜趋势质量10%｜equal,m612,month_start_3,2,majority_below_ma100,trend10,equal,1.0,2021-07-10,2021-07-13,2026-07-10,1.3040082490348288,0.182023338226033,-0.1925987346011745,0.8678873975084737,0.3330578512396694,67,"{""2021"": 0.014316900084402784, ""2022"": 0.06887186131827261, ""2023"": -0.03885954754795784, ""2024"": -0.008738130228746588, ""2025"": 0.43769173328491573, ""2026"": 0.5757495666325461}"
refined,m612_month_start_3_top2_majority_below_ma100_trend10_inverse_vol,6月50%+12月50%｜月初第3日 Top2｜2/3指数低于MA100空仓｜趋势质量10%｜inverse_vol,m612,month_start_3,2,majority_below_ma100,trend10,inverse_vol,1.0,2021-07-10,2021-07-13,2026-07-10,1.2427325798101156,0.1756568264202989,-0.19818475473306585,0.850386986217606,0.3330578512396694,77,"{""2021"": 0.0163554426739696, ""2022"": 0.06803687659034208, ""2023"": -0.04605512135886747, ""2024"": -0.0050990527064278535, ""2025"": 0.4099514106961919, ""2026"": 0.5672768049947039}"
refined,m612_month_start_3_top2_majority_below_ma100_trend20_equal,6月50%+12月50%｜月初第3日 Top2｜2/3指数低于MA100空仓｜趋势质量20%｜equal,m612,month_start_3,2,majority_below_ma100,trend20,equal,1.0,2021-07-10,2021-07-13,2026-07-10,1.3040082490348288,0.182023338226033,-0.1925987346011745,0.8678873975084737,0.3330578512396694,67,"{""2021"": 0.014316900084402784, ""2022"": 0.06887186131827261, ""2023"": -0.03885954754795784, ""2024"": -0.008738130228746588, ""2025"": 0.43769173328491573, ""2026"": 0.5757495666325461}"
refined,m612_month_start_3_top2_majority_below_ma100_trend20_inverse_vol,6月50%+12月50%｜月初第3日 Top2｜2/3指数低于MA100空仓｜趋势质量20%｜inverse_vol,m612,month_start_3,2,majority_below_ma100,trend20,inverse_vol,1.0,2021-07-10,2021-07-13,2026-07-10,1.2427325798101156,0.1756568264202989,-0.19818475473306585,0.850386986217606,0.3330578512396694,77,"{""2021"": 0.0163554426739696, ""2022"": 0.06803687659034208, ""2023"": -0.04605512135886747, ""2024"": -0.0050990527064278535, ""2025"": 0.4099514106961919, ""2026"": 0.5672768049947039}"
refined,m612_month_start_3_top2_majority_below_ma100_trend30_equal,6月50%+12月50%｜月初第3日 Top2｜2/3指数低于MA100空仓｜趋势质量30%｜equal,m612,month_start_3,2,majority_below_ma100,trend30,equal,1.0,2021-07-10,2021-07-13,2026-07-10,0.9070944765977154,0.13808424122797525,-0.21249510618355305,0.7103720876903052,0.33289610999609137,78,"{""2021"": -0.004664670075259836, ""2022"": 0.036822673460151556, ""2023"": -0.03885954754795762, ""2024"": -0.008738130228746588, ""2025"": 0.24917419720861123, ""2026"": 0.5770430385593719}"
refined,m612_month_start_3_top2_majority_below_ma100_trend30_inverse_vol,6月50%+12月50%｜月初第3日 Top2｜2/3指数低于MA100空仓｜趋势质量30%｜inverse_vol,m612,month_start_3,2,majority_below_ma100,trend30,inverse_vol,1.0,2021-07-10,2021-07-13,2026-07-10,0.7611033097998665,0.12006854869675654,-0.2143026210063408,0.6450344780549555,0.3330498103666736,88,"{""2021"": -0.003202735167376014, ""2022"": 0.035972101681084334, ""2023"": -0.04605512135886736, ""2024"": -0.0050990527064278535, ""2025"": 0.1630177839599698, ""2026"": 0.5683673969906156}"
refined,m612_month_start_3_top2_majority_below_ma100_liq10_trend10_equal,6月50%+12月50%｜月初第3日 Top2｜2/3指数低于MA100空仓｜流动性10%+趋势质量10%｜equal,m612,month_start_3,2,majority_below_ma100,liq10_trend10,equal,1.0,2021-07-10,2021-07-13,2026-07-10,1.54231992220428,0.20556471132841692,-0.16875130933536797,0.9491462605841501,0.3330578512396694,58,"{""2021"": 0.014316900084402784, ""2022"": 0.06887186131827261, ""2023"": -0.03885954754795784, ""2024"": 0.041891386355526805, ""2025"": 0.47092167314456645, ""2026"": 0.616984433148849}"
refined,m612_month_start_3_top2_majority_below_ma100_liq10_trend10_inverse_vol,6月50%+12月50%｜月初第3日 Top2｜2/3指数低于MA100空仓｜流动性10%+趋势质量10%｜inverse_vol,m612,month_start_3,2,majority_below_ma100,liq10_trend10,inverse_vol,1.0,2021-07-10,2021-07-13,2026-07-10,1.5134922926731744,0.2028133303537365,-0.1673331036802349,0.9437637827690917,0.3330578512396694,66,"{""2021"": 0.0163554426739696, ""2022"": 0.06803687659034208, ""2023"": -0.04605512135886747, ""2024"": 0.035796103545943314, ""2025"": 0.4493784914259118, ""2026"": 0.64140113927507}"
refined,m612_month_start_3_top2_majority_below_ma100_liq20_trend10_equal,6月50%+12月50%｜月初第3日 Top2｜2/3指数低于MA100空仓｜流动性20%+趋势质量10%｜equal,m612,month_start_3,2,majority_below_ma100,liq20_trend10,equal,1.0,2021-07-10,2021-07-13,2026-07-10,1.647701206297453,0.21541494091350666,-0.15464180556917417,0.9784188508434679,0.3329357778067358,62,"{""2021"": -0.016816641253090236, ""2022"": 0.06887186131827261, ""2023"": 0.0365275640905689, ""2024"": 0.04189138635552725, ""2025"": 0.465870605948983, ""2026"": 0.616550614203812}"
refined,m612_month_start_3_top2_majority_below_ma100_liq20_trend10_inverse_vol,6月50%+12月50%｜月初第3日 Top2｜2/3指数低于MA100空仓｜流动性20%+趋势质量10%｜inverse_vol,m612,month_start_3,2,majority_below_ma100,liq20_trend10,inverse_vol,1.0,2021-07-10,2021-07-13,2026-07-10,1.6216785345546443,0.2130121034658523,-0.1608847059270766,0.9737150167833377,0.3330298107942484,72,"{""2021"": -0.01512742422118507, ""2022"": 0.06803687659034208, ""2023"": 0.032731708391083636, ""2024"": 0.035796103545943536, ""2025"": 0.440707012189816, ""2026"": 0.6415860039250039}"
refined,m6_month_start_top2_majority_below_ma120_base_equal,6月100%｜月初 Top2｜2/3指数低于MA120空仓｜纯动量｜equal,m6,month_start,2,majority_below_ma120,base,equal,1.0,2021-07-10,2021-07-13,2026-07-10,1.282199074514939,0.17977306786539504,-0.19004377857240218,0.8466183486025427,0.3750153324995846,73,"{""2021"": -0.05077440924554044, ""2022"": 0.034278242877059384, ""2023"": 0.045709761621604006, ""2024"": -0.05067684084863655, ""2025"": 0.47461082762792683, ""2026"": 0.6129332121017019}"
refined,m6_month_start_top2_majority_below_ma120_base_inverse_vol,6月100%｜月初 Top2｜2/3指数低于MA120空仓｜纯动量｜inverse_vol,m6,month_start,2,majority_below_ma120,base,inverse_vol,1.0,2021-07-10,2021-07-13,2026-07-10,1.1930046648259722,0.1703870572775379,-0.1993542690173037,0.8135932761186556,0.3752066115702479,82,"{""2021"": -0.05020613289652409, ""2022"": 0.03278575545936513, ""2023"": 0.0436004021259182, ""2024"": -0.059901951524085395, ""2025"": 0.449707396861756, ""2026"": 0.5955997877492423}"
refined,m6_month_start_top2_majority_below_ma120_liq10_equal,6月100%｜月初 Top2｜2/3指数低于MA120空仓｜流动性10%｜equal,m6,month_start,2,majority_below_ma120,liq10,equal,1.0,2021-07-10,2021-07-13,2026-07-10,1.2741604702292837,0.17893930674948177,-0.2118856476773595,0.8334749558538872,0.3752066115702479,74,"{""2021"": -0.05077440924554044, ""2022"": 0.034278242877059384, ""2023"": 0.045709761621604006, ""2024"": -0.0762769802536305, ""2025"": 0.5070399928344682, ""2026"": 0.616237888744569}"
refined,m6_month_start_top2_majority_below_ma120_liq10_inverse_vol,6月100%｜月初 Top2｜2/3指数低于MA120空仓｜流动性10%｜inverse_vol,m6,month_start,2,majority_below_ma120,liq10,inverse_vol,1.0,2021-07-10,2021-07-13,2026-07-10,1.1751443409133104,0.16847103022446075,-0.22066122298084923,0.7967366893918691,0.3752066115702479,86,"{""2021"": -0.05020613289652409, ""2022"": 0.03278575545936513, ""2023"": 0.0436004021259182, ""2024"": -0.08492004013052834, ""2025"": 0.47776102532253417, ""2026"": 0.5952667807787988}"
refined,m6_month_start_top2_majority_below_ma120_liq20_equal,6月100%｜月初 Top2｜2/3指数低于MA120空仓｜流动性20%｜equal,m6,month_start,2,majority_below_ma120,liq20,equal,1.0,2021-07-10,2021-07-13,2026-07-10,1.4775575610265976,0.19934807341373895,-0.21188564767735973,0.9016332163697246,0.3752066115702479,73,"{""2021"": -0.05077440924554044, ""2022"": 0.034278242877059384, ""2023"": 0.1319719372982182, ""2024"": -0.07627698025363061, ""2025"": 0.5167113130989709, ""2026"": 0.6162378887445688}"
refined,m6_month_start_top2_majority_below_ma120_liq20_inverse_vol,6月100%｜月初 Top2｜2/3指数低于MA120空仓｜流动性20%｜inverse_vol,m6,month_start,2,majority_below_ma120,liq20,inverse_vol,1.0,2021-07-10,2021-07-13,2026-07-10,1.3625319801097393,0.18797874089077715,-0.22066122298084923,0.8627843276560251,0.3752066115702479,85,"{""2021"": -0.05020613289652409, ""2022"": 0.03278575545936513, ""2023"": 0.12978635472557354, ""2024"": -0.08492004013052823, ""2025"": 0.48262642103044073, ""2026"": 0.5952667807787988}"
refined,m6_month_start_top2_majority_below_ma120_liq30_equal,6月100%｜月初 Top2｜2/3指数低于MA120空仓｜流动性30%｜equal,m6,month_start,2,majority_below_ma120,liq30,equal,1.0,2021-07-10,2021-07-13,2026-07-10,1.4189642071055069,0.19361061798949675,-0.20714365674115043,0.8821191335027796,0.3752066115702479,75,"{""2021"": -0.05077440924554044, ""2022"": 0.034278242877059384, ""2023"": 0.09079471870044742, ""2024"": -0.07071904798872997, ""2025"": 0.5167113130989704, ""2026"": 0.6277898561188813}"
refined,m6_month_start_top2_majority_below_ma120_liq30_inverse_vol,6月100%｜月初 Top2｜2/3指数低于MA120空仓｜流动性30%｜inverse_vol,m6,month_start,2,majority_below_ma120,liq30,inverse_vol,1.0,2021-07-10,2021-07-13,2026-07-10,1.2925965105929902,0.1808480100835841,-0.21601722898712383,0.8380477670636999,0.3752066115702479,86,"{""2021"": -0.05020613289652409, ""2022"": 0.03278575545936513, ""2023"": 0.08865797926391727, ""2024"": -0.07946717936865699, ""2025"": 0.48262642103044073, ""2026"": 0.5970109167907298}"
refined,m6_month_start_top2_majority_below_ma120_trend10_equal,6月100%｜月初 Top2｜2/3指数低于MA120空仓｜趋势质量10%｜equal,m6,month_start,2,majority_below_ma120,trend10,equal,1.0,2021-07-10,2021-07-13,2026-07-10,1.282199074514939,0.17977306786539504,-0.19004377857240218,0.8466183486025427,0.3750153324995846,73,"{""2021"": -0.05077440924554044, ""2022"": 0.034278242877059384, ""2023"": 0.045709761621604006, ""2024"": -0.05067684084863655, ""2025"": 0.47461082762792683, ""2026"": 0.6129332121017019}"
refined,m6_month_start_top2_majority_below_ma120_trend10_inverse_vol,6月100%｜月初 Top2｜2/3指数低于MA120空仓｜趋势质量10%｜inverse_vol,m6,month_start,2,majority_below_ma120,trend10,inverse_vol,1.0,2021-07-10,2021-07-13,2026-07-10,1.1930046648259722,0.1703870572775379,-0.1993542690173037,0.8135932761186556,0.3752066115702479,82,"{""2021"": -0.05020613289652409, ""2022"": 0.03278575545936513, ""2023"": 0.0436004021259182, ""2024"": -0.059901951524085395, ""2025"": 0.449707396861756, ""2026"": 0.5955997877492423}"
refined,m6_month_start_top2_majority_below_ma120_trend20_equal,6月100%｜月初 Top2｜2/3指数低于MA120空仓｜趋势质量20%｜equal,m6,month_start,2,majority_below_ma120,trend20,equal,1.0,2021-07-10,2021-07-13,2026-07-10,1.2905749293003463,0.18063931399533795,-0.19004377857240218,0.8432405425553425,0.37491235805313056,75,"{""2021"": -0.05077440924554044, ""2022"": 0.034278242877059384, ""2023"": 0.045709761621604006, ""2024"": -0.05067684084863655, ""2025"": 0.48002276837188895, ""2026"": 0.6129332121017022}"
refined,m6_month_start_top2_majority_below_ma120_trend20_inverse_vol,6月100%｜月初 Top2｜2/3指数低于MA120空仓｜趋势质量20%｜inverse_vol,m6,month_start,2,majority_below_ma120,trend20,inverse_vol,1.0,2021-07-10,2021-07-13,2026-07-10,1.2154504366022754,0.1727773882994994,-0.1993542690173037,0.8156502175463982,0.3752066115702479,86,"{""2021"": -0.05020613289652409, ""2022"": 0.03278575545936513, ""2023"": 0.0436004021259182, ""2024"": -0.059901951524085395, ""2025"": 0.4650696545827331, ""2026"": 0.5952665774076662}"
refined,m6_month_start_top2_majority_below_ma120_trend30_equal,6月100%｜月初 Top2｜2/3指数低于MA120空仓｜趋势质量30%｜equal,m6,month_start,2,majority_below_ma120,trend30,equal,1.0,2021-07-10,2021-07-13,2026-07-10,1.3234139560383302,0.18401134312178224,-0.19004377857240218,0.8515242009856758,0.37491235805313056,76,"{""2021"": -0.05077440924554044, ""2022"": 0.034278242877059384, ""2023"": 0.045709761621604006, ""2024"": -0.05067684084863655, ""2025"": 0.49815914980774556, ""2026"": 0.6162378902179106}"
refined,m6_month_start_top2_majority_below_ma120_trend30_inverse_vol,6月100%｜月初 Top2｜2/3指数低于MA120空仓｜趋势质量30%｜inverse_vol,m6,month_start,2,majority_below_ma120,trend30,inverse_vol,1.0,2021-07-10,2021-07-13,2026-07-10,1.2417901668123945,0.1755578296837188,-0.1993542690173037,0.8212807471859512,0.3752066115702479,87,"{""2021"": -0.05020613289652409, ""2022"": 0.03278575545936513, ""2023"": 0.0436004021259182, ""2024"": -0.059901951524085395, ""2025"": 0.4825077751336906, ""2026"": 0.595266780778799}"
refined,m6_month_start_top2_majority_below_ma120_liq10_trend10_equal,6月100%｜月初 Top2｜2/3指数低于MA120空仓｜流动性10%+趋势质量10%｜equal,m6,month_start,2,majority_below_ma120,liq10_trend10,equal,1.0,2021-07-10,2021-07-13,2026-07-10,1.2887547307300227,0.1804512814221957,-0.2118856476773595,0.8404774092981131,0.3752066115702479,73,"{""2021"": -0.05077440924554044, ""2022"": 0.034278242877059384, ""2023"": 0.045709761621604006, ""2024"": -0.0762769802536305, ""2025"": 0.5167113130989704, ""2026"": 0.616237888744569}"
refined,m6_month_start_top2_majority_below_ma120_liq10_trend10_inverse_vol,6月100%｜月初 Top2｜2/3指数低于MA120空仓｜流动性10%+趋势质量10%｜inverse_vol,m6,month_start,2,majority_below_ma120,liq10_trend10,inverse_vol,1.0,2021-07-10,2021-07-13,2026-07-10,1.182296534104382,0.16923981089453877,-0.22066122298084911,0.8007177651692563,0.3752066115702479,85,"{""2021"": -0.05020613289652409, ""2022"": 0.03278575545936513, ""2023"": 0.0436004021259182, ""2024"": -0.08492004013052812, ""2025"": 0.4826201200246838, ""2026"": 0.5952667807787986}"
refined,m6_month_start_top2_majority_below_ma120_liq20_trend10_equal,6月100%｜月初 Top2｜2/3指数低于MA120空仓｜流动性20%+趋势质量10%｜equal,m6,month_start,2,majority_below_ma120,liq20_trend10,equal,1.0,2021-07-10,2021-07-13,2026-07-10,1.4775575610265976,0.19934807341373895,-0.21188564767735973,0.9016332163697246,0.3752066115702479,73,"{""2021"": -0.05077440924554044, ""2022"": 0.034278242877059384, ""2023"": 0.1319719372982182, ""2024"": -0.07627698025363061, ""2025"": 0.5167113130989709, ""2026"": 0.6162378887445688}"
refined,m6_month_start_top2_majority_below_ma120_liq20_trend10_inverse_vol,6月100%｜月初 Top2｜2/3指数低于MA120空仓｜流动性20%+趋势质量10%｜inverse_vol,m6,month_start,2,majority_below_ma120,liq20_trend10,inverse_vol,1.0,2021-07-10,2021-07-13,2026-07-10,1.3625319801097393,0.18797874089077715,-0.22066122298084923,0.8627843276560251,0.3752066115702479,85,"{""2021"": -0.05020613289652409, ""2022"": 0.03278575545936513, ""2023"": 0.12978635472557354, ""2024"": -0.08492004013052823, ""2025"": 0.48262642103044073, ""2026"": 0.5952667807787988}"
refined,m612_month_start_top2_majority_below_ma120_base_equal,6月50%+12月50%｜月初 Top2｜2/3指数低于MA120空仓｜纯动量｜equal,m612,month_start,2,majority_below_ma120,base,equal,1.0,2021-07-10,2021-07-13,2026-07-10,1.274833853222372,0.17900924014766373,-0.18517036769057182,0.8412301196516035,0.37345838222104377,65,"{""2021"": 0.059363918862817444, ""2022"": 0.0730131834273573, ""2023"": -0.05412071295823129, ""2024"": -0.044964875569787566, ""2025"": 0.410588140945642, ""2026"": 0.5952050017437378}"
refined,m612_month_start_top2_majority_below_ma120_base_inverse_vol,6月50%+12月50%｜月初 Top2｜2/3指数低于MA120空仓｜纯动量｜inverse_vol,m612,month_start,2,majority_below_ma120,base,inverse_vol,1.0,2021-07-10,2021-07-13,2026-07-10,1.1886203432508435,0.1699178731228712,-0.19458330923007605,0.808458398880452,0.37355371900826445,73,"{""2021"": 0.06425040674970472, ""2022"": 0.06974579984586926, ""2023"": -0.05670655404607161, ""2024"": -0.05430001072584412, ""2025"": 0.38422968099084964, ""2026"": 0.5805715070338153}"
refined,m612_month_start_top2_majority_below_ma120_liq10_equal,6月50%+12月50%｜月初 Top2｜2/3指数低于MA120空仓｜流动性10%｜equal,m612,month_start,2,majority_below_ma120,liq10,equal,1.0,2021-07-10,2021-07-13,2026-07-10,1.0218061794773812,0.15148137285020158,-0.20714365674115032,0.7310404613894668,0.37345838222104377,67,"{""2021"": 0.059363918862817444, ""2022"": 0.0730131834273573, ""2023"": -0.05412071295823129, ""2024"": -0.07071904798872986, ""2025"": 0.2922059382173421, ""2026"": 0.5982662309220579}"
refined,m612_month_start_top2_majority_below_ma120_liq10_inverse_vol,6月50%+12月50%｜月初 Top2｜2/3指数低于MA120空仓｜流动性10%｜inverse_vol,m612,month_start,2,majority_below_ma120,liq10,inverse_vol,1.0,2021-07-10,2021-07-13,2026-07-10,0.8885148979811897,0.13585406125302812,-0.21601722898712394,0.6727365477212252,0.37355371900826445,73,"{""2021"": 0.06425040674970472, ""2022"": 0.06974579984586926, ""2023"": -0.05670655404607161, ""2024"": -0.07946717936865721, ""2025"": 0.2344202088738221, ""2026"": 0.5805553184422207}"
refined,m612_month_start_top2_majority_below_ma120_liq20_equal,6月50%+12月50%｜月初 Top2｜2/3指数低于MA120空仓｜流动性20%｜equal,m612,month_start,2,majority_below_ma120,liq20,equal,1.0,2021-07-10,2021-07-13,2026-07-10,1.183875654812061,0.1694092770999227,-0.20714365674115032,0.809984898268393,0.37355371900826445,70,"{""2021"": 0.10080187740379554, ""2022"": 0.07301318342735774, ""2023"": -0.054120712958231176, ""2024"": -0.07071904798872997, ""2025"": 0.3349812865318853, ""2026"": 0.6081630561694531}"
refined,m612_month_start_top2_majority_below_ma120_liq20_inverse_vol,6月50%+12月50%｜月初 Top2｜2/3指数低于MA120空仓｜流动性20%｜inverse_vol,m612,month_start,2,majority_below_ma120,liq20,inverse_vol,1.0,2021-07-10,2021-07-13,2026-07-10,1.0397310251623342,0.15351955200734713,-0.21601722898712383,0.750708113309432,0.37355371900826445,76,"{""2021"": 0.10877389774391699, ""2022"": 0.06974579984586926, ""2023"": -0.05670655404607183, ""2024"": -0.0794671793686571, ""2025"": 0.2796265115136938, ""2026"": 0.580675828423175}"
refined,m612_month_start_top2_majority_below_ma120_liq30_equal,6月50%+12月50%｜月初 Top2｜2/3指数低于MA120空仓｜流动性30%｜equal,m612,month_start,2,majority_below_ma120,liq30,equal,1.0,2021-07-10,2021-07-13,2026-07-10,1.3180264937647994,0.1834607635758978,-0.2071436567411501,0.8655494618754562,0.37355371900826445,70,"{""2021"": 0.09820716626381354, ""2022"": 0.07301318342735752, ""2023"": 0.023906296277236727, ""2024"": -0.07071904798873008, ""2025"": 0.31209733780245696, ""2026"": 0.6081630561694533}"
refined,m612_month_start_top2_majority_below_ma120_liq30_inverse_vol,6月50%+12月50%｜月初 Top2｜2/3指数低于MA120空仓｜流动性30%｜inverse_vol,m612,month_start,2,majority_below_ma120,liq30,inverse_vol,1.0,2021-07-10,2021-07-13,2026-07-10,1.1871650663083826,0.16976197185836517,-0.21601722898712383,0.8160413524521428,0.37355371900826445,76,"{""2021"": 0.10576378193546776, ""2022"": 0.06974579984586926, ""2023"": 0.021195528067865288, ""2024"": -0.07946717936865699, ""2025"": 0.2708957451855809, ""2026"": 0.5806782558932919}"
refined,m612_month_start_top2_majority_below_ma120_trend10_equal,6月50%+12月50%｜月初 Top2｜2/3指数低于MA120空仓｜趋势质量10%｜equal,m612,month_start,2,majority_below_ma120,trend10,equal,1.0,2021-07-10,2021-07-13,2026-07-10,1.274833853222372,0.17900924014766373,-0.18517036769057182,0.8412301196516035,0.37345838222104377,65,"{""2021"": 0.059363918862817444, ""2022"": 0.0730131834273573, ""2023"": -0.05412071295823129, ""2024"": -0.044964875569787566, ""2025"": 0.410588140945642, ""2026"": 0.5952050017437378}"
refined,m612_month_start_top2_majority_below_ma120_trend10_inverse_vol,6月50%+12月50%｜月初 Top2｜2/3指数低于MA120空仓｜趋势质量10%｜inverse_vol,m612,month_start,2,majority_below_ma120,trend10,inverse_vol,1.0,2021-07-10,2021-07-13,2026-07-10,1.1886203432508435,0.1699178731228712,-0.19458330923007605,0.808458398880452,0.37355371900826445,73,"{""2021"": 0.06425040674970472, ""2022"": 0.06974579984586926, ""2023"": -0.05670655404607161, ""2024"": -0.05430001072584412, ""2025"": 0.38422968099084964, ""2026"": 0.5805715070338153}"
refined,m612_month_start_top2_majority_below_ma120_trend20_equal,6月50%+12月50%｜月初 Top2｜2/3指数低于MA120空仓｜趋势质量20%｜equal,m612,month_start,2,majority_below_ma120,trend20,equal,1.0,2021-07-10,2021-07-13,2026-07-10,1.3471705290789728,0.1864270730957336,-0.18517036769057182,0.8696069021508291,0.37345838222104377,64,"{""2021"": 0.059363918862817444, ""2022"": 0.0730131834273573, ""2023"": -0.05412071295823129, ""2024"": -0.044964875569787566, ""2025"": 0.4554429583531685, ""2026"": 0.5952050017437385}"
refined,m612_month_start_top2_majority_below_ma120_trend20_inverse_vol,6月50%+12月50%｜月初 Top2｜2/3指数低于MA120空仓｜趋势质量20%｜inverse_vol,m612,month_start,2,majority_below_ma120,trend20,inverse_vol,1.0,2021-07-10,2021-07-13,2026-07-10,1.2632036789468035,0.1777990687940798,-0.19458330923007605,0.8388206520568409,0.37355371900826445,73,"{""2021"": 0.06425040674970472, ""2022"": 0.06974579984586926, ""2023"": -0.05670655404607161, ""2024"": -0.05430001072584412, ""2025"": 0.43140116383666216, ""2026"": 0.5805715070338151}"
refined,m612_month_start_top2_majority_below_ma120_trend30_equal,6月50%+12月50%｜月初 Top2｜2/3指数低于MA120空仓｜趋势质量30%｜equal,m612,month_start,2,majority_below_ma120,trend30,equal,1.0,2021-07-10,2021-07-13,2026-07-10,1.0648593740109709,0.1563528410354995,-0.2208828543150234,0.7501402366798819,0.37324049228009326,71,"{""2021"": -0.08953256429866763, ""2022"": 0.07301318342735774, ""2023"": -0.0541207129582314, ""2024"": -0.04496487556978768, ""2025"": 0.4815012296731498, ""2026"": 0.6162378902179106}"
refined,m612_month_start_top2_majority_below_ma120_trend30_inverse_vol,6月50%+12月50%｜月初 Top2｜2/3指数低于MA120空仓｜趋势质量30%｜inverse_vol,m612,month_start,2,majority_below_ma120,trend30,inverse_vol,1.0,2021-07-10,2021-07-13,2026-07-10,0.9750007651123858,0.1460903073826929,-0.23516305781505908,0.7109967257765738,0.37334218603904207,81,"{""2021"": -0.09139183768139914, ""2022"": 0.06974579984586948, ""2023"": -0.05670655404607172, ""2024"": -0.054300010725843895, ""2025"": 0.46033122362082235, ""2026"": 0.5952667807787995}"
refined,m612_month_start_top2_majority_below_ma120_liq10_trend10_equal,6月50%+12月50%｜月初 Top2｜2/3指数低于MA120空仓｜流动性10%+趋势质量10%｜equal,m612,month_start,2,majority_below_ma120,liq10_trend10,equal,1.0,2021-07-10,2021-07-13,2026-07-10,1.380774231882377,0.18981095547289817,-0.18517036769057182,0.8776921912618638,0.37345838222104377,65,"{""2021"": 0.059363918862817444, ""2022"": 0.0730131834273573, ""2023"": -0.05412071295823129, ""2024"": -0.044964875569787566, ""2025"": 0.47327821238928425, ""2026"": 0.5984419279288049}"
refined,m612_month_start_top2_majority_below_ma120_liq10_trend10_inverse_vol,6月50%+12月50%｜月初 Top2｜2/3指数低于MA120空仓｜流动性10%+趋势质量10%｜inverse_vol,m612,month_start,2,majority_below_ma120,liq10_trend10,inverse_vol,1.0,2021-07-10,2021-07-13,2026-07-10,1.2901111525829423,0.18059141566265957,-0.19458330923007605,0.8442545274620031,0.37355371900826445,74,"{""2021"": 0.06425040674970472, ""2022"": 0.06974579984586926, ""2023"": -0.05670655404607161, ""2024"": -0.05430001072584412, ""2025"": 0.44843854221228185, ""2026"": 0.5805717085007311}"
refined,m612_month_start_top2_majority_below_ma120_liq20_trend10_equal,6月50%+12月50%｜月初 Top2｜2/3指数低于MA120空仓｜流动性20%+趋势质量10%｜equal,m612,month_start,2,majority_below_ma120,liq20_trend10,equal,1.0,2021-07-10,2021-07-13,2026-07-10,1.253388272854413,0.1767738565740895,-0.20714365674115043,0.8294552290090444,0.37355371900826445,70,"{""2021"": -0.05510329080310761, ""2022"": 0.07301318342735752, ""2023"": 0.023906296277236727, ""2024"": -0.07071904798872997, ""2025"": 0.47514003838442664, ""2026"": 0.6083288277048222}"
refined,m612_month_start_top2_majority_below_ma120_liq20_trend10_inverse_vol,6月50%+12月50%｜月初 Top2｜2/3指数低于MA120空仓｜流动性20%+趋势质量10%｜inverse_vol,m612,month_start,2,majority_below_ma120,liq20_trend10,inverse_vol,1.0,2021-07-10,2021-07-13,2026-07-10,1.1485973201956599,0.16559972829151093,-0.2160172289871235,0.7887303478469024,0.37355371900826445,80,"{""2021"": -0.05486554565949786, ""2022"": 0.06974579984586926, ""2023"": 0.021195528067865066, ""2024"": -0.07946717936865688, ""2025"": 0.45200151731141447, ""2026"": 0.5806944309873587}"
refined,m136_month_start_top3_majority_below_ma120_base_equal,1月20%+3月30%+6月50%｜月初 Top3｜2/3指数低于MA120空仓｜纯动量｜equal,m136,month_start,3,majority_below_ma120,base,equal,1.0,2021-07-10,2021-07-13,2026-07-10,1.2621168769911573,0.17768572834413332,-0.189616236918546,0.8490614803635533,0.3751311705894368,123,"{""2021"": -0.02528498569272286, ""2022"": -0.016340946588187633, ""2023"": 0.05687646388475076, ""2024"": -0.06030417180031744, ""2025"": 0.5225499585264675, ""2026"": 0.5962658014495452}"
refined,m136_month_start_top3_majority_below_ma120_base_inverse_vol,1月20%+3月30%+6月50%｜月初 Top3｜2/3指数低于MA120空仓｜纯动量｜inverse_vol,m136,month_start,3,majority_below_ma120,base,inverse_vol,1.0,2021-07-10,2021-07-13,2026-07-10,1.2389371396569864,0.1752579275215882,-0.19074257571896958,0.8428431378929166,0.37461887904476254,128,"{""2021"": -0.01868071514965508, ""2022"": -0.025091811362331518, ""2023"": 0.05967457479445071, ""2024"": -0.058158588438783854, ""2025"": 0.5143566296470736, ""2026"": 0.5843582301355024}"
refined,m136_month_start_top3_majority_below_ma120_liq10_equal,1月20%+3月30%+6月50%｜月初 Top3｜2/3指数低于MA120空仓｜流动性10%｜equal,m136,month_start,3,majority_below_ma120,liq10,equal,1.0,2021-07-10,2021-07-13,2026-07-10,1.3428544413146675,0.18598964189075606,-0.18794899283846023,0.8753850448718424,0.3748986728247789,111,"{""2021"": -0.02528498569272286, ""2022"": -0.016340946588187633, ""2023"": 0.05687646388475076, ""2024"": -0.033275547149604234, ""2025"": 0.5367842283360424, ""2026"": 0.5902755972831821}"
refined,m136_month_start_top3_majority_below_ma120_liq10_inverse_vol,1月20%+3月30%+6月50%｜月初 Top3｜2/3指数低于MA120空仓｜流动性10%｜inverse_vol,m136,month_start,3,majority_below_ma120,liq10,inverse_vol,1.0,2021-07-10,2021-07-13,2026-07-10,1.350195999202346,0.18673331817880734,-0.18338400709709657,0.8790849672552921,0.37471428899938386,121,"{""2021"": -0.01868071514965508, ""2022"": -0.025091811362331518, ""2023"": 0.05967457479445071, ""2024"": -0.02960772995318728, ""2025"": 0.5332801664065734, ""2026"": 0.5920153126195751}"
refined,m136_month_start_top3_majority_below_ma120_liq20_equal,1月20%+3月30%+6月50%｜月初 Top3｜2/3指数低于MA120空仓｜流动性20%｜equal,m136,month_start,3,majority_below_ma120,liq20,equal,1.0,2021-07-10,2021-07-13,2026-07-10,1.393445905144036,0.19107707594954948,-0.21040484203016674,0.8911461236785294,0.37479904073420717,106,"{""2021"": -0.0413353200072647, ""2022"": -0.01634094658818752, ""2023"": 0.05687646388475098, ""2024"": -0.05339454795859, ""2025"": 0.618048200252046, ""2026"": 0.596757264670754}"
refined,m136_month_start_top3_majority_below_ma120_liq20_inverse_vol,1月20%+3月30%+6月50%｜月初 Top3｜2/3指数低于MA120空仓｜流动性20%｜inverse_vol,m136,month_start,3,majority_below_ma120,liq20,inverse_vol,1.0,2021-07-10,2021-07-13,2026-07-10,1.4020637610554112,0.19193509063699632,-0.21280283025300917,0.8949661767931794,0.37513284440546407,117,"{""2021"": -0.04203759989014655, ""2022"": -0.025091811362331184, ""2023"": 0.05967457479445093, ""2024"": -0.05134309138055615, ""2025"": 0.6253253583434601, ""2026"": 0.6017463049186023}"
refined,m136_month_start_top3_majority_below_ma120_liq30_equal,1月20%+3月30%+6月50%｜月初 Top3｜2/3指数低于MA120空仓｜流动性30%｜equal,m136,month_start,3,majority_below_ma120,liq30,equal,1.0,2021-07-10,2021-07-13,2026-07-10,1.21750210472482,0.17299491043989446,-0.19762550037214688,0.839417412030959,0.37495766930748964,103,"{""2021"": -0.0413353200072647, ""2022"": -0.01634094658818752, ""2023"": 0.07398166683081486, ""2024"": -0.053394547958590444, ""2025"": 0.4603595436065204, ""2026"": 0.6105420416169012}"
refined,m136_month_start_top3_majority_below_ma120_liq30_inverse_vol,1月20%+3月30%+6月50%｜月初 Top3｜2/3指数低于MA120空仓｜流动性30%｜inverse_vol,m136,month_start,3,majority_below_ma120,liq30,inverse_vol,1.0,2021-07-10,2021-07-13,2026-07-10,1.1697669318822057,0.16789168664792098,-0.20434093949176413,0.8233342092829212,0.3750299967995467,118,"{""2021"": -0.04203759989014655, ""2022"": -0.025091811362331184, ""2023"": 0.0710654319252777, ""2024"": -0.05134309138055593, ""2025"": 0.45419153724816974, ""2026"": 0.5976849524785735}"
refined,m136_month_start_top3_majority_below_ma120_trend10_equal,1月20%+3月30%+6月50%｜月初 Top3｜2/3指数低于MA120空仓｜趋势质量10%｜equal,m136,month_start,3,majority_below_ma120,trend10,equal,1.0,2021-07-10,2021-07-13,2026-07-10,1.2621168769911573,0.17768572834413332,-0.189616236918546,0.8490614803635533,0.3751311705894368,123,"{""2021"": -0.02528498569272286, ""2022"": -0.016340946588187633, ""2023"": 0.05687646388475076, ""2024"": -0.06030417180031744, ""2025"": 0.5225499585264675, ""2026"": 0.5962658014495452}"
refined,m136_month_start_top3_majority_below_ma120_trend10_inverse_vol,1月20%+3月30%+6月50%｜月初 Top3｜2/3指数低于MA120空仓｜趋势质量10%｜inverse_vol,m136,month_start,3,majority_below_ma120,trend10,inverse_vol,1.0,2021-07-10,2021-07-13,2026-07-10,1.2389371396569864,0.1752579275215882,-0.19074257571896958,0.8428431378929166,0.37461887904476254,128,"{""2021"": -0.01868071514965508, ""2022"": -0.025091811362331518, ""2023"": 0.05967457479445071, ""2024"": -0.058158588438783854, ""2025"": 0.5143566296470736, ""2026"": 0.5843582301355024}"
refined,m136_month_start_top3_majority_below_ma120_trend20_equal,1月20%+3月30%+6月50%｜月初 Top3｜2/3指数低于MA120空仓｜趋势质量20%｜equal,m136,month_start,3,majority_below_ma120,trend20,equal,1.0,2021-07-10,2021-07-13,2026-07-10,1.2516986991310417,0.17659702169998348,-0.18794899283846023,0.8510990446493799,0.37499103305842396,118,"{""2021"": -0.02528498569272286, ""2022"": -0.016340946588187633, ""2023"": 0.05687646388475076, ""2024"": -0.033275547149604456, ""2025"": 0.4643806206010319, ""2026"": 0.6104986583401231}"
refined,m136_month_start_top3_majority_below_ma120_trend20_inverse_vol,1月20%+3月30%+6月50%｜月初 Top3｜2/3指数低于MA120空仓｜趋势质量20%｜inverse_vol,m136,month_start,3,majority_below_ma120,trend20,inverse_vol,1.0,2021-07-10,2021-07-13,2026-07-10,1.1339545508867879,0.1640038205258325,-0.18338400709709657,0.8081693307022653,0.37490164952226696,129,"{""2021"": -0.01868071514965508, ""2022"": -0.025091811362331518, ""2023"": 0.05967457479445071, ""2024"": -0.02960772995318728, ""2025"": 0.3917445108378681, ""2026"": 0.6009946842132428}"
refined,m136_month_start_top3_majority_below_ma120_trend30_equal,1月20%+3月30%+6月50%｜月初 Top3｜2/3指数低于MA120空仓｜趋势质量30%｜equal,m136,month_start,3,majority_below_ma120,trend30,equal,1.0,2021-07-10,2021-07-13,2026-07-10,1.3882574768218339,0.19055931133605508,-0.167826644490086,0.9085832881590017,0.37500747808659696,118,"{""2021"": -0.02528498569272286, ""2022"": 0.034593195890928685, ""2023"": 0.05687646388475098, ""2024"": -0.0272954989381049, ""2025"": 0.4658917847842612, ""2026"": 0.6121806487911603}"
refined,m136_month_start_top3_majority_below_ma120_trend30_inverse_vol,1月20%+3月30%+6月50%｜月初 Top3｜2/3指数低于MA120空仓｜趋势质量30%｜inverse_vol,m136,month_start,3,majority_below_ma120,trend30,inverse_vol,1.0,2021-07-10,2021-07-13,2026-07-10,1.2673649425416103,0.1782326368908025,-0.15686440058569828,0.8680343249276321,0.37490163500590157,129,"{""2021"": -0.01868071514965508, ""2022"": 0.024788735711809506, ""2023"": 0.059674574794450486, ""2024"": -0.019197499733225487, ""2025"": 0.3918450903309991, ""2026"": 0.6009946842132428}"
refined,m136_month_start_top3_majority_below_ma120_liq10_trend10_equal,1月20%+3月30%+6月50%｜月初 Top3｜2/3指数低于MA120空仓｜流动性10%+趋势质量10%｜equal,m136,month_start,3,majority_below_ma120,liq10_trend10,equal,1.0,2021-07-10,2021-07-13,2026-07-10,1.426842821508861,0.1943885144906401,-0.18794899283846023,0.9112938578762316,0.37512622738682877,112,"{""2021"": -0.02528498569272286, ""2022"": -0.016340946588187633, ""2023"": 0.05687646388475076, ""2024"": -0.033275547149604456, ""2025"": 0.5747065233439999, ""2026"": 0.613782605217398}"
refined,m136_month_start_top3_majority_below_ma120_liq10_trend10_inverse_vol,1月20%+3月30%+6月50%｜月初 Top3｜2/3指数低于MA120空仓｜流动性10%+趋势质量10%｜inverse_vol,m136,month_start,3,majority_below_ma120,liq10_trend10,inverse_vol,1.0,2021-07-10,2021-07-13,2026-07-10,1.3310708224621677,0.1847920938768357,-0.18338400709709657,0.879965852185828,0.3749777937714379,124,"{""2021"": -0.01868071514965508, ""2022"": -0.025091811362331518, ""2023"": 0.05967457479445071, ""2024"": -0.02960772995318728, ""2025"": 0.5145063660667366, ""2026"": 0.6071057282111618}"
refined,m136_month_start_top3_majority_below_ma120_liq20_trend10_equal,1月20%+3月30%+6月50%｜月初 Top3｜2/3指数低于MA120空仓｜流动性20%+趋势质量10%｜equal,m136,month_start,3,majority_below_ma120,liq20_trend10,equal,1.0,2021-07-10,2021-07-13,2026-07-10,1.0988424718431165,0.16014099222302236,-0.21040484203016674,0.7779029999080699,0.3747493958430095,106,"{""2021"": -0.0413353200072647, ""2022"": -0.01634094658818752, ""2023"": 0.05687646388475098, ""2024"": -0.05339454795859, ""2025"": 0.41884782994489544, ""2026"": 0.5967983395851488}"
refined,m136_month_start_top3_majority_below_ma120_liq20_trend10_inverse_vol,1月20%+3月30%+6月50%｜月初 Top3｜2/3指数低于MA120空仓｜流动性20%+趋势质量10%｜inverse_vol,m136,month_start,3,majority_below_ma120,liq20_trend10,inverse_vol,1.0,2021-07-10,2021-07-13,2026-07-10,0.9710465527161403,0.1456301959227233,-0.21280283025300917,0.724712763013916,0.37513284440546407,119,"{""2021"": -0.04203759989014655, ""2022"": -0.025091811362331184, ""2023"": 0.05967457479445093, ""2024"": -0.05134309138055615, ""2025"": 0.3349560002921119, ""2026"": 0.6002190667564209}"
refined,m6_month_start_top2_majority_below_ma100_base_equal,6月100%｜月初 Top2｜2/3指数低于MA100空仓｜纯动量｜equal,m6,month_start,2,majority_below_ma100,base,equal,1.0,2021-07-10,2021-07-13,2026-07-10,1.2543568897296171,0.1768751865506768,-0.16055211764336974,0.8693453001085814,0.3413202769728379,65,"{""2021"": 0.0006002447574271486, ""2022"": 0.05870973333169727, ""2023"": 0.05519496290866566, ""2024"": -0.04602743520479613, ""2025"": 0.33128955399732507, ""2026"": 0.6129332121017026}"
refined,m6_month_start_top2_majority_below_ma100_base_inverse_vol,6月100%｜月初 Top2｜2/3指数低于MA100空仓｜纯动量｜inverse_vol,m6,month_start,2,majority_below_ma100,base,inverse_vol,1.0,2021-07-10,2021-07-13,2026-07-10,1.1515595854168303,0.16592152577081354,-0.1717287706739783,0.8282565337837386,0.3413223140495868,73,"{""2021"": 0.003958427933930642, ""2022"": 0.058027762711676534, ""2023"": 0.05034391967171192, ""2024"": -0.050190499107160225, ""2025"": 0.2916960685745331, ""2026"": 0.5955997877492429}"
refined,m6_month_start_top2_majority_below_ma100_liq10_equal,6月100%｜月初 Top2｜2/3指数低于MA100空仓｜流动性10%｜equal,m6,month_start,2,majority_below_ma100,liq10,equal,1.0,2021-07-10,2021-07-13,2026-07-10,1.1841625224385774,0.16944005230221393,-0.19178651413991232,0.8278853401463155,0.3413202769728379,66,"{""2021"": 0.0006002447574271486, ""2022"": 0.05870973333169727, ""2023"": 0.05519496290866566, ""2024"": -0.07175295386709057, ""2025"": 0.32286212416200577, ""2026"": 0.6162378887445694}"
refined,m6_month_start_top2_majority_below_ma100_liq10_inverse_vol,6月100%｜月初 Top2｜2/3指数低于MA100空仓｜流动性10%｜inverse_vol,m6,month_start,2,majority_below_ma100,liq10,inverse_vol,1.0,2021-07-10,2021-07-13,2026-07-10,1.0819256846629917,0.15826143109626334,-0.20421578148726538,0.786149209046163,0.34132231404958674,77,"{""2021"": 0.003958427933930642, ""2022"": 0.058027762711676534, ""2023"": 0.05034391967171192, ""2024"": -0.07546703094455964, ""2025"": 0.2845396377987579, ""2026"": 0.5952667807787988}"
refined,m6_month_start_top2_majority_below_ma100_liq20_equal,6月100%｜月初 Top2｜2/3指数低于MA100空仓｜流动性20%｜equal,m6,month_start,2,majority_below_ma100,liq20,equal,1.0,2021-07-10,2021-07-13,2026-07-10,1.3400583471027994,0.18570591645193235,-0.19319776330746086,0.8828869891751515,0.34131768169892995,68,"{""2021"": 0.0006002447574271486, ""2022"": 0.05870973333169727, ""2023"": 0.13427842941115053, ""2024"": -0.07483680451543007, ""2025"": 0.322862124162006, ""2026"": 0.616237888744569}"
refined,m6_month_start_top2_majority_below_ma100_liq20_inverse_vol,6月100%｜月初 Top2｜2/3指数低于MA100空仓｜流动性20%｜inverse_vol,m6,month_start,2,majority_below_ma100,liq20,inverse_vol,1.0,2021-07-10,2021-07-13,2026-07-10,1.226944757276931,0.1739939702921558,-0.20421578148726527,0.8405854953928544,0.34132231404958674,80,"{""2021"": 0.003958427933930642, ""2022"": 0.05791737971352573, ""2023"": 0.12934176935086739, ""2024"": -0.08015166972712029, ""2025"": 0.28454509697980046, ""2026"": 0.5952667807787992}"
refined,m6_month_start_top2_majority_below_ma100_liq30_equal,6月100%｜月初 Top2｜2/3指数低于MA100空仓｜流动性30%｜equal,m6,month_start,2,majority_below_ma100,liq30,equal,1.0,2021-07-10,2021-07-13,2026-07-10,1.2828961336326428,0.17984525587908418,-0.19535943241752773,0.8618317620649728,0.3413202769728379,70,"{""2021"": 0.0006002447574271486, ""2022"": 0.05870973333169727, ""2023"": 0.09301730861863544, ""2024"": -0.07001189574723699, ""2025"": 0.32286212416200577, ""2026"": 0.6277898561188813}"
refined,m6_month_start_top2_majority_below_ma100_liq30_inverse_vol,6月100%｜月初 Top2｜2/3指数低于MA100空仓｜流动性30%｜inverse_vol,m6,month_start,2,majority_below_ma100,liq30,inverse_vol,1.0,2021-07-10,2021-07-13,2026-07-10,1.15809688564726,0.1666304355710393,-0.20548378977907655,0.8134823600467869,0.3413223140495868,81,"{""2021"": 0.003958427933930642, ""2022"": 0.05791737971352573, ""2023"": 0.08822957843077384, ""2024"": -0.07592329895009686, ""2025"": 0.28454509697980024, ""2026"": 0.5970109167907298}"
refined,m6_month_start_top2_majority_below_ma100_trend10_equal,6月100%｜月初 Top2｜2/3指数低于MA100空仓｜趋势质量10%｜equal,m6,month_start,2,majority_below_ma100,trend10,equal,1.0,2021-07-10,2021-07-13,2026-07-10,1.2543568897296171,0.1768751865506768,-0.16055211764336974,0.8693453001085814,0.3413202769728379,65,"{""2021"": 0.0006002447574271486, ""2022"": 0.05870973333169727, ""2023"": 0.05519496290866566, ""2024"": -0.04602743520479613, ""2025"": 0.33128955399732507, ""2026"": 0.6129332121017026}"
refined,m6_month_start_top2_majority_below_ma100_trend10_inverse_vol,6月100%｜月初 Top2｜2/3指数低于MA100空仓｜趋势质量10%｜inverse_vol,m6,month_start,2,majority_below_ma100,trend10,inverse_vol,1.0,2021-07-10,2021-07-13,2026-07-10,1.1515595854168303,0.16592152577081354,-0.1717287706739783,0.8282565337837386,0.3413223140495868,73,"{""2021"": 0.003958427933930642, ""2022"": 0.058027762711676534, ""2023"": 0.05034391967171192, ""2024"": -0.050190499107160225, ""2025"": 0.2916960685745331, ""2026"": 0.5955997877492429}"
refined,m6_month_start_top2_majority_below_ma100_trend20_equal,6月100%｜月初 Top2｜2/3指数低于MA100空仓｜趋势质量20%｜equal,m6,month_start,2,majority_below_ma100,trend20,equal,1.0,2021-07-10,2021-07-13,2026-07-10,1.2626305614498938,0.17773930491677903,-0.17494558918744463,0.8649820592602425,0.3412173025263838,67,"{""2021"": 0.0006002447574271486, ""2022"": 0.05870973333169727, ""2023"": 0.05519496290866566, ""2024"": -0.04602743520479613, ""2025"": 0.33617549410050396, ""2026"": 0.6129332121017024}"
refined,m6_month_start_top2_majority_below_ma100_trend20_inverse_vol,6月100%｜月初 Top2｜2/3指数低于MA100空仓｜趋势质量20%｜inverse_vol,m6,month_start,2,majority_below_ma100,trend20,inverse_vol,1.0,2021-07-10,2021-07-13,2026-07-10,1.1735811598311345,0.16830273664878193,-0.17501318442400648,0.8296693630456369,0.3413223140495868,77,"{""2021"": 0.003958427933930642, ""2022"": 0.058027762711676534, ""2023"": 0.05034391967171192, ""2024"": -0.050190499107160225, ""2025"": 0.30538391202871584, ""2026"": 0.5952665774076662}"
refined,m6_month_start_top2_majority_below_ma100_trend30_equal,6月100%｜月初 Top2｜2/3指数低于MA100空仓｜趋势质量30%｜equal,m6,month_start,2,majority_below_ma100,trend30,equal,1.0,2021-07-10,2021-07-13,2026-07-10,1.295068961327225,0.1811030513145664,-0.17059881911199448,0.8732200847007331,0.3412173025263838,68,"{""2021"": 0.0006002447574271486, ""2022"": 0.05870973333169727, ""2023"": 0.05519496290866566, ""2024"": -0.04602743520479613, ""2025"": 0.35254915330637493, ""2026"": 0.6162378902179109}"
refined,m6_month_start_top2_majority_below_ma100_trend30_inverse_vol,6月100%｜月初 Top2｜2/3指数低于MA100空仓｜趋势质量30%｜inverse_vol,m6,month_start,2,majority_below_ma100,trend30,inverse_vol,1.0,2021-07-10,2021-07-13,2026-07-10,1.199423101674597,0.17107256944968974,-0.1707154498284631,0.8351005800796739,0.3413223140495868,78,"{""2021"": 0.003958427933930642, ""2022"": 0.058027762711676534, ""2023"": 0.05034391967171192, ""2024"": -0.050190499107160225, ""2025"": 0.32092135896991336, ""2026"": 0.5952667807787986}"
refined,m6_month_start_top2_majority_below_ma100_liq10_trend10_equal,6月100%｜月初 Top2｜2/3指数低于MA100空仓｜流动性10%+趋势质量10%｜equal,m6,month_start,2,majority_below_ma100,liq10_trend10,equal,1.0,2021-07-10,2021-07-13,2026-07-10,1.1841625224385774,0.16944005230221393,-0.19178651413991232,0.8278853401463155,0.3413202769728379,66,"{""2021"": 0.0006002447574271486, ""2022"": 0.05870973333169727, ""2023"": 0.05519496290866566, ""2024"": -0.07175295386709057, ""2025"": 0.32286212416200577, ""2026"": 0.6162378887445694}"
refined,m6_month_start_top2_majority_below_ma100_liq10_trend10_inverse_vol,6月100%｜月初 Top2｜2/3指数低于MA100空仓｜流动性10%+趋势质量10%｜inverse_vol,m6,month_start,2,majority_below_ma100,liq10_trend10,inverse_vol,1.0,2021-07-10,2021-07-13,2026-07-10,1.0819256846629917,0.15826143109626334,-0.20421578148726538,0.786149209046163,0.34132231404958674,77,"{""2021"": 0.003958427933930642, ""2022"": 0.058027762711676534, ""2023"": 0.05034391967171192, ""2024"": -0.07546703094455964, ""2025"": 0.2845396377987579, ""2026"": 0.5952667807787988}"
refined,m6_month_start_top2_majority_below_ma100_liq20_trend10_equal,6月100%｜月初 Top2｜2/3指数低于MA100空仓｜流动性20%+趋势质量10%｜equal,m6,month_start,2,majority_below_ma100,liq20_trend10,equal,1.0,2021-07-10,2021-07-13,2026-07-10,1.3400583471027994,0.18570591645193235,-0.19319776330746086,0.8828869891751515,0.34131768169892995,68,"{""2021"": 0.0006002447574271486, ""2022"": 0.05870973333169727, ""2023"": 0.13427842941115053, ""2024"": -0.07483680451543007, ""2025"": 0.322862124162006, ""2026"": 0.616237888744569}"
refined,m6_month_start_top2_majority_below_ma100_liq20_trend10_inverse_vol,6月100%｜月初 Top2｜2/3指数低于MA100空仓｜流动性20%+趋势质量10%｜inverse_vol,m6,month_start,2,majority_below_ma100,liq20_trend10,inverse_vol,1.0,2021-07-10,2021-07-13,2026-07-10,1.226944757276931,0.1739939702921558,-0.20421578148726527,0.8405854953928544,0.34132231404958674,80,"{""2021"": 0.003958427933930642, ""2022"": 0.05791737971352573, ""2023"": 0.12934176935086739, ""2024"": -0.08015166972712029, ""2025"": 0.28454509697980046, ""2026"": 0.5952667807787992}"
refined,m612_month_start_3_top3_majority_below_ma120_base_equal,6月50%+12月50%｜月初第3日 Top3｜2/3指数低于MA120空仓｜纯动量｜equal,m612,month_start_3,3,majority_below_ma120,base,equal,1.0,2021-07-10,2021-07-13,2026-07-10,1.2149177957758424,0.17272089026963977,-0.1625341898266337,0.8754496218314934,0.3465968138433822,99,"{""2021"": -0.004033331465730372, ""2022"": 0.025241498223248948, ""2023"": 0.004239685349439526, ""2024"": 0.040592678974208374, ""2025"": 0.36581455144059016, ""2026"": 0.5476317909122146}"
refined,m612_month_start_3_top3_majority_below_ma120_base_inverse_vol,6月50%+12月50%｜月初第3日 Top3｜2/3指数低于MA120空仓｜纯动量｜inverse_vol,m612,month_start_3,3,majority_below_ma120,base,inverse_vol,1.0,2021-07-10,2021-07-13,2026-07-10,1.0356919640607862,0.1530615365326249,-0.17783812453204972,0.8038659671547814,0.3466637418135138,112,"{""2021"": -0.005245783940940885, ""2022"": 0.021901299062756285, ""2023"": 0.004323951794596104, ""2024"": 0.033893375507556334, ""2025"": 0.2753504755221048, ""2026"": 0.5392695917177659}"
refined,m612_month_start_3_top3_majority_below_ma120_liq10_equal,6月50%+12月50%｜月初第3日 Top3｜2/3指数低于MA120空仓｜流动性10%｜equal,m612,month_start_3,3,majority_below_ma120,liq10,equal,1.0,2021-07-10,2021-07-13,2026-07-10,1.1786163982031508,0.1688444895520591,-0.16891180108600756,0.8585890892946425,0.34658861354752285,103,"{""2021"": -0.004033331465730372, ""2022"": 0.025241498223248948, ""2023"": 0.004239685349439526, ""2024"": 0.03401914797968941, ""2025"": 0.36368253691424535, ""2026"": 0.5351811075616448}"
refined,m612_month_start_3_top3_majority_below_ma120_liq10_inverse_vol,6月50%+12月50%｜月初第3日 Top3｜2/3指数低于MA120空仓｜流动性10%｜inverse_vol,m612,month_start_3,3,majority_below_ma120,liq10,inverse_vol,1.0,2021-07-10,2021-07-13,2026-07-10,0.9872000926502269,0.1475051922611743,-0.18663183983786324,0.7804810313636993,0.3462216001764317,112,"{""2021"": -0.005245783940940885, ""2022"": 0.021901299062756285, ""2023"": 0.004323951794596104, ""2024"": 0.02604008624290044, ""2025"": 0.267632703398891, ""2026"": 0.5257090491412519}"
refined,m612_month_start_3_top3_majority_below_ma120_liq20_equal,6月50%+12月50%｜月初第3日 Top3｜2/3指数低于MA120空仓｜流动性20%｜equal,m612,month_start_3,3,majority_below_ma120,liq20,equal,1.0,2021-07-10,2021-07-13,2026-07-10,1.1601779348433756,0.16685574579058637,-0.1645941461235746,0.8387970894210968,0.3469912858176333,99,"{""2021"": -0.004033331465730261, ""2022"": 0.025241498223248948, ""2023"": 0.004239685349439526, ""2024"": 0.0254207714553758, ""2025"": 0.3532000886744231, ""2026"": 0.5352049734150035}"
refined,m612_month_start_3_top3_majority_below_ma120_liq20_inverse_vol,6月50%+12月50%｜月初第3日 Top3｜2/3指数低于MA120空仓｜流动性20%｜inverse_vol,m612,month_start_3,3,majority_below_ma120,liq20,inverse_vol,1.0,2021-07-10,2021-07-13,2026-07-10,0.9939298783018284,0.14828274633061111,-0.17694805383191292,0.7714392630911056,0.3468307017727634,104,"{""2021"": -0.005245783940940885, ""2022"": 0.021901299062756285, ""2023"": 0.004323951794596104, ""2024"": 0.026424916833438727, ""2025"": 0.25290388132420816, ""2026"": 0.5335724444442214}"
refined,m612_month_start_3_top3_majority_below_ma120_liq30_equal,6月50%+12月50%｜月初第3日 Top3｜2/3指数低于MA120空仓｜流动性30%｜equal,m612,month_start_3,3,majority_below_ma120,liq30,equal,1.0,2021-07-10,2021-07-13,2026-07-10,1.1103137518597719,0.16140864233008778,-0.1645941461235746,0.8144252091223583,0.34710277991828803,95,"{""2021"": -0.004033331465730261, ""2022"": 0.025241498223248948, ""2023"": 0.005036156829184568, ""2024"": -0.0073656888303281765, ""2025"": 0.36618314710918565, ""2026"": 0.5239770762687606}"
refined,m612_month_start_3_top3_majority_below_ma120_liq30_inverse_vol,6月50%+12月50%｜月初第3日 Top3｜2/3指数低于MA120空仓｜流动性30%｜inverse_vol,m612,month_start_3,3,majority_below_ma120,liq30,inverse_vol,1.0,2021-07-10,2021-07-13,2026-07-10,1.0494264643434361,0.15461602844134092,-0.17694805383191303,0.7945433157273141,0.3465174395394455,107,"{""2021"": -0.005245783940940885, ""2022"": 0.021901299062756285, ""2023"": 0.006705731827429506, ""2024"": 0.005762171217132961, ""2025"": 0.31057047588429953, ""2026"": 0.5232334311883553}"
refined,m612_month_start_3_top3_majority_below_ma120_trend10_equal,6月50%+12月50%｜月初第3日 Top3｜2/3指数低于MA120空仓｜趋势质量10%｜equal,m612,month_start_3,3,majority_below_ma120,trend10,equal,1.0,2021-07-10,2021-07-13,2026-07-10,1.1711916838208607,0.16804529622891162,-0.1625341898266337,0.8561552568686683,0.3467102208682161,99,"{""2021"": -0.004033331465730372, ""2022"": 0.025241498223248948, ""2023"": 0.004239685349439526, ""2024"": 0.040592678974208374, ""2025"": 0.3486377838811958, ""2026"": 0.5359000069032076}"
refined,m612_month_start_3_top3_majority_below_ma120_trend10_inverse_vol,6月50%+12月50%｜月初第3日 Top3｜2/3指数低于MA120空仓｜趋势质量10%｜inverse_vol,m612,month_start_3,3,majority_below_ma120,trend10,inverse_vol,1.0,2021-07-10,2021-07-13,2026-07-10,0.9964023440264425,0.14856788596418857,-0.17783812453204972,0.7839459225240939,0.34663976598501217,111,"{""2021"": -0.005245783940940885, ""2022"": 0.021901299062756285, ""2023"": 0.004323951794596104, ""2024"": 0.033893375507556334, ""2025"": 0.2589994486412628, ""2026"": 0.5293451514852787}"
refined,m612_month_start_3_top3_majority_below_ma120_trend20_equal,6月50%+12月50%｜月初第3日 Top3｜2/3指数低于MA120空仓｜趋势质量20%｜equal,m612,month_start_3,3,majority_below_ma120,trend20,equal,1.0,2021-07-10,2021-07-13,2026-07-10,1.225374761164459,0.17382809526518006,-0.1625341898266337,0.879923565020047,0.34677178519648016,98,"{""2021"": -0.004033331465730372, ""2022"": 0.025241498223248948, ""2023"": 0.004239685349439526, ""2024"": 0.040592678974208374, ""2025"": 0.4003067844162984, ""2026"": 0.5161426539064402}"
refined,m612_month_start_3_top3_majority_below_ma120_trend20_inverse_vol,6月50%+12月50%｜月初第3日 Top3｜2/3指数低于MA120空仓｜趋势质量20%｜inverse_vol,m612,month_start_3,3,majority_below_ma120,trend20,inverse_vol,1.0,2021-07-10,2021-07-13,2026-07-10,1.0525492700378183,0.15496830953664387,-0.17783812453204972,0.8129321101397277,0.34643754695862455,107,"{""2021"": -0.005245783940940885, ""2022"": 0.021901299062756285, ""2023"": 0.004323951794596104, ""2024"": 0.033893375507556334, ""2025"": 0.31326295646066393, ""2026"": 0.5073798505266502}"
refined,m612_month_start_3_top3_majority_below_ma120_trend30_equal,6月50%+12月50%｜月初第3日 Top3｜2/3指数低于MA120空仓｜趋势质量30%｜equal,m612,month_start_3,3,majority_below_ma120,trend30,equal,1.0,2021-07-10,2021-07-13,2026-07-10,1.2270853533853217,0.17400882015067531,-0.19468944448313297,0.8881538370627686,0.3465777736896463,107,"{""2021"": -0.016138431225531713, ""2022"": 0.02524149822324917, ""2023"": 0.005036156829184568, ""2024"": 0.011688441340032663, ""2025"": 0.47240790171902547, ""2026"": 0.5015682770898191}"
refined,m612_month_start_3_top3_majority_below_ma120_trend30_inverse_vol,6月50%+12月50%｜月初第3日 Top3｜2/3指数低于MA120空仓｜趋势质量30%｜inverse_vol,m612,month_start_3,3,majority_below_ma120,trend30,inverse_vol,1.0,2021-07-10,2021-07-13,2026-07-10,1.0932995517308308,0.15952647768340245,-0.19969672900683033,0.8411362856315355,0.3463717772371869,123,"{""2021"": -0.0071448497747897965, ""2022"": 0.021901299062756285, ""2023"": 0.006705731827429506, ""2024"": 0.013974452714030194, ""2025"": 0.38838706272260204, ""2026"": 0.48241114840659716}"
refined,m612_month_start_3_top3_majority_below_ma120_liq10_trend10_equal,6月50%+12月50%｜月初第3日 Top3｜2/3指数低于MA120空仓｜流动性10%+趋势质量10%｜equal,m612,month_start_3,3,majority_below_ma120,liq10_trend10,equal,1.0,2021-07-10,2021-07-13,2026-07-10,1.1866644601264404,0.1697083236220185,-0.16963164527693764,0.8663919690283827,0.346837598980297,101,"{""2021"": -0.004033331465730372, ""2022"": 0.025241498223248948, ""2023"": 0.004239685349439526, ""2024"": 0.036333962240176376, ""2025"": 0.38006259260101705, ""2026"": 0.5193289976866511}"
refined,m612_month_start_3_top3_majority_below_ma120_liq10_trend10_inverse_vol,6月50%+12月50%｜月初第3日 Top3｜2/3指数低于MA120空仓｜流动性10%+趋势质量10%｜inverse_vol,m612,month_start_3,3,majority_below_ma120,liq10_trend10,inverse_vol,1.0,2021-07-10,2021-07-13,2026-07-10,1.001344886686267,0.14913704432487473,-0.18572598111759153,0.7914315533549946,0.34649869766079683,114,"{""2021"": -0.005245783940940885, ""2022"": 0.021901299062756285, ""2023"": 0.004323951794596104, ""2024"": 0.029137462888334742, ""2025"": 0.28754353871727445, ""2026"": 0.5077123300928501}"
refined,m612_month_start_3_top3_majority_below_ma120_liq20_trend10_equal,6月50%+12月50%｜月初第3日 Top3｜2/3指数低于MA120空仓｜流动性20%+趋势质量10%｜equal,m612,month_start_3,3,majority_below_ma120,liq20_trend10,equal,1.0,2021-07-10,2021-07-13,2026-07-10,1.2588704899885155,0.1773469095009388,-0.16493081616614724,0.8807140372532645,0.3462932803073575,94,"{""2021"": -0.004033331465730261, ""2022"": 0.025241498223248948, ""2023"": 0.005036156829184568, ""2024"": 0.032700767930958774, ""2025"": 0.4122137458772186, ""2026"": 0.5387200983296969}"
refined,m612_month_start_3_top3_majority_below_ma120_liq20_trend10_inverse_vol,6月50%+12月50%｜月初第3日 Top3｜2/3指数低于MA120空仓｜流动性20%+趋势质量10%｜inverse_vol,m612,month_start_3,3,majority_below_ma120,liq20_trend10,inverse_vol,1.0,2021-07-10,2021-07-13,2026-07-10,1.0865011257036024,0.1587709926080445,-0.18198101558237056,0.8139531451105516,0.34660955919640524,106,"{""2021"": -0.005245783940940885, ""2022"": 0.021901299062756285, ""2023"": 0.006705731827429506, ""2024"": 0.02468485174697599, ""2025"": 0.32150306863421574, ""2026"": 0.5349190362186966}"
