stage,id,label,horizon,schedule,gate,factor,weighting,fee_mult,requested_start,total_return,cagr,max_drawdown,sharpe,avg_exposure,trades,yearly
refined,m612_70_30_month_start_3_top2_majority_below_ma120_liq10_trend0_equal,6月70%+12月30%｜月初第3日 Top2｜2/3指数低于MA120空仓｜流动性10%｜equal,m612_70_30,month_start_3,majority_below_ma120,liq10_trend0,equal,1.0,2021-07-10,1.8412150448701818,0.23271454508572598,-0.16875130933536808,1.0325329328278339,0.34710743801652894,60,"{""2021"": 0.06812639480961713, ""2022"": 0.061367994249649005, ""2023"": -0.02671362446856118, ""2024"": 0.04130301232725753, ""2025"": 0.5533368973565771, ""2026"": 0.6169844331488485}"
refined,m612_70_30_month_start_3_top2_majority_below_ma120_liq10_trend5_equal,6月70%+12月30%｜月初第3日 Top2｜2/3指数低于MA120空仓｜流动性10%+趋势质量5%｜equal,m612_70_30,month_start_3,majority_below_ma120,liq10_trend5,equal,1.0,2021-07-10,1.8412150448701818,0.23271454508572598,-0.16875130933536808,1.0325329328278339,0.34710743801652894,60,"{""2021"": 0.06812639480961713, ""2022"": 0.061367994249649005, ""2023"": -0.02671362446856118, ""2024"": 0.04130301232725753, ""2025"": 0.5533368973565771, ""2026"": 0.6169844331488485}"
refined,m612_70_30_month_start_3_top2_majority_below_ma120_liq10_trend10_equal,6月70%+12月30%｜月初第3日 Top2｜2/3指数低于MA120空仓｜流动性10%+趋势质量10%｜equal,m612_70_30,month_start_3,majority_below_ma120,liq10_trend10,equal,1.0,2021-07-10,1.8412150448701818,0.23271454508572598,-0.16875130933536808,1.0325329328278339,0.34710743801652894,60,"{""2021"": 0.06812639480961713, ""2022"": 0.061367994249649005, ""2023"": -0.02671362446856118, ""2024"": 0.04130301232725753, ""2025"": 0.5533368973565771, ""2026"": 0.6169844331488485}"
refined,m612_70_30_month_start_3_top2_majority_below_ma120_liq15_trend0_equal,6月70%+12月30%｜月初第3日 Top2｜2/3指数低于MA120空仓｜流动性15%｜equal,m612_70_30,month_start_3,majority_below_ma120,liq15_trend0,equal,1.0,2021-07-10,2.095103295988967,0.25403593702130656,-0.1687513093353682,1.096803145293565,0.34710743801652894,60,"{""2021"": 0.06812639480961713, ""2022"": 0.061367994249649005, ""2023"": 0.05712052477460672, ""2024"": 0.04439384984897421, ""2025"": 0.5533368973565767, ""2026"": 0.6169844331488485}"
refined,m612_70_30_month_start_3_top2_majority_below_ma120_liq15_trend5_equal,6月70%+12月30%｜月初第3日 Top2｜2/3指数低于MA120空仓｜流动性15%+趋势质量5%｜equal,m612_70_30,month_start_3,majority_below_ma120,liq15_trend5,equal,1.0,2021-07-10,2.095103295988967,0.25403593702130656,-0.1687513093353682,1.096803145293565,0.34710743801652894,60,"{""2021"": 0.06812639480961713, ""2022"": 0.061367994249649005, ""2023"": 0.05712052477460672, ""2024"": 0.04439384984897421, ""2025"": 0.5533368973565767, ""2026"": 0.6169844331488485}"
refined,m612_70_30_month_start_3_top2_majority_below_ma120_liq15_trend10_equal,6月70%+12月30%｜月初第3日 Top2｜2/3指数低于MA120空仓｜流动性15%+趋势质量10%｜equal,m612_70_30,month_start_3,majority_below_ma120,liq15_trend10,equal,1.0,2021-07-10,2.1242706345835454,0.2563948123722277,-0.1687513093353682,1.1063740969581104,0.3470602956185825,64,"{""2021"": 0.07730807136043816, ""2022"": 0.061367994249649005, ""2023"": 0.05712052477460694, ""2024"": 0.04439384984897421, ""2025"": 0.5533368973565773, ""2026"": 0.6183113183691522}"
refined,m612_70_30_month_start_3_top2_majority_below_ma120_liq20_trend0_equal,6月70%+12月30%｜月初第3日 Top2｜2/3指数低于MA120空仓｜流动性20%｜equal,m612_70_30,month_start_3,majority_below_ma120,liq20_trend0,equal,1.0,2021-07-10,2.110638350899914,0.25529451864289365,-0.16875131625752393,1.1141573028854428,0.34706209189745196,62,"{""2021"": 0.07730807136043816, ""2022"": 0.061367994249649005, ""2023"": 0.05712052477460694, ""2024"": 0.04439384984897421, ""2025"": 0.5478282408544315, ""2026"": 0.6169844331488488}"
refined,m612_70_30_month_start_3_top2_majority_below_ma120_liq20_trend5_equal,6月70%+12月30%｜月初第3日 Top2｜2/3指数低于MA120空仓｜流动性20%+趋势质量5%｜equal,m612_70_30,month_start_3,majority_below_ma120,liq20_trend5,equal,1.0,2021-07-10,2.110638350899914,0.25529451864289365,-0.16875131625752393,1.1141573028854428,0.34706209189745196,62,"{""2021"": 0.07730807136043816, ""2022"": 0.061367994249649005, ""2023"": 0.05712052477460694, ""2024"": 0.04439384984897421, ""2025"": 0.5478282408544315, ""2026"": 0.6169844331488488}"
refined,m612_70_30_month_start_3_top2_majority_below_ma120_liq20_trend10_equal,6月70%+12月30%｜月初第3日 Top2｜2/3指数低于MA120空仓｜流动性20%+趋势质量10%｜equal,m612_70_30,month_start_3,majority_below_ma120,liq20_trend10,equal,1.0,2021-07-10,1.7792960972255645,0.2272845040237541,-0.15464180556917417,1.0097052050300244,0.3469117491043005,66,"{""2021"": -0.03807283103416892, ""2022"": 0.06136799424964923, ""2023"": 0.05712052477460672, ""2024"": 0.04439384984897421, ""2025"": 0.5480028206418364, ""2026"": 0.6178770597685443}"
refined,m612_70_30_month_start_3_top2_majority_below_ma120_liq25_trend0_equal,6月70%+12月30%｜月初第3日 Top2｜2/3指数低于MA120空仓｜流动性25%｜equal,m612_70_30,month_start_3,majority_below_ma120,liq25_trend0,equal,1.0,2021-07-10,1.7051475347372014,0.22065319181836673,-0.15462840231013253,0.9982558312923238,0.3469135468665855,67,"{""2021"": -0.03807283103416892, ""2022"": 0.06136799424964923, ""2023"": 0.05712052477460672, ""2024"": 0.04439384984897421, ""2025"": 0.5423719876780959, ""2026"": 0.5804627850837938}"
refined,m612_70_30_month_start_3_top2_majority_below_ma120_liq25_trend5_equal,6月70%+12月30%｜月初第3日 Top2｜2/3指数低于MA120空仓｜流动性25%+趋势质量5%｜equal,m612_70_30,month_start_3,majority_below_ma120,liq25_trend5,equal,1.0,2021-07-10,1.769439775944956,0.22641124013174552,-0.1546418126088258,1.0170816655186274,0.3469117491043005,66,"{""2021"": -0.03807283103416892, ""2022"": 0.06136799424964923, ""2023"": 0.05712052477460672, ""2024"": 0.04439384984897421, ""2025"": 0.5425130805746428, ""2026"": 0.6178770597685446}"
refined,m612_70_30_month_start_3_top2_majority_below_ma120_liq25_trend10_equal,6月70%+12月30%｜月初第3日 Top2｜2/3指数低于MA120空仓｜流动性25%+趋势质量10%｜equal,m612_70_30,month_start_3,majority_below_ma120,liq25_trend10,equal,1.0,2021-07-10,1.769439775944956,0.22641124013174552,-0.1546418126088258,1.0170816655186274,0.3469117491043005,66,"{""2021"": -0.03807283103416892, ""2022"": 0.06136799424964923, ""2023"": 0.05712052477460672, ""2024"": 0.04439384984897421, ""2025"": 0.5425130805746428, ""2026"": 0.6178770597685446}"
refined,m612_70_30_month_start_3_top2_majority_below_ma120_liq30_trend0_equal,6月70%+12月30%｜月初第3日 Top2｜2/3指数低于MA120空仓｜流动性30%｜equal,m612_70_30,month_start_3,majority_below_ma120,liq30_trend0,equal,1.0,2021-07-10,1.6319572262041997,0.21396346890699203,-0.15462840231013253,0.9715304350675762,0.3469135468665855,69,"{""2021"": -0.03807283103416892, ""2022"": 0.06136799424964923, ""2023"": 0.05712052477460672, ""2024"": 0.04439384984897421, ""2025"": 0.5020927492794698, ""2026"": 0.5650517390642207}"
refined,m612_70_30_month_start_3_top2_majority_below_ma120_liq30_trend5_equal,6月70%+12月30%｜月初第3日 Top2｜2/3指数低于MA120空仓｜流动性30%+趋势质量5%｜equal,m612_70_30,month_start_3,majority_below_ma120,liq30_trend5,equal,1.0,2021-07-10,1.6370139594794102,0.21443041531353146,-0.15462840231013253,0.9732595025846503,0.3469135468665855,69,"{""2021"": -0.03807283103416892, ""2022"": 0.06136799424964923, ""2023"": 0.05712052477460672, ""2024"": 0.04439384984897421, ""2025"": 0.5020927492794698, ""2026"": 0.5680586455319852}"
refined,m612_70_30_month_start_3_top2_majority_below_ma120_liq30_trend10_equal,6月70%+12月30%｜月初第3日 Top2｜2/3指数低于MA120空仓｜流动性30%+趋势质量10%｜equal,m612_70_30,month_start_3,majority_below_ma120,liq30_trend10,equal,1.0,2021-07-10,1.7105064502347034,0.22113729517012337,-0.1546418126088258,1.0000264607066665,0.3469135468665855,67,"{""2021"": -0.03807283103416892, ""2022"": 0.06136799424964923, ""2023"": 0.05712052477460672, ""2024"": 0.04439384984897421, ""2025"": 0.5425130805746428, ""2026"": 0.5834488419930008}"
refined,m1612_20_40_40_month_start_3_top2_majority_below_ma120_liq10_trend0_equal,1月20%+6月40%+12月40%｜月初第3日 Top2｜2/3指数低于MA120空仓｜流动性10%｜equal,m1612_20_40_40,month_start_3,majority_below_ma120,liq10_trend0,equal,1.0,2021-07-10,1.7613445029348904,0.22569214324213238,-0.16875130933536808,1.0027492603718877,0.34710743801652894,64,"{""2021"": 0.06812639480961713, ""2022"": 0.061367994249649005, ""2023"": -0.02671362446856118, ""2024"": 0.04439384984897421, ""2025"": 0.5429799037119223, ""2026"": 0.5773952663777466}"
refined,m1612_20_40_40_month_start_3_top2_majority_below_ma120_liq10_trend5_equal,1月20%+6月40%+12月40%｜月初第3日 Top2｜2/3指数低于MA120空仓｜流动性10%+趋势质量5%｜equal,m1612_20_40_40,month_start_3,majority_below_ma120,liq10_trend5,equal,1.0,2021-07-10,1.7613445029348904,0.22569214324213238,-0.16875130933536808,1.0027492603718877,0.34710743801652894,64,"{""2021"": 0.06812639480961713, ""2022"": 0.061367994249649005, ""2023"": -0.02671362446856118, ""2024"": 0.04439384984897421, ""2025"": 0.5429799037119223, ""2026"": 0.5773952663777466}"
refined,m1612_20_40_40_month_start_3_top2_majority_below_ma120_liq10_trend10_equal,1月20%+6月40%+12月40%｜月初第3日 Top2｜2/3指数低于MA120空仓｜流动性10%+趋势质量10%｜equal,m1612_20_40_40,month_start_3,majority_below_ma120,liq10_trend10,equal,1.0,2021-07-10,1.7613445029348904,0.22569214324213238,-0.16875130933536808,1.0027492603718877,0.34710743801652894,64,"{""2021"": 0.06812639480961713, ""2022"": 0.061367994249649005, ""2023"": -0.02671362446856118, ""2024"": 0.04439384984897421, ""2025"": 0.5429799037119223, ""2026"": 0.5773952663777466}"
refined,m1612_20_40_40_month_start_3_top2_majority_below_ma120_liq15_trend0_equal,1月20%+6月40%+12月40%｜月初第3日 Top2｜2/3指数低于MA120空仓｜流动性15%｜equal,m1612_20_40_40,month_start_3,majority_below_ma120,liq15_trend0,equal,1.0,2021-07-10,1.9991932728248867,0.2461518571257264,-0.1687513093353683,1.064499152588503,0.34710743801652894,64,"{""2021"": 0.06812639480961713, ""2022"": 0.061367994249649005, ""2023"": 0.05712052477460672, ""2024"": 0.04439384984897421, ""2025"": 0.5429799037119223, ""2026"": 0.5773952663777466}"
refined,m1612_20_40_40_month_start_3_top2_majority_below_ma120_liq15_trend5_equal,1月20%+6月40%+12月40%｜月初第3日 Top2｜2/3指数低于MA120空仓｜流动性15%+趋势质量5%｜equal,m1612_20_40_40,month_start_3,majority_below_ma120,liq15_trend5,equal,1.0,2021-07-10,1.9991932728248867,0.2461518571257264,-0.1687513093353683,1.064499152588503,0.34710743801652894,64,"{""2021"": 0.06812639480961713, ""2022"": 0.061367994249649005, ""2023"": 0.05712052477460672, ""2024"": 0.04439384984897421, ""2025"": 0.5429799037119223, ""2026"": 0.5773952663777466}"
refined,m1612_20_40_40_month_start_3_top2_majority_below_ma120_liq15_trend10_equal,1月20%+6月40%+12月40%｜月初第3日 Top2｜2/3指数低于MA120空仓｜流动性15%+趋势质量10%｜equal,m1612_20_40_40,month_start_3,majority_below_ma120,liq15_trend10,equal,1.0,2021-07-10,2.0249745124593446,0.24829073678783797,-0.16875130933536808,1.0731992914536579,0.34706209189745196,66,"{""2021"": 0.07730807136043816, ""2022"": 0.061367994249649005, ""2023"": 0.05712052477460694, ""2024"": 0.04439384984897421, ""2025"": 0.5429799037119225, ""2026"": 0.5773952663777462}"
refined,m1612_20_40_40_month_start_3_top2_majority_below_ma120_liq20_trend0_equal,1月20%+6月40%+12月40%｜月初第3日 Top2｜2/3指数低于MA120空仓｜流动性20%｜equal,m1612_20_40_40,month_start_3,majority_below_ma120,liq20_trend0,equal,1.0,2021-07-10,2.014246932663074,0.24740252608885838,-0.16875131625752393,1.081157195930403,0.34706209189745196,66,"{""2021"": 0.07730807136043816, ""2022"": 0.061367994249649005, ""2023"": 0.05712052477460694, ""2024"": 0.04439384984897421, ""2025"": 0.5375079766021449, ""2026"": 0.5773952663777466}"
refined,m1612_20_40_40_month_start_3_top2_majority_below_ma120_liq20_trend5_equal,1月20%+6月40%+12月40%｜月初第3日 Top2｜2/3指数低于MA120空仓｜流动性20%+趋势质量5%｜equal,m1612_20_40_40,month_start_3,majority_below_ma120,liq20_trend5,equal,1.0,2021-07-10,2.014246932663074,0.24740252608885838,-0.16875131625752393,1.081157195930403,0.34706209189745196,66,"{""2021"": 0.07730807136043816, ""2022"": 0.061367994249649005, ""2023"": 0.05712052477460694, ""2024"": 0.04439384984897421, ""2025"": 0.5375079766021449, ""2026"": 0.5773952663777466}"
refined,m1612_20_40_40_month_start_3_top2_majority_below_ma120_liq20_trend10_equal,1月20%+6月40%+12月40%｜月初第3日 Top2｜2/3指数低于MA120空仓｜流动性20%+趋势质量10%｜equal,m1612_20_40_40,month_start_3,majority_below_ma120,liq20_trend10,equal,1.0,2021-07-10,1.6909641560490103,0.21936821018626484,-0.15464180556917417,0.9769010925194417,0.3469135468665855,68,"{""2021"": -0.03807283103416892, ""2022"": 0.06136799424964923, ""2023"": 0.05712052477460672, ""2024"": 0.04439384984897421, ""2025"": 0.5376813923653438, ""2026"": 0.5769720687659838}"
refined,m1612_20_40_40_month_start_3_top2_majority_below_ma120_liq25_trend0_equal,1月20%+6月40%+12月40%｜月初第3日 Top2｜2/3指数低于MA120空仓｜流动性25%｜equal,m1612_20_40_40,month_start_3,majority_below_ma120,liq25_trend0,equal,1.0,2021-07-10,1.3311384146896286,0.184798976943229,-0.16741601830795227,0.8656495954410223,0.3469135468665855,73,"{""2021"": -0.03807283103416892, ""2022"": 0.06136799424964923, ""2023"": 0.05712052477460672, ""2024"": 0.04439384984897421, ""2025"": 0.37350776677409203, ""2026"": 0.510165202181043}"
refined,m1612_20_40_40_month_start_3_top2_majority_below_ma120_liq25_trend5_equal,1月20%+6月40%+12月40%｜月初第3日 Top2｜2/3指数低于MA120空仓｜流动性25%+趋势质量5%｜equal,m1612_20_40_40,month_start_3,majority_below_ma120,liq25_trend5,equal,1.0,2021-07-10,1.681421089621832,0.21850057906607412,-0.1546418126088256,0.9837011177174547,0.3469135468665855,68,"{""2021"": -0.03807283103416892, ""2022"": 0.06136799424964923, ""2023"": 0.05712052477460672, ""2024"": 0.04439384984897421, ""2025"": 0.532228255563729, ""2026"": 0.5769720687659838}"
refined,m1612_20_40_40_month_start_3_top2_majority_below_ma120_liq25_trend10_equal,1月20%+6月40%+12月40%｜月初第3日 Top2｜2/3指数低于MA120空仓｜流动性25%+趋势质量10%｜equal,m1612_20_40_40,month_start_3,majority_below_ma120,liq25_trend10,equal,1.0,2021-07-10,1.681421089621832,0.21850057906607412,-0.1546418126088256,0.9837011177174547,0.3469135468665855,68,"{""2021"": -0.03807283103416892, ""2022"": 0.06136799424964923, ""2023"": 0.05712052477460672, ""2024"": 0.04439384984897421, ""2025"": 0.532228255563729, ""2026"": 0.5769720687659838}"
refined,m1612_20_40_40_month_start_3_top2_majority_below_ma120_liq30_trend0_equal,1月20%+6月40%+12月40%｜月初第3日 Top2｜2/3指数低于MA120空仓｜流动性30%｜equal,m1612_20_40_40,month_start_3,majority_below_ma120,liq30_trend0,equal,1.0,2021-07-10,1.3311384146896286,0.184798976943229,-0.16741601830795227,0.8656495954410223,0.3469135468665855,73,"{""2021"": -0.03807283103416892, ""2022"": 0.06136799424964923, ""2023"": 0.05712052477460672, ""2024"": 0.04439384984897421, ""2025"": 0.37350776677409203, ""2026"": 0.510165202181043}"
refined,m1612_20_40_40_month_start_3_top2_majority_below_ma120_liq30_trend5_equal,1月20%+6月40%+12月40%｜月初第3日 Top2｜2/3指数低于MA120空仓｜流动性30%+趋势质量5%｜equal,m1612_20_40_40,month_start_3,majority_below_ma120,liq30_trend5,equal,1.0,2021-07-10,1.3311384146896286,0.184798976943229,-0.16741601830795227,0.8656495954410223,0.3469135468665855,73,"{""2021"": -0.03807283103416892, ""2022"": 0.06136799424964923, ""2023"": 0.05712052477460672, ""2024"": 0.04439384984897421, ""2025"": 0.37350776677409203, ""2026"": 0.510165202181043}"
refined,m1612_20_40_40_month_start_3_top2_majority_below_ma120_liq30_trend10_equal,1月20%+6月40%+12月40%｜月初第3日 Top2｜2/3指数低于MA120空仓｜流动性30%+趋势质量10%｜equal,m1612_20_40_40,month_start_3,majority_below_ma120,liq30_trend10,equal,1.0,2021-07-10,1.695269575245899,0.2197588426343675,-0.1546418126088256,0.9909979442419629,0.34710743801652894,69,"{""2021"": -0.011027051959132006, ""2022"": 0.061367994249649005, ""2023"": 0.05712052477460694, ""2024"": 0.04439384984897443, ""2025"": 0.5322282555637292, ""2026"": 0.5417677899487088}"
refined,m612_40_60_month_start_5_top2_majority_below_ma110_liq10_trend0_equal,6月40%+12月60%｜月初第5日 Top2｜2/3指数低于MA110空仓｜流动性10%｜equal,m612_40_60,month_start_5,majority_below_ma110,liq10_trend0,equal,1.0,2021-07-10,1.6663216415396183,0.21712271824808727,-0.16250497107644457,1.0257097784055325,0.32892561983471075,62,"{""2021"": 0.04614292997560909, ""2022"": 0.12839910466482074, ""2023"": -0.048326761583343814, ""2024"": 0.0728065758904628, ""2025"": 0.533043763764435, ""2026"": 0.46568320616753756}"
refined,m612_40_60_month_start_5_top2_majority_below_ma110_liq10_trend5_equal,6月40%+12月60%｜月初第5日 Top2｜2/3指数低于MA110空仓｜流动性10%+趋势质量5%｜equal,m612_40_60,month_start_5,majority_below_ma110,liq10_trend5,equal,1.0,2021-07-10,1.7700668845127363,0.2264668755262147,-0.16250497107644468,1.0582781555248824,0.32892561983471075,59,"{""2021"": 0.04614292997560909, ""2022"": 0.12839910466482074, ""2023"": -0.048326761583343814, ""2024"": 0.11489214161924854, ""2025"": 0.5325577191800213, ""2026"": 0.4656832061675378}"
refined,m612_40_60_month_start_5_top2_majority_below_ma110_liq10_trend10_equal,6月40%+12月60%｜月初第5日 Top2｜2/3指数低于MA110空仓｜流动性10%+趋势质量10%｜equal,m612_40_60,month_start_5,majority_below_ma110,liq10_trend10,equal,1.0,2021-07-10,1.965156919384309,0.2433054785696398,-0.16250497107644468,1.1110152468242127,0.32892561983471075,59,"{""2021"": 0.04614292997560909, ""2022"": 0.12839910466482074, ""2023"": 0.018697600285704885, ""2024"": 0.11489214161924854, ""2025"": 0.532557719180021, ""2026"": 0.46568320616753733}"
refined,m612_40_60_month_start_5_top2_majority_below_ma110_liq15_trend0_equal,6月40%+12月60%｜月初第5日 Top2｜2/3指数低于MA110空仓｜流动性15%｜equal,m612_40_60,month_start_5,majority_below_ma110,liq15_trend0,equal,1.0,2021-07-10,1.8518643244346427,0.233638886355084,-0.16216987160393015,1.086453630152674,0.32892561983471075,62,"{""2021"": 0.04614292997560909, ""2022"": 0.12839910466482074, ""2023"": 0.018697600285704885, ""2024"": 0.0728065758904628, ""2025"": 0.5318401534311106, ""2026"": 0.4656832061675378}"
refined,m612_40_60_month_start_5_top2_majority_below_ma110_liq15_trend5_equal,6月40%+12月60%｜月初第5日 Top2｜2/3指数低于MA110空仓｜流动性15%+趋势质量5%｜equal,m612_40_60,month_start_5,majority_below_ma110,liq15_trend5,equal,1.0,2021-07-10,1.8518643244346427,0.233638886355084,-0.16216987160393015,1.086453630152674,0.32892561983471075,62,"{""2021"": 0.04614292997560909, ""2022"": 0.12839910466482074, ""2023"": 0.018697600285704885, ""2024"": 0.0728065758904628, ""2025"": 0.5318401534311106, ""2026"": 0.4656832061675378}"
refined,m612_40_60_month_start_5_top2_majority_below_ma110_liq15_trend10_equal,6月40%+12月60%｜月初第5日 Top2｜2/3指数低于MA110空仓｜流动性15%+趋势质量10%｜equal,m612_40_60,month_start_5,majority_below_ma110,liq15_trend10,equal,1.0,2021-07-10,1.567238462475704,0.20792296858118786,-0.16250497107644468,0.9874579601539921,0.3288787127714331,64,"{""2021"": -0.05900509665335574, ""2022"": 0.12839910466482074, ""2023"": 0.018697600285704885, ""2024"": 0.0728065758904628, ""2025"": 0.533043763764435, ""2026"": 0.46568320616753756}"
refined,m612_40_60_month_start_5_top2_majority_below_ma110_liq20_trend0_equal,6月40%+12月60%｜月初第5日 Top2｜2/3指数低于MA110空仓｜流动性20%｜equal,m612_40_60,month_start_5,majority_below_ma110,liq20_trend0,equal,1.0,2021-07-10,1.6075423431834794,0.21169881548684977,-0.16216987160393015,1.0074310325195288,0.3288177310125058,63,"{""2021"": 0.032374795274179746, ""2022"": 0.12839910466482096, ""2023"": 0.018697600285704663, ""2024"": 0.0728065758904628, ""2025"": 0.385541440377557, ""2026"": 0.4816231249281142}"
refined,m612_40_60_month_start_5_top2_majority_below_ma110_liq20_trend5_equal,6月40%+12月60%｜月初第5日 Top2｜2/3指数低于MA110空仓｜流动性20%+趋势质量5%｜equal,m612_40_60,month_start_5,majority_below_ma110,liq20_trend5,equal,1.0,2021-07-10,1.5652228939612352,0.20773289991806076,-0.16216987160393004,0.9942109027219778,0.3288787127714331,64,"{""2021"": -0.05900509665335574, ""2022"": 0.12839910466482074, ""2023"": 0.018697600285704885, ""2024"": 0.0728065758904628, ""2025"": 0.5318401534311099, ""2026"": 0.4656832061675371}"
refined,m612_40_60_month_start_5_top2_majority_below_ma110_liq20_trend10_equal,6月40%+12月60%｜月初第5日 Top2｜2/3指数低于MA110空仓｜流动性20%+趋势质量10%｜equal,m612_40_60,month_start_5,majority_below_ma110,liq20_trend10,equal,1.0,2021-07-10,1.59978530119409,0.21097574575605815,-0.16216987160393004,1.0031134307536884,0.3288787127714331,66,"{""2021"": -0.05900509665335574, ""2022"": 0.12839910466482074, ""2023"": 0.018697600285704885, ""2024"": 0.0728065758904628, ""2025"": 0.5524793280319442, ""2026"": 0.4656832061675378}"
refined,m612_40_60_month_start_5_top2_majority_below_ma110_liq25_trend0_equal,6月40%+12月60%｜月初第5日 Top2｜2/3指数低于MA110空仓｜流动性25%｜equal,m612_40_60,month_start_5,majority_below_ma110,liq25_trend0,equal,1.0,2021-07-10,1.2290277371768195,0.1742138993953386,-0.20803923811597858,0.8770470235422707,0.3287271624612941,61,"{""2021"": -0.05900509665335574, ""2022"": 0.12839910466482074, ""2023"": 0.018697600285704885, ""2024"": 0.0728065758904628, ""2025"": 0.3018209987117044, ""2026"": 0.4799608333561671}"
refined,m612_40_60_month_start_5_top2_majority_below_ma110_liq25_trend5_equal,6月40%+12月60%｜月初第5日 Top2｜2/3指数低于MA110空仓｜流动性25%+趋势质量5%｜equal,m612_40_60,month_start_5,majority_below_ma110,liq25_trend5,equal,1.0,2021-07-10,1.376737660032243,0.18940650011016102,-0.16216987160393004,0.9256910861137508,0.3288787127714331,65,"{""2021"": -0.05900509665335574, ""2022"": 0.12839910466482074, ""2023"": 0.018697600285704885, ""2024"": 0.0728065758904628, ""2025"": 0.385541440377557, ""2026"": 0.48162312492811443}"
refined,m612_40_60_month_start_5_top2_majority_below_ma110_liq25_trend10_equal,6月40%+12月60%｜月初第5日 Top2｜2/3指数低于MA110空仓｜流动性25%+趋势质量10%｜equal,m612_40_60,month_start_5,majority_below_ma110,liq25_trend10,equal,1.0,2021-07-10,1.59978530119409,0.21097574575605815,-0.16216987160393004,1.0031134307536884,0.3288787127714331,66,"{""2021"": -0.05900509665335574, ""2022"": 0.12839910466482074, ""2023"": 0.018697600285704885, ""2024"": 0.0728065758904628, ""2025"": 0.5524793280319442, ""2026"": 0.4656832061675378}"
refined,m612_40_60_month_start_5_top2_majority_below_ma110_liq30_trend0_equal,6月40%+12月60%｜月初第5日 Top2｜2/3指数低于MA110空仓｜流动性30%｜equal,m612_40_60,month_start_5,majority_below_ma110,liq30_trend0,equal,1.0,2021-07-10,1.1725914020831412,0.16819612833307995,-0.20803923811597858,0.8535365615564181,0.3287271624612941,63,"{""2021"": -0.05900509665335574, ""2022"": 0.12839910466482074, ""2023"": 0.018697600285704885, ""2024"": 0.0728065758904628, ""2025"": 0.3018209987117044, ""2026"": 0.4424899826692237}"
refined,m612_40_60_month_start_5_top2_majority_below_ma110_liq30_trend5_equal,6月40%+12月60%｜月初第5日 Top2｜2/3指数低于MA110空仓｜流动性30%+趋势质量5%｜equal,m612_40_60,month_start_5,majority_below_ma110,liq30_trend5,equal,1.0,2021-07-10,1.1725914020831412,0.16819612833307995,-0.20803923811597858,0.8535365615564181,0.3287271624612941,63,"{""2021"": -0.05900509665335574, ""2022"": 0.12839910466482074, ""2023"": 0.018697600285704885, ""2024"": 0.0728065758904628, ""2025"": 0.3018209987117044, ""2026"": 0.4424899826692237}"
refined,m612_40_60_month_start_5_top2_majority_below_ma110_liq30_trend10_equal,6月40%+12月60%｜月初第5日 Top2｜2/3指数低于MA110空仓｜流动性30%+趋势质量10%｜equal,m612_40_60,month_start_5,majority_below_ma110,liq30_trend10,equal,1.0,2021-07-10,1.3409362628871602,0.18579502955759697,-0.16216987160393004,0.9091207267939233,0.3288787127714331,69,"{""2021"": -0.05900509665335574, ""2022"": 0.12839910466482074, ""2023"": 0.018697600285704885, ""2024"": 0.0728065758904628, ""2025"": 0.40420946630741095, ""2026"": 0.43990457810481143}"
refined,m612_50_50_month_start_5_top2_majority_below_ma110_liq10_trend0_equal,6月50%+12月50%｜月初第5日 Top2｜2/3指数低于MA110空仓｜流动性10%｜equal,m612_50_50,month_start_5,majority_below_ma110,liq10_trend0,equal,1.0,2021-07-10,1.6663216415396183,0.21712271824808727,-0.16250497107644457,1.0257097784055325,0.32892561983471075,62,"{""2021"": 0.04614292997560909, ""2022"": 0.12839910466482074, ""2023"": -0.048326761583343814, ""2024"": 0.0728065758904628, ""2025"": 0.533043763764435, ""2026"": 0.46568320616753756}"
refined,m612_50_50_month_start_5_top2_majority_below_ma110_liq10_trend5_equal,6月50%+12月50%｜月初第5日 Top2｜2/3指数低于MA110空仓｜流动性10%+趋势质量5%｜equal,m612_50_50,month_start_5,majority_below_ma110,liq10_trend5,equal,1.0,2021-07-10,1.7700668845127363,0.2264668755262147,-0.16250497107644468,1.0582781555248824,0.32892561983471075,59,"{""2021"": 0.04614292997560909, ""2022"": 0.12839910466482074, ""2023"": -0.048326761583343814, ""2024"": 0.11489214161924854, ""2025"": 0.5325577191800213, ""2026"": 0.4656832061675378}"
refined,m612_50_50_month_start_5_top2_majority_below_ma110_liq10_trend10_equal,6月50%+12月50%｜月初第5日 Top2｜2/3指数低于MA110空仓｜流动性10%+趋势质量10%｜equal,m612_50_50,month_start_5,majority_below_ma110,liq10_trend10,equal,1.0,2021-07-10,1.965156919384309,0.2433054785696398,-0.16250497107644468,1.1110152468242127,0.32892561983471075,59,"{""2021"": 0.04614292997560909, ""2022"": 0.12839910466482074, ""2023"": 0.018697600285704885, ""2024"": 0.11489214161924854, ""2025"": 0.532557719180021, ""2026"": 0.46568320616753733}"
refined,m612_50_50_month_start_5_top2_majority_below_ma110_liq15_trend0_equal,6月50%+12月50%｜月初第5日 Top2｜2/3指数低于MA110空仓｜流动性15%｜equal,m612_50_50,month_start_5,majority_below_ma110,liq15_trend0,equal,1.0,2021-07-10,1.8518643244346427,0.233638886355084,-0.16216987160393015,1.086453630152674,0.32892561983471075,62,"{""2021"": 0.04614292997560909, ""2022"": 0.12839910466482074, ""2023"": 0.018697600285704885, ""2024"": 0.0728065758904628, ""2025"": 0.5318401534311106, ""2026"": 0.4656832061675378}"
refined,m612_50_50_month_start_5_top2_majority_below_ma110_liq15_trend5_equal,6月50%+12月50%｜月初第5日 Top2｜2/3指数低于MA110空仓｜流动性15%+趋势质量5%｜equal,m612_50_50,month_start_5,majority_below_ma110,liq15_trend5,equal,1.0,2021-07-10,1.8518643244346427,0.233638886355084,-0.16216987160393015,1.086453630152674,0.32892561983471075,62,"{""2021"": 0.04614292997560909, ""2022"": 0.12839910466482074, ""2023"": 0.018697600285704885, ""2024"": 0.0728065758904628, ""2025"": 0.5318401534311106, ""2026"": 0.4656832061675378}"
refined,m612_50_50_month_start_5_top2_majority_below_ma110_liq15_trend10_equal,6月50%+12月50%｜月初第5日 Top2｜2/3指数低于MA110空仓｜流动性15%+趋势质量10%｜equal,m612_50_50,month_start_5,majority_below_ma110,liq15_trend10,equal,1.0,2021-07-10,1.567238462475704,0.20792296858118786,-0.16250497107644468,0.9874579601539921,0.3288787127714331,64,"{""2021"": -0.05900509665335574, ""2022"": 0.12839910466482074, ""2023"": 0.018697600285704885, ""2024"": 0.0728065758904628, ""2025"": 0.533043763764435, ""2026"": 0.46568320616753756}"
refined,m612_50_50_month_start_5_top2_majority_below_ma110_liq20_trend0_equal,6月50%+12月50%｜月初第5日 Top2｜2/3指数低于MA110空仓｜流动性20%｜equal,m612_50_50,month_start_5,majority_below_ma110,liq20_trend0,equal,1.0,2021-07-10,1.814331353514567,0.23036869574840368,-0.16216987160393015,1.0751714185991819,0.3288177310125058,62,"{""2021"": 0.032374795274179746, ""2022"": 0.12839910466482096, ""2023"": 0.018697600285704663, ""2024"": 0.0728065758904628, ""2025"": 0.5318401534311101, ""2026"": 0.46568320616753733}"
refined,m612_50_50_month_start_5_top2_majority_below_ma110_liq20_trend5_equal,6月50%+12月50%｜月初第5日 Top2｜2/3指数低于MA110空仓｜流动性20%+趋势质量5%｜equal,m612_50_50,month_start_5,majority_below_ma110,liq20_trend5,equal,1.0,2021-07-10,1.5652228939612352,0.20773289991806076,-0.16216987160393004,0.9942109027219778,0.3288787127714331,64,"{""2021"": -0.05900509665335574, ""2022"": 0.12839910466482074, ""2023"": 0.018697600285704885, ""2024"": 0.0728065758904628, ""2025"": 0.5318401534311099, ""2026"": 0.4656832061675371}"
refined,m612_50_50_month_start_5_top2_majority_below_ma110_liq20_trend10_equal,6月50%+12月50%｜月初第5日 Top2｜2/3指数低于MA110空仓｜流动性20%+趋势质量10%｜equal,m612_50_50,month_start_5,majority_below_ma110,liq20_trend10,equal,1.0,2021-07-10,1.5652228939612352,0.20773289991806076,-0.16216987160393004,0.9942109027219778,0.3288787127714331,64,"{""2021"": -0.05900509665335574, ""2022"": 0.12839910466482074, ""2023"": 0.018697600285704885, ""2024"": 0.0728065758904628, ""2025"": 0.5318401534311099, ""2026"": 0.4656832061675371}"
refined,m612_50_50_month_start_5_top2_majority_below_ma110_liq25_trend0_equal,6月50%+12月50%｜月初第5日 Top2｜2/3指数低于MA110空仓｜流动性25%｜equal,m612_50_50,month_start_5,majority_below_ma110,liq25_trend0,equal,1.0,2021-07-10,1.359660994647446,0.18768935547814936,-0.2033963289015276,0.9237015475644605,0.3287914234313907,63,"{""2021"": -0.05900509665335574, ""2022"": 0.12839910466482074, ""2023"": 0.018697600285704885, ""2024"": 0.0728065758904628, ""2025"": 0.3818932760924234, ""2026"": 0.4811447072595072}"
refined,m612_50_50_month_start_5_top2_majority_below_ma110_liq25_trend5_equal,6月50%+12月50%｜月初第5日 Top2｜2/3指数低于MA110空仓｜流动性25%+趋势质量5%｜equal,m612_50_50,month_start_5,majority_below_ma110,liq25_trend5,equal,1.0,2021-07-10,1.5652228939612352,0.20773289991806076,-0.16216987160393004,0.9942109027219778,0.3288787127714331,64,"{""2021"": -0.05900509665335574, ""2022"": 0.12839910466482074, ""2023"": 0.018697600285704885, ""2024"": 0.0728065758904628, ""2025"": 0.5318401534311099, ""2026"": 0.4656832061675371}"
refined,m612_50_50_month_start_5_top2_majority_below_ma110_liq25_trend10_equal,6月50%+12月50%｜月初第5日 Top2｜2/3指数低于MA110空仓｜流动性25%+趋势质量10%｜equal,m612_50_50,month_start_5,majority_below_ma110,liq25_trend10,equal,1.0,2021-07-10,1.5652228939612352,0.20773289991806076,-0.16216987160393004,0.9942109027219778,0.3288787127714331,64,"{""2021"": -0.05900509665335574, ""2022"": 0.12839910466482074, ""2023"": 0.018697600285704885, ""2024"": 0.0728065758904628, ""2025"": 0.5318401534311099, ""2026"": 0.4656832061675371}"
refined,m612_50_50_month_start_5_top2_majority_below_ma110_liq30_trend0_equal,6月50%+12月50%｜月初第5日 Top2｜2/3指数低于MA110空仓｜流动性30%｜equal,m612_50_50,month_start_5,majority_below_ma110,liq30_trend0,equal,1.0,2021-07-10,1.3005401682898827,0.18166664381408326,-0.2033963289015276,0.9007091437570781,0.32882559541707285,65,"{""2021"": -0.05900509665335574, ""2022"": 0.12839910466482074, ""2023"": 0.018697600285704885, ""2024"": 0.0728065758904628, ""2025"": 0.3818932760924234, ""2026"": 0.4440349278263829}"
refined,m612_50_50_month_start_5_top2_majority_below_ma110_liq30_trend5_equal,6月50%+12月50%｜月初第5日 Top2｜2/3指数低于MA110空仓｜流动性30%+趋势质量5%｜equal,m612_50_50,month_start_5,majority_below_ma110,liq30_trend5,equal,1.0,2021-07-10,1.3005401682898827,0.18166664381408326,-0.2033963289015276,0.9007091437570781,0.32882559541707285,65,"{""2021"": -0.05900509665335574, ""2022"": 0.12839910466482074, ""2023"": 0.018697600285704885, ""2024"": 0.0728065758904628, ""2025"": 0.3818932760924234, ""2026"": 0.4440349278263829}"
refined,m612_50_50_month_start_5_top2_majority_below_ma110_liq30_trend10_equal,6月50%+12月50%｜月初第5日 Top2｜2/3指数低于MA110空仓｜流动性30%+趋势质量10%｜equal,m612_50_50,month_start_5,majority_below_ma110,liq30_trend10,equal,1.0,2021-07-10,1.4640542441599593,0.1980355291536604,-0.16216987160393004,0.9554384367502697,0.32882559541707285,66,"{""2021"": -0.05900509665335574, ""2022"": 0.12839910466482074, ""2023"": 0.018697600285704885, ""2024"": 0.0728065758904628, ""2025"": 0.48443202583084544, ""2026"": 0.4398336853051339}"
refined,m1612_10_40_50_month_start_5_top2_majority_below_ma110_liq10_trend0_equal,1月10%+6月40%+12月50%｜月初第5日 Top2｜2/3指数低于MA110空仓｜流动性10%｜equal,m1612_10_40_50,month_start_5,majority_below_ma110,liq10_trend0,equal,1.0,2021-07-10,1.6663216415396183,0.21712271824808727,-0.16250497107644457,1.0257097784055325,0.32892561983471075,62,"{""2021"": 0.04614292997560909, ""2022"": 0.12839910466482074, ""2023"": -0.048326761583343814, ""2024"": 0.0728065758904628, ""2025"": 0.533043763764435, ""2026"": 0.46568320616753756}"
refined,m1612_10_40_50_month_start_5_top2_majority_below_ma110_liq10_trend5_equal,1月10%+6月40%+12月50%｜月初第5日 Top2｜2/3指数低于MA110空仓｜流动性10%+趋势质量5%｜equal,m1612_10_40_50,month_start_5,majority_below_ma110,liq10_trend5,equal,1.0,2021-07-10,1.7700668845127363,0.2264668755262147,-0.16250497107644468,1.0582781555248824,0.32892561983471075,59,"{""2021"": 0.04614292997560909, ""2022"": 0.12839910466482074, ""2023"": -0.048326761583343814, ""2024"": 0.11489214161924854, ""2025"": 0.5325577191800213, ""2026"": 0.4656832061675378}"
refined,m1612_10_40_50_month_start_5_top2_majority_below_ma110_liq10_trend10_equal,1月10%+6月40%+12月50%｜月初第5日 Top2｜2/3指数低于MA110空仓｜流动性10%+趋势质量10%｜equal,m1612_10_40_50,month_start_5,majority_below_ma110,liq10_trend10,equal,1.0,2021-07-10,1.965156919384309,0.2433054785696398,-0.16250497107644468,1.1110152468242127,0.32892561983471075,59,"{""2021"": 0.04614292997560909, ""2022"": 0.12839910466482074, ""2023"": 0.018697600285704885, ""2024"": 0.11489214161924854, ""2025"": 0.532557719180021, ""2026"": 0.46568320616753733}"
refined,m1612_10_40_50_month_start_5_top2_majority_below_ma110_liq15_trend0_equal,1月10%+6月40%+12月50%｜月初第5日 Top2｜2/3指数低于MA110空仓｜流动性15%｜equal,m1612_10_40_50,month_start_5,majority_below_ma110,liq15_trend0,equal,1.0,2021-07-10,1.8518643244346427,0.233638886355084,-0.16216987160393015,1.086453630152674,0.32892561983471075,62,"{""2021"": 0.04614292997560909, ""2022"": 0.12839910466482074, ""2023"": 0.018697600285704885, ""2024"": 0.0728065758904628, ""2025"": 0.5318401534311106, ""2026"": 0.4656832061675378}"
refined,m1612_10_40_50_month_start_5_top2_majority_below_ma110_liq15_trend5_equal,1月10%+6月40%+12月50%｜月初第5日 Top2｜2/3指数低于MA110空仓｜流动性15%+趋势质量5%｜equal,m1612_10_40_50,month_start_5,majority_below_ma110,liq15_trend5,equal,1.0,2021-07-10,1.8518643244346427,0.233638886355084,-0.16216987160393015,1.086453630152674,0.32892561983471075,62,"{""2021"": 0.04614292997560909, ""2022"": 0.12839910466482074, ""2023"": 0.018697600285704885, ""2024"": 0.0728065758904628, ""2025"": 0.5318401534311106, ""2026"": 0.4656832061675378}"
refined,m1612_10_40_50_month_start_5_top2_majority_below_ma110_liq15_trend10_equal,1月10%+6月40%+12月50%｜月初第5日 Top2｜2/3指数低于MA110空仓｜流动性15%+趋势质量10%｜equal,m1612_10_40_50,month_start_5,majority_below_ma110,liq15_trend10,equal,1.0,2021-07-10,1.4928631833072594,0.20082890605175163,-0.16250497107644468,0.9611848751909837,0.3288787127714331,65,"{""2021"": -0.05900509665335574, ""2022"": 0.12839910466482074, ""2023"": 0.018697600285704885, ""2024"": 0.0728065758904628, ""2025"": 0.533043763764435, ""2026"": 0.42322100437967247}"
refined,m1612_10_40_50_month_start_5_top2_majority_below_ma110_liq20_trend0_equal,1月10%+6月40%+12月50%｜月初第5日 Top2｜2/3指数低于MA110空仓｜流动性20%｜equal,m1612_10_40_50,month_start_5,majority_below_ma110,liq20_trend0,equal,1.0,2021-07-10,1.5341209207531823,0.20478472756763022,-0.16216987160393015,0.9817738890644542,0.3288177310125058,65,"{""2021"": 0.032374795274179746, ""2022"": 0.12839910466482096, ""2023"": 0.018697600285704663, ""2024"": 0.0728065758904628, ""2025"": 0.385541440377557, ""2026"": 0.43990457810481165}"
refined,m1612_10_40_50_month_start_5_top2_majority_below_ma110_liq20_trend5_equal,1月10%+6月40%+12月50%｜月初第5日 Top2｜2/3指数低于MA110空仓｜流动性20%+趋势质量5%｜equal,m1612_10_40_50,month_start_5,majority_below_ma110,liq20_trend5,equal,1.0,2021-07-10,1.4909060076819354,0.2006399536510155,-0.16216987160393004,0.967702800572458,0.3288787127714331,65,"{""2021"": -0.05900509665335574, ""2022"": 0.12839910466482074, ""2023"": 0.018697600285704885, ""2024"": 0.0728065758904628, ""2025"": 0.5318401534311099, ""2026"": 0.42322100437967225}"
refined,m1612_10_40_50_month_start_5_top2_majority_below_ma110_liq20_trend10_equal,1月10%+6月40%+12月50%｜月初第5日 Top2｜2/3指数低于MA110空仓｜流动性20%+趋势质量10%｜equal,m1612_10_40_50,month_start_5,majority_below_ma110,liq20_trend10,equal,1.0,2021-07-10,1.5244671099233558,0.20386375444082172,-0.16216987160393004,0.9767335151573091,0.3288787127714331,67,"{""2021"": -0.05900509665335574, ""2022"": 0.12839910466482074, ""2023"": 0.018697600285704885, ""2024"": 0.0728065758904628, ""2025"": 0.5524793280319442, ""2026"": 0.42322100437967247}"
refined,m1612_10_40_50_month_start_5_top2_majority_below_ma110_liq25_trend0_equal,1月10%+6月40%+12月50%｜月初第5日 Top2｜2/3指数低于MA110空仓｜流动性25%｜equal,m1612_10_40_50,month_start_5,majority_below_ma110,liq25_trend0,equal,1.0,2021-07-10,1.316561485113382,0.1833108679418558,-0.16216987160393004,0.902649034475984,0.3288787127714331,67,"{""2021"": -0.05900509665335574, ""2022"": 0.12839910466482074, ""2023"": 0.018697600285704885, ""2024"": 0.0728065758904628, ""2025"": 0.385541440377557, ""2026"": 0.44411018699272}"
refined,m1612_10_40_50_month_start_5_top2_majority_below_ma110_liq25_trend5_equal,1月10%+6月40%+12月50%｜月初第5日 Top2｜2/3指数低于MA110空仓｜流动性25%+趋势质量5%｜equal,m1612_10_40_50,month_start_5,majority_below_ma110,liq25_trend5,equal,1.0,2021-07-10,1.3098150805391806,0.1826196146165504,-0.16216987160393004,0.8997542148545534,0.3288787127714331,67,"{""2021"": -0.05900509665335574, ""2022"": 0.12839910466482074, ""2023"": 0.018697600285704885, ""2024"": 0.0728065758904628, ""2025"": 0.385541440377557, ""2026"": 0.43990457810481187}"
refined,m1612_10_40_50_month_start_5_top2_majority_below_ma110_liq25_trend10_equal,1月10%+6月40%+12月50%｜月初第5日 Top2｜2/3指数低于MA110空仓｜流动性25%+趋势质量10%｜equal,m1612_10_40_50,month_start_5,majority_below_ma110,liq25_trend10,equal,1.0,2021-07-10,1.5244671099233558,0.20386375444082172,-0.16216987160393004,0.9767335151573091,0.3288787127714331,67,"{""2021"": -0.05900509665335574, ""2022"": 0.12839910466482074, ""2023"": 0.018697600285704885, ""2024"": 0.0728065758904628, ""2025"": 0.5524793280319442, ""2026"": 0.42322100437967247}"
refined,m1612_10_40_50_month_start_5_top2_majority_below_ma110_liq30_trend0_equal,1月10%+6月40%+12月50%｜月初第5日 Top2｜2/3指数低于MA110空仓｜流动性30%｜equal,m1612_10_40_50,month_start_5,majority_below_ma110,liq30_trend0,equal,1.0,2021-07-10,1.316561485113382,0.1833108679418558,-0.16216987160393004,0.902649034475984,0.3288787127714331,67,"{""2021"": -0.05900509665335574, ""2022"": 0.12839910466482074, ""2023"": 0.018697600285704885, ""2024"": 0.0728065758904628, ""2025"": 0.385541440377557, ""2026"": 0.44411018699272}"
refined,m1612_10_40_50_month_start_5_top2_majority_below_ma110_liq30_trend5_equal,1月10%+6月40%+12月50%｜月初第5日 Top2｜2/3指数低于MA110空仓｜流动性30%+趋势质量5%｜equal,m1612_10_40_50,month_start_5,majority_below_ma110,liq30_trend5,equal,1.0,2021-07-10,1.316561485113382,0.1833108679418558,-0.16216987160393004,0.902649034475984,0.3288787127714331,67,"{""2021"": -0.05900509665335574, ""2022"": 0.12839910466482074, ""2023"": 0.018697600285704885, ""2024"": 0.0728065758904628, ""2025"": 0.385541440377557, ""2026"": 0.44411018699272}"
refined,m1612_10_40_50_month_start_5_top2_majority_below_ma110_liq30_trend10_equal,1月10%+6月40%+12月50%｜月初第5日 Top2｜2/3指数低于MA110空仓｜流动性30%+趋势质量10%｜equal,m1612_10_40_50,month_start_5,majority_below_ma110,liq30_trend10,equal,1.0,2021-07-10,1.3409362628871602,0.18579502955759697,-0.16216987160393004,0.9091207267939233,0.3288787127714331,69,"{""2021"": -0.05900509665335574, ""2022"": 0.12839910466482074, ""2023"": 0.018697600285704885, ""2024"": 0.0728065758904628, ""2025"": 0.40420946630741095, ""2026"": 0.43990457810481143}"
refined,m3612_10_45_45_month_start_5_top2_majority_below_ma110_liq10_trend0_equal,3月10%+6月45%+12月45%｜月初第5日 Top2｜2/3指数低于MA110空仓｜流动性10%｜equal,m3612_10_45_45,month_start_5,majority_below_ma110,liq10_trend0,equal,1.0,2021-07-10,1.6663216415396183,0.21712271824808727,-0.16250497107644457,1.0257097784055325,0.32892561983471075,62,"{""2021"": 0.04614292997560909, ""2022"": 0.12839910466482074, ""2023"": -0.048326761583343814, ""2024"": 0.0728065758904628, ""2025"": 0.533043763764435, ""2026"": 0.46568320616753756}"
refined,m3612_10_45_45_month_start_5_top2_majority_below_ma110_liq10_trend5_equal,3月10%+6月45%+12月45%｜月初第5日 Top2｜2/3指数低于MA110空仓｜流动性10%+趋势质量5%｜equal,m3612_10_45_45,month_start_5,majority_below_ma110,liq10_trend5,equal,1.0,2021-07-10,1.7700668845127363,0.2264668755262147,-0.16250497107644468,1.0582781555248824,0.32892561983471075,59,"{""2021"": 0.04614292997560909, ""2022"": 0.12839910466482074, ""2023"": -0.048326761583343814, ""2024"": 0.11489214161924854, ""2025"": 0.5325577191800213, ""2026"": 0.4656832061675378}"
refined,m3612_10_45_45_month_start_5_top2_majority_below_ma110_liq10_trend10_equal,3月10%+6月45%+12月45%｜月初第5日 Top2｜2/3指数低于MA110空仓｜流动性10%+趋势质量10%｜equal,m3612_10_45_45,month_start_5,majority_below_ma110,liq10_trend10,equal,1.0,2021-07-10,1.965156919384309,0.2433054785696398,-0.16250497107644468,1.1110152468242127,0.32892561983471075,59,"{""2021"": 0.04614292997560909, ""2022"": 0.12839910466482074, ""2023"": 0.018697600285704885, ""2024"": 0.11489214161924854, ""2025"": 0.532557719180021, ""2026"": 0.46568320616753733}"
refined,m3612_10_45_45_month_start_5_top2_majority_below_ma110_liq15_trend0_equal,3月10%+6月45%+12月45%｜月初第5日 Top2｜2/3指数低于MA110空仓｜流动性15%｜equal,m3612_10_45_45,month_start_5,majority_below_ma110,liq15_trend0,equal,1.0,2021-07-10,1.8541051152654893,0.23383303200924876,-0.16250497107644468,1.0789541080743803,0.32892561983471075,62,"{""2021"": 0.04614292997560909, ""2022"": 0.12839910466482074, ""2023"": 0.018697600285704885, ""2024"": 0.0728065758904628, ""2025"": 0.5330437637644354, ""2026"": 0.465683206167538}"
refined,m3612_10_45_45_month_start_5_top2_majority_below_ma110_liq15_trend5_equal,3月10%+6月45%+12月45%｜月初第5日 Top2｜2/3指数低于MA110空仓｜流动性15%+趋势质量5%｜equal,m3612_10_45_45,month_start_5,majority_below_ma110,liq15_trend5,equal,1.0,2021-07-10,1.8541051152654893,0.23383303200924876,-0.16250497107644468,1.0789541080743803,0.32892561983471075,62,"{""2021"": 0.04614292997560909, ""2022"": 0.12839910466482074, ""2023"": 0.018697600285704885, ""2024"": 0.0728065758904628, ""2025"": 0.5330437637644354, ""2026"": 0.465683206167538}"
refined,m3612_10_45_45_month_start_5_top2_majority_below_ma110_liq15_trend10_equal,3月10%+6月45%+12月45%｜月初第5日 Top2｜2/3指数低于MA110空仓｜流动性15%+趋势质量10%｜equal,m3612_10_45_45,month_start_5,majority_below_ma110,liq15_trend10,equal,1.0,2021-07-10,1.4928631833072594,0.20082890605175163,-0.16250497107644468,0.9611848751909837,0.3288787127714331,65,"{""2021"": -0.05900509665335574, ""2022"": 0.12839910466482074, ""2023"": 0.018697600285704885, ""2024"": 0.0728065758904628, ""2025"": 0.533043763764435, ""2026"": 0.42322100437967247}"
refined,m3612_10_45_45_month_start_5_top2_majority_below_ma110_liq20_trend0_equal,3月10%+6月45%+12月45%｜月初第5日 Top2｜2/3指数低于MA110空仓｜流动性20%｜equal,m3612_10_45_45,month_start_5,majority_below_ma110,liq20_trend0,equal,1.0,2021-07-10,1.7349448008278108,0.2233353045661961,-0.1625049710764449,1.0417568991259754,0.3288177310125058,63,"{""2021"": 0.032374795274179746, ""2022"": 0.12839910466482096, ""2023"": 0.018697600285704663, ""2024"": 0.0728065758904628, ""2025"": 0.5330437637644354, ""2026"": 0.4232210043796727}"
refined,m3612_10_45_45_month_start_5_top2_majority_below_ma110_liq20_trend5_equal,3月10%+6月45%+12月45%｜月初第5日 Top2｜2/3指数低于MA110空仓｜流动性20%+趋势质量5%｜equal,m3612_10_45_45,month_start_5,majority_below_ma110,liq20_trend5,equal,1.0,2021-07-10,1.4928631833072594,0.20082890605175163,-0.16250497107644468,0.9611848751909837,0.3288787127714331,65,"{""2021"": -0.05900509665335574, ""2022"": 0.12839910466482074, ""2023"": 0.018697600285704885, ""2024"": 0.0728065758904628, ""2025"": 0.533043763764435, ""2026"": 0.42322100437967247}"
refined,m3612_10_45_45_month_start_5_top2_majority_below_ma110_liq20_trend10_equal,3月10%+6月45%+12月45%｜月初第5日 Top2｜2/3指数低于MA110空仓｜流动性20%+趋势质量10%｜equal,m3612_10_45_45,month_start_5,majority_below_ma110,liq20_trend10,equal,1.0,2021-07-10,1.4928631833072594,0.20082890605175163,-0.16250497107644468,0.9611848751909837,0.3288787127714331,65,"{""2021"": -0.05900509665335574, ""2022"": 0.12839910466482074, ""2023"": 0.018697600285704885, ""2024"": 0.0728065758904628, ""2025"": 0.533043763764435, ""2026"": 0.42322100437967247}"
refined,m3612_10_45_45_month_start_5_top2_majority_below_ma110_liq25_trend0_equal,3月10%+6月45%+12月45%｜月初第5日 Top2｜2/3指数低于MA110空仓｜流动性25%｜equal,m3612_10_45_45,month_start_5,majority_below_ma110,liq25_trend0,equal,1.0,2021-07-10,1.4712440255707442,0.19873510145719586,-0.16216987160393004,0.9583197408051012,0.32882559541707285,66,"{""2021"": -0.05900509665335574, ""2022"": 0.12839910466482074, ""2023"": 0.018697600285704885, ""2024"": 0.0728065758904628, ""2025"": 0.48443202583084544, ""2026"": 0.4440349278263829}"
refined,m3612_10_45_45_month_start_5_top2_majority_below_ma110_liq25_trend5_equal,3月10%+6月45%+12月45%｜月初第5日 Top2｜2/3指数低于MA110空仓｜流动性25%+趋势质量5%｜equal,m3612_10_45_45,month_start_5,majority_below_ma110,liq25_trend5,equal,1.0,2021-07-10,1.4909060076819354,0.2006399536510155,-0.16216987160393004,0.967702800572458,0.3288787127714331,65,"{""2021"": -0.05900509665335574, ""2022"": 0.12839910466482074, ""2023"": 0.018697600285704885, ""2024"": 0.0728065758904628, ""2025"": 0.5318401534311099, ""2026"": 0.42322100437967225}"
refined,m3612_10_45_45_month_start_5_top2_majority_below_ma110_liq25_trend10_equal,3月10%+6月45%+12月45%｜月初第5日 Top2｜2/3指数低于MA110空仓｜流动性25%+趋势质量10%｜equal,m3612_10_45_45,month_start_5,majority_below_ma110,liq25_trend10,equal,1.0,2021-07-10,1.4909060076819354,0.2006399536510155,-0.16216987160393004,0.967702800572458,0.3288787127714331,65,"{""2021"": -0.05900509665335574, ""2022"": 0.12839910466482074, ""2023"": 0.018697600285704885, ""2024"": 0.0728065758904628, ""2025"": 0.5318401534311099, ""2026"": 0.42322100437967225}"
refined,m3612_10_45_45_month_start_5_top2_majority_below_ma110_liq30_trend0_equal,3月10%+6月45%+12月45%｜月初第5日 Top2｜2/3指数低于MA110空仓｜流动性30%｜equal,m3612_10_45_45,month_start_5,majority_below_ma110,liq30_trend0,equal,1.0,2021-07-10,1.4712440255707442,0.19873510145719586,-0.16216987160393004,0.9583197408051012,0.32882559541707285,66,"{""2021"": -0.05900509665335574, ""2022"": 0.12839910466482074, ""2023"": 0.018697600285704885, ""2024"": 0.0728065758904628, ""2025"": 0.48443202583084544, ""2026"": 0.4440349278263829}"
refined,m3612_10_45_45_month_start_5_top2_majority_below_ma110_liq30_trend5_equal,3月10%+6月45%+12月45%｜月初第5日 Top2｜2/3指数低于MA110空仓｜流动性30%+趋势质量5%｜equal,m3612_10_45_45,month_start_5,majority_below_ma110,liq30_trend5,equal,1.0,2021-07-10,1.4712440255707442,0.19873510145719586,-0.16216987160393004,0.9583197408051012,0.32882559541707285,66,"{""2021"": -0.05900509665335574, ""2022"": 0.12839910466482074, ""2023"": 0.018697600285704885, ""2024"": 0.0728065758904628, ""2025"": 0.48443202583084544, ""2026"": 0.4440349278263829}"
refined,m3612_10_45_45_month_start_5_top2_majority_below_ma110_liq30_trend10_equal,3月10%+6月45%+12月45%｜月初第5日 Top2｜2/3指数低于MA110空仓｜流动性30%+趋势质量10%｜equal,m3612_10_45_45,month_start_5,majority_below_ma110,liq30_trend10,equal,1.0,2021-07-10,1.4640542441599593,0.1980355291536604,-0.16216987160393004,0.9554384367502697,0.32882559541707285,66,"{""2021"": -0.05900509665335574, ""2022"": 0.12839910466482074, ""2023"": 0.018697600285704885, ""2024"": 0.0728065758904628, ""2025"": 0.48443202583084544, ""2026"": 0.4398336853051339}"
refined,m1612_20_40_40_month_start_3_top2_majority_below_ma110_liq10_trend0_equal,1月20%+6月40%+12月40%｜月初第3日 Top2｜2/3指数低于MA110空仓｜流动性10%｜equal,m1612_20_40_40,month_start_3,majority_below_ma110,liq10_trend0,equal,1.0,2021-07-10,1.732721798070401,0.22313601632030644,-0.17791000285183123,0.9975970184714222,0.3446280991735537,64,"{""2021"": 0.04808011877986451, ""2022"": 0.07455115948780722, ""2023"": -0.08472691311042191, ""2024"": 0.04189138635552703, ""2025"": 0.638452905082876, ""2026"": 0.5773952663777462}"
refined,m1612_20_40_40_month_start_3_top2_majority_below_ma110_liq10_trend5_equal,1月20%+6月40%+12月40%｜月初第3日 Top2｜2/3指数低于MA110空仓｜流动性10%+趋势质量5%｜equal,m1612_20_40_40,month_start_3,majority_below_ma110,liq10_trend5,equal,1.0,2021-07-10,1.732721798070401,0.22313601632030644,-0.17791000285183123,0.9975970184714222,0.3446280991735537,64,"{""2021"": 0.04808011877986451, ""2022"": 0.07455115948780722, ""2023"": -0.08472691311042191, ""2024"": 0.04189138635552703, ""2025"": 0.638452905082876, ""2026"": 0.5773952663777462}"
refined,m1612_20_40_40_month_start_3_top2_majority_below_ma110_liq10_trend10_equal,1月20%+6月40%+12月40%｜月初第3日 Top2｜2/3指数低于MA110空仓｜流动性10%+趋势质量10%｜equal,m1612_20_40_40,month_start_3,majority_below_ma110,liq10_trend10,equal,1.0,2021-07-10,1.732721798070401,0.22313601632030644,-0.17791000285183123,0.9975970184714222,0.3446280991735537,64,"{""2021"": 0.04808011877986451, ""2022"": 0.07455115948780722, ""2023"": -0.08472691311042191, ""2024"": 0.04189138635552703, ""2025"": 0.638452905082876, ""2026"": 0.5773952663777462}"
refined,m1612_20_40_40_month_start_3_top2_majority_below_ma110_liq15_trend0_equal,1月20%+6月40%+12月40%｜月初第3日 Top2｜2/3指数低于MA110空仓｜流动性15%｜equal,m1612_20_40_40,month_start_3,majority_below_ma110,liq15_trend0,equal,1.0,2021-07-10,1.9470630036065901,0.2417816768268921,-0.1687513093353682,1.0542841006505432,0.3446280991735537,64,"{""2021"": 0.04808011877986451, ""2022"": 0.07455115948780722, ""2023"": -0.012937411165047985, ""2024"": 0.041891386355526805, ""2025"": 0.6384529050828762, ""2026"": 0.5773952663777466}"
refined,m1612_20_40_40_month_start_3_top2_majority_below_ma110_liq15_trend5_equal,1月20%+6月40%+12月40%｜月初第3日 Top2｜2/3指数低于MA110空仓｜流动性15%+趋势质量5%｜equal,m1612_20_40_40,month_start_3,majority_below_ma110,liq15_trend5,equal,1.0,2021-07-10,1.9470630036065901,0.2417816768268921,-0.1687513093353682,1.0542841006505432,0.3446280991735537,64,"{""2021"": 0.04808011877986451, ""2022"": 0.07455115948780722, ""2023"": -0.012937411165047985, ""2024"": 0.041891386355526805, ""2025"": 0.6384529050828762, ""2026"": 0.5773952663777466}"
refined,m1612_20_40_40_month_start_3_top2_majority_below_ma110_liq15_trend10_equal,1月20%+6月40%+12月40%｜月初第3日 Top2｜2/3指数低于MA110空仓｜流动性15%+趋势质量10%｜equal,m1612_20_40_40,month_start_3,majority_below_ma110,liq15_trend10,equal,1.0,2021-07-10,1.9727292750548848,0.24394098761915783,-0.1687513093353682,1.063124265409733,0.3445839524968781,66,"{""2021"": 0.05720795513600829, ""2022"": 0.074551159487807, ""2023"": -0.012937411165048318, ""2024"": 0.04189138635552703, ""2025"": 0.6384529050828767, ""2026"": 0.5773952663777464}"
refined,m1612_20_40_40_month_start_3_top2_majority_below_ma110_liq20_trend0_equal,1月20%+6月40%+12月40%｜月初第3日 Top2｜2/3指数低于MA110空仓｜流动性20%｜equal,m1612_20_40_40,month_start_3,majority_below_ma110,liq20_trend0,equal,1.0,2021-07-10,1.9621869744901987,0.2430558719473508,-0.16875131625752393,1.0710840114774134,0.3445839524968781,66,"{""2021"": 0.05720795513600829, ""2022"": 0.074551159487807, ""2023"": -0.012937411165048318, ""2024"": 0.04189138635552703, ""2025"": 0.6326423985118912, ""2026"": 0.5773952663777462}"
refined,m1612_20_40_40_month_start_3_top2_majority_below_ma110_liq20_trend5_equal,1月20%+6月40%+12月40%｜月初第3日 Top2｜2/3指数低于MA110空仓｜流动性20%+趋势质量5%｜equal,m1612_20_40_40,month_start_3,majority_below_ma110,liq20_trend5,equal,1.0,2021-07-10,1.9621869744901987,0.2430558719473508,-0.16875131625752393,1.0710840114774134,0.3445839524968781,66,"{""2021"": 0.05720795513600829, ""2022"": 0.074551159487807, ""2023"": -0.012937411165048318, ""2024"": 0.04189138635552703, ""2025"": 0.6326423985118912, ""2026"": 0.5773952663777462}"
refined,m1612_20_40_40_month_start_3_top2_majority_below_ma110_liq20_trend10_equal,1月20%+6月40%+12月40%｜月初第3日 Top2｜2/3指数低于MA110空仓｜流动性20%+趋势质量10%｜equal,m1612_20_40_40,month_start_3,majority_below_ma110,liq20_trend10,equal,1.0,2021-07-10,1.7116710961887445,0.22124240345072943,-0.15464180556917417,0.9881388675310574,0.3444425233320669,68,"{""2021"": -0.03203833314615978, ""2022"": 0.074551159487807, ""2023"": -0.012937411165048207, ""2024"": 0.041891386355526805, ""2025"": 0.6328265445012962, ""2026"": 0.5769720687659841}"
refined,m1612_20_40_40_month_start_3_top2_majority_below_ma110_liq25_trend0_equal,1月20%+6月40%+12月40%｜月初第3日 Top2｜2/3指数低于MA110空仓｜流动性25%｜equal,m1612_20_40_40,month_start_3,majority_below_ma110,liq25_trend0,equal,1.0,2021-07-10,1.3490764996328641,0.18662003660657045,-0.16741601830795227,0.8765431637066717,0.3444425233320669,73,"{""2021"": -0.03203833314615978, ""2022"": 0.074551159487807, ""2023"": -0.012937411165048207, ""2024"": 0.041891386355526805, ""2025"": 0.45849455667639427, ""2026"": 0.5101652021810421}"
refined,m1612_20_40_40_month_start_3_top2_majority_below_ma110_liq25_trend5_equal,1月20%+6月40%+12月40%｜月初第3日 Top2｜2/3指数低于MA110空仓｜流动性25%+趋势质量5%｜equal,m1612_20_40_40,month_start_3,majority_below_ma110,liq25_trend5,equal,1.0,2021-07-10,1.7020545959684,0.22037343876419846,-0.1546418126088256,0.9952187020887968,0.3444425233320669,68,"{""2021"": -0.03203833314615978, ""2022"": 0.074551159487807, ""2023"": -0.012937411165048207, ""2024"": 0.041891386355526805, ""2025"": 0.6270359909024281, ""2026"": 0.5769720687659843}"
refined,m1612_20_40_40_month_start_3_top2_majority_below_ma110_liq25_trend10_equal,1月20%+6月40%+12月40%｜月初第3日 Top2｜2/3指数低于MA110空仓｜流动性25%+趋势质量10%｜equal,m1612_20_40_40,month_start_3,majority_below_ma110,liq25_trend10,equal,1.0,2021-07-10,1.7020545959684,0.22037343876419846,-0.1546418126088256,0.9952187020887968,0.3444425233320669,68,"{""2021"": -0.03203833314615978, ""2022"": 0.074551159487807, ""2023"": -0.012937411165048207, ""2024"": 0.041891386355526805, ""2025"": 0.6270359909024281, ""2026"": 0.5769720687659843}"
refined,m1612_20_40_40_month_start_3_top2_majority_below_ma110_liq30_trend0_equal,1月20%+6月40%+12月40%｜月初第3日 Top2｜2/3指数低于MA110空仓｜流动性30%｜equal,m1612_20_40_40,month_start_3,majority_below_ma110,liq30_trend0,equal,1.0,2021-07-10,1.3490764996328641,0.18662003660657045,-0.16741601830795227,0.8765431637066717,0.3444425233320669,73,"{""2021"": -0.03203833314615978, ""2022"": 0.074551159487807, ""2023"": -0.012937411165048207, ""2024"": 0.041891386355526805, ""2025"": 0.45849455667639427, ""2026"": 0.5101652021810421}"
refined,m1612_20_40_40_month_start_3_top2_majority_below_ma110_liq30_trend5_equal,1月20%+6月40%+12月40%｜月初第3日 Top2｜2/3指数低于MA110空仓｜流动性30%+趋势质量5%｜equal,m1612_20_40_40,month_start_3,majority_below_ma110,liq30_trend5,equal,1.0,2021-07-10,1.3490764996328641,0.18662003660657045,-0.16741601830795227,0.8765431637066717,0.3444425233320669,73,"{""2021"": -0.03203833314615978, ""2022"": 0.074551159487807, ""2023"": -0.012937411165048207, ""2024"": 0.041891386355526805, ""2025"": 0.45849455667639427, ""2026"": 0.5101652021810421}"
refined,m1612_20_40_40_month_start_3_top2_majority_below_ma110_liq30_trend10_equal,1月20%+6月40%+12月40%｜月初第3日 Top2｜2/3指数低于MA110空仓｜流动性30%+趋势质量10%｜equal,m1612_20_40_40,month_start_3,majority_below_ma110,liq30_trend10,equal,1.0,2021-07-10,1.7157094113042293,0.22160657849895182,-0.1546418126088257,1.00252707723822,0.3446280991735537,69,"{""2021"": -0.004932895926141545, ""2022"": 0.07455115948780722, ""2023"": -0.01293741116504854, ""2024"": 0.04189138635552703, ""2025"": 0.6270359909024279, ""2026"": 0.5417677899487088}"
refined,m612_70_30_month_start_3_top2_majority_below_ma110_liq10_trend0_equal,6月70%+12月30%｜月初第3日 Top2｜2/3指数低于MA110空仓｜流动性10%｜equal,m612_70_30,month_start_3,majority_below_ma110,liq10_trend0,equal,1.0,2021-07-10,1.7633016493532931,0.22586614941209793,-0.18119900319440108,1.0106469020305806,0.3446280991735537,62,"{""2021"": 0.04808011877986451, ""2022"": 0.07455115948780722, ""2023"": -0.08472691311042191, ""2024"": 0.03772300924531824, ""2025"": 0.6227160564717336, ""2026"": 0.616984433148849}"
refined,m612_70_30_month_start_3_top2_majority_below_ma110_liq10_trend5_equal,6月70%+12月30%｜月初第3日 Top2｜2/3指数低于MA110空仓｜流动性10%+趋势质量5%｜equal,m612_70_30,month_start_3,majority_below_ma110,liq10_trend5,equal,1.0,2021-07-10,1.7633016493532931,0.22586614941209793,-0.18119900319440108,1.0106469020305806,0.3446280991735537,62,"{""2021"": 0.04808011877986451, ""2022"": 0.07455115948780722, ""2023"": -0.08472691311042191, ""2024"": 0.03772300924531824, ""2025"": 0.6227160564717336, ""2026"": 0.616984433148849}"
refined,m612_70_30_month_start_3_top2_majority_below_ma110_liq10_trend10_equal,6月70%+12月30%｜月初第3日 Top2｜2/3指数低于MA110空仓｜流动性10%+趋势质量10%｜equal,m612_70_30,month_start_3,majority_below_ma110,liq10_trend10,equal,1.0,2021-07-10,1.7633016493532931,0.22586614941209793,-0.18119900319440108,1.0106469020305806,0.3446280991735537,62,"{""2021"": 0.04808011877986451, ""2022"": 0.07455115948780722, ""2023"": -0.08472691311042191, ""2024"": 0.03772300924531824, ""2025"": 0.6227160564717336, ""2026"": 0.616984433148849}"
refined,m612_70_30_month_start_3_top2_majority_below_ma110_liq15_trend0_equal,6月70%+12月30%｜月初第3日 Top2｜2/3指数低于MA110空仓｜流动性15%｜equal,m612_70_30,month_start_3,majority_below_ma110,liq15_trend0,equal,1.0,2021-07-10,1.9920117650822808,0.24555344293767156,-0.1687513093353683,1.0708125438580212,0.3446280991735537,60,"{""2021"": 0.04808011877986451, ""2022"": 0.07455115948780722, ""2023"": -0.012937411165047985, ""2024"": 0.041891386355526805, ""2025"": 0.6227160564717333, ""2026"": 0.616984433148849}"
refined,m612_70_30_month_start_3_top2_majority_below_ma110_liq15_trend5_equal,6月70%+12月30%｜月初第3日 Top2｜2/3指数低于MA110空仓｜流动性15%+趋势质量5%｜equal,m612_70_30,month_start_3,majority_below_ma110,liq15_trend5,equal,1.0,2021-07-10,1.9920117650822808,0.24555344293767156,-0.1687513093353683,1.0708125438580212,0.3446280991735537,60,"{""2021"": 0.04808011877986451, ""2022"": 0.07455115948780722, ""2023"": -0.012937411165047985, ""2024"": 0.041891386355526805, ""2025"": 0.6227160564717333, ""2026"": 0.616984433148849}"
refined,m612_70_30_month_start_3_top2_majority_below_ma110_liq15_trend10_equal,6月70%+12月30%｜月初第3日 Top2｜2/3指数低于MA110空仓｜流动性15%+趋势质量10%｜equal,m612_70_30,month_start_3,majority_below_ma110,liq15_trend10,equal,1.0,2021-07-10,2.0205461049162623,0.24792438398768302,-0.16875130933536808,1.0804784647637562,0.3445821562180086,64,"{""2021"": 0.05720795513600829, ""2022"": 0.074551159487807, ""2023"": -0.012937411165048318, ""2024"": 0.04189138635552703, ""2025"": 0.622716056471734, ""2026"": 0.618311318369152}"
refined,m612_70_30_month_start_3_top2_majority_below_ma110_liq20_trend0_equal,6月70%+12月30%｜月初第3日 Top2｜2/3指数低于MA110空仓｜流动性20%｜equal,m612_70_30,month_start_3,majority_below_ma110,liq20_trend0,equal,1.0,2021-07-10,2.007366407573176,0.24683150827627198,-0.16875131625752393,1.0880041263670692,0.3445839524968781,62,"{""2021"": 0.05720795513600829, ""2022"": 0.074551159487807, ""2023"": -0.012937411165048318, ""2024"": 0.04189138635552703, ""2025"": 0.6169613580731887, ""2026"": 0.6169844331488488}"
refined,m612_70_30_month_start_3_top2_majority_below_ma110_liq20_trend5_equal,6月70%+12月30%｜月初第3日 Top2｜2/3指数低于MA110空仓｜流动性20%+趋势质量5%｜equal,m612_70_30,month_start_3,majority_below_ma110,liq20_trend5,equal,1.0,2021-07-10,2.007366407573176,0.24683150827627198,-0.16875131625752393,1.0880041263670692,0.3445839524968781,62,"{""2021"": 0.05720795513600829, ""2022"": 0.074551159487807, ""2023"": -0.012937411165048318, ""2024"": 0.04189138635552703, ""2025"": 0.6169613580731887, ""2026"": 0.6169844331488488}"
refined,m612_70_30_month_start_3_top2_majority_below_ma110_liq20_trend10_equal,6月70%+12月30%｜月初第3日 Top2｜2/3指数低于MA110空仓｜流动性20%+趋势质量10%｜equal,m612_70_30,month_start_3,majority_below_ma110,liq20_trend10,equal,1.0,2021-07-10,1.7552886206497225,0.22515310083322015,-0.15464180556917417,1.0053083269011132,0.34444072556978184,66,"{""2021"": -0.03203833314615978, ""2022"": 0.074551159487807, ""2023"": -0.012937411165048207, ""2024"": 0.041891386355526805, ""2025"": 0.6171437353956093, ""2026"": 0.6178770597685443}"
refined,m612_70_30_month_start_3_top2_majority_below_ma110_liq25_trend0_equal,6月70%+12月30%｜月初第3日 Top2｜2/3指数低于MA110空仓｜流动性25%｜equal,m612_70_30,month_start_3,majority_below_ma110,liq25_trend0,equal,1.0,2021-07-10,1.6817805512267974,0.2185333051099081,-0.15462840231013275,0.9938081996235819,0.3444425233320669,67,"{""2021"": -0.03203833314615978, ""2022"": 0.074551159487807, ""2023"": -0.012937411165048207, ""2024"": 0.041891386355526805, ""2025"": 0.6112614035736319, ""2026"": 0.5804627850837936}"
refined,m612_70_30_month_start_3_top2_majority_below_ma110_liq25_trend5_equal,6月70%+12月30%｜月初第3日 Top2｜2/3指数低于MA110空仓｜流动性25%+趋势质量5%｜equal,m612_70_30,month_start_3,majority_below_ma110,liq25_trend5,equal,1.0,2021-07-10,1.7455174379775924,0.22428135352309564,-0.1546418126088257,1.0127137908969879,0.34444072556978184,66,"{""2021"": -0.03203833314615978, ""2022"": 0.074551159487807, ""2023"": -0.012937411165048207, ""2024"": 0.041891386355526805, ""2025"": 0.6114087983268699, ""2026"": 0.6178770597685441}"
refined,m612_70_30_month_start_3_top2_majority_below_ma110_liq25_trend10_equal,6月70%+12月30%｜月初第3日 Top2｜2/3指数低于MA110空仓｜流动性25%+趋势质量10%｜equal,m612_70_30,month_start_3,majority_below_ma110,liq25_trend10,equal,1.0,2021-07-10,1.7455174379775924,0.22428135352309564,-0.1546418126088257,1.0127137908969879,0.34444072556978184,66,"{""2021"": -0.03203833314615978, ""2022"": 0.074551159487807, ""2023"": -0.012937411165048207, ""2024"": 0.041891386355526805, ""2025"": 0.6114087983268699, ""2026"": 0.6178770597685441}"
refined,m612_70_30_month_start_3_top2_majority_below_ma110_liq30_trend0_equal,6月70%+12月30%｜月初第3日 Top2｜2/3指数低于MA110空仓｜流动性30%｜equal,m612_70_30,month_start_3,majority_below_ma110,liq30_trend0,equal,1.0,2021-07-10,1.609222458390223,0.211855200121444,-0.15462840231013275,0.9669709653826322,0.3444425233320669,69,"{""2021"": -0.03203833314615978, ""2022"": 0.074551159487807, ""2023"": -0.012937411165048207, ""2024"": 0.041891386355526805, ""2025"": 0.5691831094166246, ""2026"": 0.5650517390642207}"
refined,m612_70_30_month_start_3_top2_majority_below_ma110_liq30_trend5_equal,6月70%+12月30%｜月初第3日 Top2｜2/3指数低于MA110空仓｜流动性30%+趋势质量5%｜equal,m612_70_30,month_start_3,majority_below_ma110,liq30_trend5,equal,1.0,2021-07-10,1.6142355117546185,0.2123213355904563,-0.15462840231013275,0.9687072903100205,0.3444425233320669,69,"{""2021"": -0.03203833314615978, ""2022"": 0.074551159487807, ""2023"": -0.012937411165048207, ""2024"": 0.041891386355526805, ""2025"": 0.5691831094166246, ""2026"": 0.5680586455319849}"
refined,m612_70_30_month_start_3_top2_majority_below_ma110_liq30_trend10_equal,6月70%+12月30%｜月初第3日 Top2｜2/3指数低于MA110空仓｜流动性30%+趋势质量10%｜equal,m612_70_30,month_start_3,majority_below_ma110,liq30_trend10,equal,1.0,2021-07-10,1.6870931765724855,0.21901656772797584,-0.1546418126088257,0.9955863231683726,0.3444425233320669,67,"{""2021"": -0.03203833314615978, ""2022"": 0.074551159487807, ""2023"": -0.012937411165048207, ""2024"": 0.041891386355526805, ""2025"": 0.6114087983268699, ""2026"": 0.5834488419930011}"
refined,m1612_20_40_40_month_start_4_top2_majority_below_ma110_liq10_trend0_equal,1月20%+6月40%+12月40%｜月初第4日 Top2｜2/3指数低于MA110空仓｜流动性10%｜equal,m1612_20_40_40,month_start_4,majority_below_ma110,liq10_trend0,equal,1.0,2021-07-10,1.65238367947449,0.21584529663854557,-0.20184442062757346,0.9861361887825862,0.33636363636363636,61,"{""2021"": 0.04808011877986451, ""2022"": 0.09620694616964487, ""2023"": -0.08086840877814172, ""2024"": 0.1485197556949629, ""2025"": 0.4636744492397553, ""2026"": 0.5177047640799215}"
refined,m1612_20_40_40_month_start_4_top2_majority_below_ma110_liq10_trend5_equal,1月20%+6月40%+12月40%｜月初第4日 Top2｜2/3指数低于MA110空仓｜流动性10%+趋势质量5%｜equal,m1612_20_40_40,month_start_4,majority_below_ma110,liq10_trend5,equal,1.0,2021-07-10,1.65238367947449,0.21584529663854557,-0.20184442062757346,0.9861361887825862,0.33636363636363636,61,"{""2021"": 0.04808011877986451, ""2022"": 0.09620694616964487, ""2023"": -0.08086840877814172, ""2024"": 0.1485197556949629, ""2025"": 0.4636744492397553, ""2026"": 0.5177047640799215}"
refined,m1612_20_40_40_month_start_4_top2_majority_below_ma110_liq10_trend10_equal,1月20%+6月40%+12月40%｜月初第4日 Top2｜2/3指数低于MA110空仓｜流动性10%+趋势质量10%｜equal,m1612_20_40_40,month_start_4,majority_below_ma110,liq10_trend10,equal,1.0,2021-07-10,1.835387777017822,0.23220757378303247,-0.19614614400653896,1.0350725115336874,0.33636363636363636,61,"{""2021"": 0.04808011877986451, ""2022"": 0.09620694616964487, ""2023"": -0.0036220582661139478, ""2024"": 0.14851975569496334, ""2025"": 0.44503471193476574, ""2026"": 0.5160189362928993}"
refined,m1612_20_40_40_month_start_4_top2_majority_below_ma110_liq15_trend0_equal,1月20%+6月40%+12月40%｜月初第4日 Top2｜2/3指数低于MA110空仓｜流动性15%｜equal,m1612_20_40_40,month_start_4,majority_below_ma110,liq15_trend0,equal,1.0,2021-07-10,1.87529730942023,0.23566315557679607,-0.20184442062757357,1.0480729291160606,0.33636363636363636,61,"{""2021"": 0.04808011877986451, ""2022"": 0.09620694616964487, ""2023"": -0.0036220582661139478, ""2024"": 0.14851975569496334, ""2025"": 0.4636744492397553, ""2026"": 0.5177047640799213}"
refined,m1612_20_40_40_month_start_4_top2_majority_below_ma110_liq15_trend5_equal,1月20%+6月40%+12月40%｜月初第4日 Top2｜2/3指数低于MA110空仓｜流动性15%+趋势质量5%｜equal,m1612_20_40_40,month_start_4,majority_below_ma110,liq15_trend5,equal,1.0,2021-07-10,1.87529730942023,0.23566315557679607,-0.20184442062757357,1.0480729291160606,0.33636363636363636,61,"{""2021"": 0.04808011877986451, ""2022"": 0.09620694616964487, ""2023"": -0.0036220582661139478, ""2024"": 0.14851975569496334, ""2025"": 0.4636744492397553, ""2026"": 0.5177047640799213}"
refined,m1612_20_40_40_month_start_4_top2_majority_below_ma110_liq15_trend10_equal,1月20%+6月40%+12月40%｜月初第4日 Top2｜2/3指数低于MA110空仓｜流动性15%+趋势质量10%｜equal,m1612_20_40_40,month_start_4,majority_below_ma110,liq15_trend10,equal,1.0,2021-07-10,1.586943594571442,0.20977490986082614,-0.19614614400653907,0.960559594084792,0.33636363636363636,65,"{""2021"": -0.043755435552120914, ""2022"": 0.09620694616964487, ""2023"": -0.00362205826611417, ""2024"": 0.14851975569496312, ""2025"": 0.4450347119347664, ""2026"": 0.5160189362928995}"
refined,m1612_20_40_40_month_start_4_top2_majority_below_ma110_liq20_trend0_equal,1月20%+6月40%+12月40%｜月初第4日 Top2｜2/3指数低于MA110空仓｜流动性20%｜equal,m1612_20_40_40,month_start_4,majority_below_ma110,liq20_trend0,equal,1.0,2021-07-10,1.8883350079078784,0.23678371760271433,-0.18585288194855842,1.068034339880201,0.33636363636363636,65,"{""2021"": 0.049781609332931964, ""2022"": 0.09620694616964509, ""2023"": -0.0036220582661139478, ""2024"": 0.14851975569496312, ""2025"": 0.4930000684215541, ""2026"": 0.4922180539239456}"
refined,m1612_20_40_40_month_start_4_top2_majority_below_ma110_liq20_trend5_equal,1月20%+6月40%+12月40%｜月初第4日 Top2｜2/3指数低于MA110空仓｜流动性20%+趋势质量5%｜equal,m1612_20_40_40,month_start_4,majority_below_ma110,liq20_trend5,equal,1.0,2021-07-10,1.5428897579063716,0.2056188458897299,-0.19614614400653907,0.9471979130964727,0.33636363636363636,67,"{""2021"": -0.043755435552120914, ""2022"": 0.09620694616964487, ""2023"": -0.00362205826611417, ""2024"": 0.14851975569496312, ""2025"": 0.4450347119347664, ""2026"": 0.49020219612865734}"
refined,m1612_20_40_40_month_start_4_top2_majority_below_ma110_liq20_trend10_equal,1月20%+6月40%+12月40%｜月初第4日 Top2｜2/3指数低于MA110空仓｜流动性20%+趋势质量10%｜equal,m1612_20_40_40,month_start_4,majority_below_ma110,liq20_trend10,equal,1.0,2021-07-10,1.5428897579063716,0.2056188458897299,-0.19614614400653907,0.9471979130964727,0.33636363636363636,67,"{""2021"": -0.043755435552120914, ""2022"": 0.09620694616964487, ""2023"": -0.00362205826611417, ""2024"": 0.14851975569496312, ""2025"": 0.4450347119347664, ""2026"": 0.49020219612865734}"
refined,m1612_20_40_40_month_start_4_top2_majority_below_ma110_liq25_trend0_equal,1月20%+6月40%+12月40%｜月初第4日 Top2｜2/3指数低于MA110空仓｜流动性25%｜equal,m1612_20_40_40,month_start_4,majority_below_ma110,liq25_trend0,equal,1.0,2021-07-10,1.4476409534603913,0.19643236357772054,-0.18004043684540827,0.9250620497863813,0.33636363636363636,71,"{""2021"": -0.043755435552120914, ""2022"": 0.09620694616964487, ""2023"": -0.00362205826611417, ""2024"": 0.14851975569496312, ""2025"": 0.35671303249397623, ""2026"": 0.5083137487643181}"
refined,m1612_20_40_40_month_start_4_top2_majority_below_ma110_liq25_trend5_equal,1月20%+6月40%+12月40%｜月初第4日 Top2｜2/3指数低于MA110空仓｜流动性25%+趋势质量5%｜equal,m1612_20_40_40,month_start_4,majority_below_ma110,liq25_trend5,equal,1.0,2021-07-10,1.5938381205702097,0.21042021229401642,-0.18004043684540827,0.9758062080404092,0.33636363636363636,67,"{""2021"": -0.043755435552120914, ""2022"": 0.09620694616964487, ""2023"": -0.00362205826611417, ""2024"": 0.14851975569496312, ""2025"": 0.47398687249799143, ""2026"": 0.4902021961286578}"
refined,m1612_20_40_40_month_start_4_top2_majority_below_ma110_liq25_trend10_equal,1月20%+6月40%+12月40%｜月初第4日 Top2｜2/3指数低于MA110空仓｜流动性25%+趋势质量10%｜equal,m1612_20_40_40,month_start_4,majority_below_ma110,liq25_trend10,equal,1.0,2021-07-10,1.6955017507660064,0.21977989383120766,-0.18004043684540805,1.0118246085095328,0.33636363636363636,63,"{""2021"": -0.006276113690894314, ""2022"": 0.09620694616964465, ""2023"": -0.003622058266114059, ""2024"": 0.14851975569496334, ""2025"": 0.47398687249799143, ""2026"": 0.49020219612865756}"
refined,m1612_20_40_40_month_start_4_top2_majority_below_ma110_liq30_trend0_equal,1月20%+6月40%+12月40%｜月初第4日 Top2｜2/3指数低于MA110空仓｜流动性30%｜equal,m1612_20_40_40,month_start_4,majority_below_ma110,liq30_trend0,equal,1.0,2021-07-10,1.5435744902417787,0.205683882835362,-0.18004043684540805,0.9610787559894417,0.33636363636363636,67,"{""2021"": -0.006276113690894314, ""2022"": 0.09620694616964465, ""2023"": -0.003622058266114059, ""2024"": 0.14851975569496334, ""2025"": 0.356713032493976, ""2026"": 0.5083137487643181}"
refined,m1612_20_40_40_month_start_4_top2_majority_below_ma110_liq30_trend5_equal,1月20%+6月40%+12月40%｜月初第4日 Top2｜2/3指数低于MA110空仓｜流动性30%+趋势质量5%｜equal,m1612_20_40_40,month_start_4,majority_below_ma110,liq30_trend5,equal,1.0,2021-07-10,1.5435744902417787,0.205683882835362,-0.18004043684540805,0.9610787559894417,0.33636363636363636,67,"{""2021"": -0.006276113690894314, ""2022"": 0.09620694616964465, ""2023"": -0.003622058266114059, ""2024"": 0.14851975569496334, ""2025"": 0.356713032493976, ""2026"": 0.5083137487643181}"
refined,m1612_20_40_40_month_start_4_top2_majority_below_ma110_liq30_trend10_equal,1月20%+6月40%+12月40%｜月初第4日 Top2｜2/3指数低于MA110空仓｜流动性30%+趋势质量10%｜equal,m1612_20_40_40,month_start_4,majority_below_ma110,liq30_trend10,equal,1.0,2021-07-10,1.5466962742273398,0.2059802174547325,-0.18004043684540805,0.9824478578869743,0.33630625550683874,68,"{""2021"": -0.006276113690894314, ""2022"": 0.09620694616964465, ""2023"": -0.003622058266114059, ""2024"": 0.07461466077970025, ""2025"": 0.488397235620438, ""2026"": 0.4902021961286578}"
refined,m612_40_60_month_start_5_top2_majority_below_ma120_liq10_trend0_equal,6月40%+12月60%｜月初第5日 Top2｜2/3指数低于MA120空仓｜流动性10%｜equal,m612_40_60,month_start_5,majority_below_ma120,liq10_trend0,equal,1.0,2021-07-10,1.592763849823549,0.21031975475575582,-0.1625049710764448,0.9927452319831648,0.3347107438016529,70,"{""2021"": 0.0894405971356671, ""2022"": 0.11491889644916009, ""2023"": -0.029848722806804506, ""2024"": 0.055960522363291076, ""2025"": 0.4438897916113478, ""2026"": 0.4656832061675378}"
refined,m612_40_60_month_start_5_top2_majority_below_ma120_liq10_trend5_equal,6月40%+12月60%｜月初第5日 Top2｜2/3指数低于MA120空仓｜流动性10%+趋势质量5%｜equal,m612_40_60,month_start_5,majority_below_ma120,liq10_trend5,equal,1.0,2021-07-10,1.6940145058531084,0.21964502123186436,-0.16250497107644468,1.0253468930795877,0.3347107438016529,67,"{""2021"": 0.0894405971356671, ""2022"": 0.11491889644916009, ""2023"": -0.029848722806804506, ""2024"": 0.09738522740300071, ""2025"": 0.44362894874501313, ""2026"": 0.4656832061675378}"
refined,m612_40_60_month_start_5_top2_majority_below_ma120_liq10_trend10_equal,6月40%+12月60%｜月初第5日 Top2｜2/3指数低于MA120空仓｜流动性10%+趋势质量10%｜equal,m612_40_60,month_start_5,majority_below_ma120,liq10_trend10,equal,1.0,2021-07-10,1.9051808506987942,0.2382256075490432,-0.16250497107644468,1.0839202334362843,0.3347107438016529,67,"{""2021"": 0.0894405971356671, ""2022"": 0.11491889644916009, ""2023"": 0.04619515101316485, ""2024"": 0.09738522740300093, ""2025"": 0.44362894874501313, ""2026"": 0.46568320616753733}"
refined,m612_40_60_month_start_5_top2_majority_below_ma120_liq15_trend0_equal,6月40%+12月60%｜月初第5日 Top2｜2/3指数低于MA120空仓｜流动性15%｜equal,m612_40_60,month_start_5,majority_below_ma120,liq15_trend0,equal,1.0,2021-07-10,1.7937986446850207,0.22856492889998825,-0.16216987160393004,1.0589341849107627,0.3347107438016529,70,"{""2021"": 0.0894405971356671, ""2022"": 0.11491889644916009, ""2023"": 0.04619515101316485, ""2024"": 0.0559605223632913, ""2025"": 0.4427561770894122, ""2026"": 0.46568320616753733}"
refined,m612_40_60_month_start_5_top2_majority_below_ma120_liq15_trend5_equal,6月40%+12月60%｜月初第5日 Top2｜2/3指数低于MA120空仓｜流动性15%+趋势质量5%｜equal,m612_40_60,month_start_5,majority_below_ma120,liq15_trend5,equal,1.0,2021-07-10,1.7937986446850207,0.22856492889998825,-0.16216987160393004,1.0589341849107627,0.3347107438016529,70,"{""2021"": 0.0894405971356671, ""2022"": 0.11491889644916009, ""2023"": 0.04619515101316485, ""2024"": 0.0559605223632913, ""2025"": 0.4427561770894122, ""2026"": 0.46568320616753733}"
refined,m612_40_60_month_start_5_top2_majority_below_ma120_liq15_trend10_equal,6月40%+12月60%｜月初第5日 Top2｜2/3指数低于MA120空仓｜流动性15%+趋势质量10%｜equal,m612_40_60,month_start_5,majority_below_ma120,liq15_trend10,equal,1.0,2021-07-10,1.4537701917246562,0.197032038815655,-0.1625049710764448,0.9382793770642079,0.33466383673837524,72,"{""2021"": -0.043904585283145336, ""2022"": 0.11491889644916031, ""2023"": 0.04619515101316485, ""2024"": 0.0559605223632913, ""2025"": 0.4438897916113478, ""2026"": 0.46568320616753756}"
refined,m612_40_60_month_start_5_top2_majority_below_ma120_liq20_trend0_equal,6月40%+12月60%｜月初第5日 Top2｜2/3指数低于MA120空仓｜流动性20%｜equal,m612_40_60,month_start_5,majority_below_ma120,liq20_trend0,equal,1.0,2021-07-10,1.5543486349479179,0.2067053892240016,-0.16216987160393015,0.9804661445039875,0.33459973217060823,71,"{""2021"": 0.07505945842080486, ""2022"": 0.11491889644916053, ""2023"": 0.04619515101316485, ""2024"": 0.0559605223632913, ""2025"": 0.3049654477594166, ""2026"": 0.48162312492811465}"
refined,m612_40_60_month_start_5_top2_majority_below_ma120_liq20_trend5_equal,6月40%+12月60%｜月初第5日 Top2｜2/3指数低于MA120空仓｜流动性20%+趋势质量5%｜equal,m612_40_60,month_start_5,majority_below_ma120,liq20_trend5,equal,1.0,2021-07-10,1.4518437084577256,0.19684368385821505,-0.16216987160393004,0.9443952423021108,0.33466383673837524,72,"{""2021"": -0.043904585283145336, ""2022"": 0.11491889644916031, ""2023"": 0.04619515101316485, ""2024"": 0.0559605223632913, ""2025"": 0.4427561770894124, ""2026"": 0.46568320616753756}"
refined,m612_40_60_month_start_5_top2_majority_below_ma120_liq20_trend10_equal,6月40%+12月60%｜月初第5日 Top2｜2/3指数低于MA120空仓｜流动性20%+趋势质量10%｜equal,m612_40_60,month_start_5,majority_below_ma120,liq20_trend10,equal,1.0,2021-07-10,1.4844718618464166,0.20001794146369645,-0.16216987160393015,0.9532694152559424,0.33466383673837524,74,"{""2021"": -0.043904585283145336, ""2022"": 0.11491889644916031, ""2023"": 0.04619515101316485, ""2024"": 0.0559605223632913, ""2025"": 0.46195579804655984, ""2026"": 0.4656832061675378}"
refined,m612_40_60_month_start_5_top2_majority_below_ma120_liq25_trend0_equal,6月40%+12月60%｜月初第5日 Top2｜2/3指数低于MA120空仓｜流动性25%｜equal,m612_40_60,month_start_5,majority_below_ma120,liq25_trend0,equal,1.0,2021-07-10,1.130507897087766,0.16362689886578652,-0.20803923811597858,0.8271568426166587,0.3345122864282362,69,"{""2021"": -0.043904585283145336, ""2022"": 0.11491889644916031, ""2023"": 0.04619515101316485, ""2024"": 0.0559605223632913, ""2025"": 0.2261137581157462, ""2026"": 0.47996083335616735}"
refined,m612_40_60_month_start_5_top2_majority_below_ma120_liq25_trend5_equal,6月40%+12月60%｜月初第5日 Top2｜2/3指数低于MA120空仓｜流动性25%+趋势质量5%｜equal,m612_40_60,month_start_5,majority_below_ma120,liq25_trend5,equal,1.0,2021-07-10,1.2716892524711154,0.1786825193661048,-0.16216987160393004,0.8763309670305361,0.33466383673837524,73,"{""2021"": -0.043904585283145336, ""2022"": 0.11491889644916031, ""2023"": 0.04619515101316485, ""2024"": 0.0559605223632913, ""2025"": 0.3049654477594166, ""2026"": 0.4816231249281142}"
refined,m612_40_60_month_start_5_top2_majority_below_ma120_liq25_trend10_equal,6月40%+12月60%｜月初第5日 Top2｜2/3指数低于MA120空仓｜流动性25%+趋势质量10%｜equal,m612_40_60,month_start_5,majority_below_ma120,liq25_trend10,equal,1.0,2021-07-10,1.4844718618464166,0.20001794146369645,-0.16216987160393015,0.9532694152559424,0.33466383673837524,74,"{""2021"": -0.043904585283145336, ""2022"": 0.11491889644916031, ""2023"": 0.04619515101316485, ""2024"": 0.0559605223632913, ""2025"": 0.46195579804655984, ""2026"": 0.4656832061675378}"
refined,m612_40_60_month_start_5_top2_majority_below_ma120_liq30_trend0_equal,6月40%+12月60%｜月初第5日 Top2｜2/3指数低于MA120空仓｜流动性30%｜equal,m612_40_60,month_start_5,majority_below_ma120,liq30_trend0,equal,1.0,2021-07-10,1.0765659673421717,0.15766338550347148,-0.20803923811597858,0.8038038492699001,0.3345122864282362,71,"{""2021"": -0.043904585283145336, ""2022"": 0.11491889644916031, ""2023"": 0.04619515101316485, ""2024"": 0.0559605223632913, ""2025"": 0.2261137581157462, ""2026"": 0.4424899826692239}"
refined,m612_40_60_month_start_5_top2_majority_below_ma120_liq30_trend5_equal,6月40%+12月60%｜月初第5日 Top2｜2/3指数低于MA120空仓｜流动性30%+趋势质量5%｜equal,m612_40_60,month_start_5,majority_below_ma120,liq30_trend5,equal,1.0,2021-07-10,1.0765659673421717,0.15766338550347148,-0.20803923811597858,0.8038038492699001,0.3345122864282362,71,"{""2021"": -0.043904585283145336, ""2022"": 0.11491889644916031, ""2023"": 0.04619515101316485, ""2024"": 0.0559605223632913, ""2025"": 0.2261137581157462, ""2026"": 0.4424899826692239}"
refined,m612_40_60_month_start_5_top2_majority_below_ma120_liq30_trend10_equal,6月40%+12月60%｜月初第5日 Top2｜2/3指数低于MA120空仓｜流动性30%+趋势质量10%｜equal,m612_40_60,month_start_5,majority_below_ma120,liq30_trend10,equal,1.0,2021-07-10,1.237104068881285,0.17506507901128354,-0.16216987160393015,0.8599185088590245,0.33466383673837524,77,"{""2021"": -0.043904585283145336, ""2022"": 0.11491889644916031, ""2023"": 0.04619515101316485, ""2024"": 0.0559605223632913, ""2025"": 0.322331404916294, ""2026"": 0.4399045781048112}"
refined,m612_50_50_month_start_5_top2_majority_below_ma120_liq10_trend0_equal,6月50%+12月50%｜月初第5日 Top2｜2/3指数低于MA120空仓｜流动性10%｜equal,m612_50_50,month_start_5,majority_below_ma120,liq10_trend0,equal,1.0,2021-07-10,1.592763849823549,0.21031975475575582,-0.1625049710764448,0.9927452319831648,0.3347107438016529,70,"{""2021"": 0.0894405971356671, ""2022"": 0.11491889644916009, ""2023"": -0.029848722806804506, ""2024"": 0.055960522363291076, ""2025"": 0.4438897916113478, ""2026"": 0.4656832061675378}"
refined,m612_50_50_month_start_5_top2_majority_below_ma120_liq10_trend5_equal,6月50%+12月50%｜月初第5日 Top2｜2/3指数低于MA120空仓｜流动性10%+趋势质量5%｜equal,m612_50_50,month_start_5,majority_below_ma120,liq10_trend5,equal,1.0,2021-07-10,1.6940145058531084,0.21964502123186436,-0.16250497107644468,1.0253468930795877,0.3347107438016529,67,"{""2021"": 0.0894405971356671, ""2022"": 0.11491889644916009, ""2023"": -0.029848722806804506, ""2024"": 0.09738522740300071, ""2025"": 0.44362894874501313, ""2026"": 0.4656832061675378}"
refined,m612_50_50_month_start_5_top2_majority_below_ma120_liq10_trend10_equal,6月50%+12月50%｜月初第5日 Top2｜2/3指数低于MA120空仓｜流动性10%+趋势质量10%｜equal,m612_50_50,month_start_5,majority_below_ma120,liq10_trend10,equal,1.0,2021-07-10,1.9051808506987942,0.2382256075490432,-0.16250497107644468,1.0839202334362843,0.3347107438016529,67,"{""2021"": 0.0894405971356671, ""2022"": 0.11491889644916009, ""2023"": 0.04619515101316485, ""2024"": 0.09738522740300093, ""2025"": 0.44362894874501313, ""2026"": 0.46568320616753733}"
refined,m612_50_50_month_start_5_top2_majority_below_ma120_liq15_trend0_equal,6月50%+12月50%｜月初第5日 Top2｜2/3指数低于MA120空仓｜流动性15%｜equal,m612_50_50,month_start_5,majority_below_ma120,liq15_trend0,equal,1.0,2021-07-10,1.7937986446850207,0.22856492889998825,-0.16216987160393004,1.0589341849107627,0.3347107438016529,70,"{""2021"": 0.0894405971356671, ""2022"": 0.11491889644916009, ""2023"": 0.04619515101316485, ""2024"": 0.0559605223632913, ""2025"": 0.4427561770894122, ""2026"": 0.46568320616753733}"
refined,m612_50_50_month_start_5_top2_majority_below_ma120_liq15_trend5_equal,6月50%+12月50%｜月初第5日 Top2｜2/3指数低于MA120空仓｜流动性15%+趋势质量5%｜equal,m612_50_50,month_start_5,majority_below_ma120,liq15_trend5,equal,1.0,2021-07-10,1.7937986446850207,0.22856492889998825,-0.16216987160393004,1.0589341849107627,0.3347107438016529,70,"{""2021"": 0.0894405971356671, ""2022"": 0.11491889644916009, ""2023"": 0.04619515101316485, ""2024"": 0.0559605223632913, ""2025"": 0.4427561770894122, ""2026"": 0.46568320616753733}"
refined,m612_50_50_month_start_5_top2_majority_below_ma120_liq15_trend10_equal,6月50%+12月50%｜月初第5日 Top2｜2/3指数低于MA120空仓｜流动性15%+趋势质量10%｜equal,m612_50_50,month_start_5,majority_below_ma120,liq15_trend10,equal,1.0,2021-07-10,1.4537701917246562,0.197032038815655,-0.1625049710764448,0.9382793770642079,0.33466383673837524,72,"{""2021"": -0.043904585283145336, ""2022"": 0.11491889644916031, ""2023"": 0.04619515101316485, ""2024"": 0.0559605223632913, ""2025"": 0.4438897916113478, ""2026"": 0.46568320616753756}"
refined,m612_50_50_month_start_5_top2_majority_below_ma120_liq20_trend0_equal,6月50%+12月50%｜月初第5日 Top2｜2/3指数低于MA120空仓｜流动性20%｜equal,m612_50_50,month_start_5,majority_below_ma120,liq20_trend0,equal,1.0,2021-07-10,1.7569191618052353,0.22529833067103255,-0.16216987160393015,1.0476815249312743,0.33459973217060823,70,"{""2021"": 0.07505945842080486, ""2022"": 0.11491889644916053, ""2023"": 0.04619515101316485, ""2024"": 0.0559605223632913, ""2025"": 0.4427561770894124, ""2026"": 0.46568320616753733}"
refined,m612_50_50_month_start_5_top2_majority_below_ma120_liq20_trend5_equal,6月50%+12月50%｜月初第5日 Top2｜2/3指数低于MA120空仓｜流动性20%+趋势质量5%｜equal,m612_50_50,month_start_5,majority_below_ma120,liq20_trend5,equal,1.0,2021-07-10,1.4518437084577256,0.19684368385821505,-0.16216987160393004,0.9443952423021108,0.33466383673837524,72,"{""2021"": -0.043904585283145336, ""2022"": 0.11491889644916031, ""2023"": 0.04619515101316485, ""2024"": 0.0559605223632913, ""2025"": 0.4427561770894124, ""2026"": 0.46568320616753756}"
refined,m612_50_50_month_start_5_top2_majority_below_ma120_liq20_trend10_equal,6月50%+12月50%｜月初第5日 Top2｜2/3指数低于MA120空仓｜流动性20%+趋势质量10%｜equal,m612_50_50,month_start_5,majority_below_ma120,liq20_trend10,equal,1.0,2021-07-10,1.4518437084577256,0.19684368385821505,-0.16216987160393004,0.9443952423021108,0.33466383673837524,72,"{""2021"": -0.043904585283145336, ""2022"": 0.11491889644916031, ""2023"": 0.04619515101316485, ""2024"": 0.0559605223632913, ""2025"": 0.4427561770894124, ""2026"": 0.46568320616753756}"
refined,m612_50_50_month_start_5_top2_majority_below_ma120_liq25_trend0_equal,6月50%+12月50%｜月初第5日 Top2｜2/3指数低于MA120空仓｜流动性25%｜equal,m612_50_50,month_start_5,majority_below_ma120,liq25_trend0,equal,1.0,2021-07-10,1.2553673512890717,0.17698085693127852,-0.20339632890152737,0.8739684180326417,0.3345765473983328,71,"{""2021"": -0.043904585283145336, ""2022"": 0.11491889644916031, ""2023"": 0.04619515101316485, ""2024"": 0.0559605223632913, ""2025"": 0.3015294420210739, ""2026"": 0.4811447072595074}"
refined,m612_50_50_month_start_5_top2_majority_below_ma120_liq25_trend5_equal,6月50%+12月50%｜月初第5日 Top2｜2/3指数低于MA120空仓｜流动性25%+趋势质量5%｜equal,m612_50_50,month_start_5,majority_below_ma120,liq25_trend5,equal,1.0,2021-07-10,1.4518437084577256,0.19684368385821505,-0.16216987160393004,0.9443952423021108,0.33466383673837524,72,"{""2021"": -0.043904585283145336, ""2022"": 0.11491889644916031, ""2023"": 0.04619515101316485, ""2024"": 0.0559605223632913, ""2025"": 0.4427561770894124, ""2026"": 0.46568320616753756}"
refined,m612_50_50_month_start_5_top2_majority_below_ma120_liq25_trend10_equal,6月50%+12月50%｜月初第5日 Top2｜2/3指数低于MA120空仓｜流动性25%+趋势质量10%｜equal,m612_50_50,month_start_5,majority_below_ma120,liq25_trend10,equal,1.0,2021-07-10,1.4518437084577256,0.19684368385821505,-0.16216987160393004,0.9443952423021108,0.33466383673837524,72,"{""2021"": -0.043904585283145336, ""2022"": 0.11491889644916031, ""2023"": 0.04619515101316485, ""2024"": 0.0559605223632913, ""2025"": 0.4427561770894124, ""2026"": 0.46568320616753756}"
refined,m612_50_50_month_start_5_top2_majority_below_ma120_liq30_trend0_equal,6月50%+12月50%｜月初第5日 Top2｜2/3指数低于MA120空仓｜流动性30%｜equal,m612_50_50,month_start_5,majority_below_ma120,liq30_trend0,equal,1.0,2021-07-10,1.198859580956579,0.17101244751283384,-0.20339632890152737,0.8511299417253329,0.334610719384015,73,"{""2021"": -0.043904585283145336, ""2022"": 0.11491889644916031, ""2023"": 0.04619515101316485, ""2024"": 0.0559605223632913, ""2025"": 0.3015294420210739, ""2026"": 0.4440349278263831}"
refined,m612_50_50_month_start_5_top2_majority_below_ma120_liq30_trend5_equal,6月50%+12月50%｜月初第5日 Top2｜2/3指数低于MA120空仓｜流动性30%+趋势质量5%｜equal,m612_50_50,month_start_5,majority_below_ma120,liq30_trend5,equal,1.0,2021-07-10,1.198859580956579,0.17101244751283384,-0.20339632890152737,0.8511299417253329,0.334610719384015,73,"{""2021"": -0.043904585283145336, ""2022"": 0.11491889644916031, ""2023"": 0.04619515101316485, ""2024"": 0.0559605223632913, ""2025"": 0.3015294420210739, ""2026"": 0.4440349278263831}"
refined,m612_50_50_month_start_5_top2_majority_below_ma120_liq30_trend10_equal,6月50%+12月50%｜月初第5日 Top2｜2/3指数低于MA120空仓｜流动性30%+趋势质量10%｜equal,m612_50_50,month_start_5,majority_below_ma120,liq30_trend10,equal,1.0,2021-07-10,1.3551465683798187,0.18723374696720918,-0.16216987160393004,0.9061042240508729,0.334610719384015,74,"{""2021"": -0.043904585283145336, ""2022"": 0.11491889644916031, ""2023"": 0.04619515101316485, ""2024"": 0.0559605223632913, ""2025"": 0.3981050633382015, ""2026"": 0.4398336853051341}"
refined,m1612_10_40_50_month_start_5_top2_majority_below_ma120_liq10_trend0_equal,1月10%+6月40%+12月50%｜月初第5日 Top2｜2/3指数低于MA120空仓｜流动性10%｜equal,m1612_10_40_50,month_start_5,majority_below_ma120,liq10_trend0,equal,1.0,2021-07-10,1.592763849823549,0.21031975475575582,-0.1625049710764448,0.9927452319831648,0.3347107438016529,70,"{""2021"": 0.0894405971356671, ""2022"": 0.11491889644916009, ""2023"": -0.029848722806804506, ""2024"": 0.055960522363291076, ""2025"": 0.4438897916113478, ""2026"": 0.4656832061675378}"
refined,m1612_10_40_50_month_start_5_top2_majority_below_ma120_liq10_trend5_equal,1月10%+6月40%+12月50%｜月初第5日 Top2｜2/3指数低于MA120空仓｜流动性10%+趋势质量5%｜equal,m1612_10_40_50,month_start_5,majority_below_ma120,liq10_trend5,equal,1.0,2021-07-10,1.6940145058531084,0.21964502123186436,-0.16250497107644468,1.0253468930795877,0.3347107438016529,67,"{""2021"": 0.0894405971356671, ""2022"": 0.11491889644916009, ""2023"": -0.029848722806804506, ""2024"": 0.09738522740300071, ""2025"": 0.44362894874501313, ""2026"": 0.4656832061675378}"
refined,m1612_10_40_50_month_start_5_top2_majority_below_ma120_liq10_trend10_equal,1月10%+6月40%+12月50%｜月初第5日 Top2｜2/3指数低于MA120空仓｜流动性10%+趋势质量10%｜equal,m1612_10_40_50,month_start_5,majority_below_ma120,liq10_trend10,equal,1.0,2021-07-10,1.9051808506987942,0.2382256075490432,-0.16250497107644468,1.0839202334362843,0.3347107438016529,67,"{""2021"": 0.0894405971356671, ""2022"": 0.11491889644916009, ""2023"": 0.04619515101316485, ""2024"": 0.09738522740300093, ""2025"": 0.44362894874501313, ""2026"": 0.46568320616753733}"
refined,m1612_10_40_50_month_start_5_top2_majority_below_ma120_liq15_trend0_equal,1月10%+6月40%+12月50%｜月初第5日 Top2｜2/3指数低于MA120空仓｜流动性15%｜equal,m1612_10_40_50,month_start_5,majority_below_ma120,liq15_trend0,equal,1.0,2021-07-10,1.7937986446850207,0.22856492889998825,-0.16216987160393004,1.0589341849107627,0.3347107438016529,70,"{""2021"": 0.0894405971356671, ""2022"": 0.11491889644916009, ""2023"": 0.04619515101316485, ""2024"": 0.0559605223632913, ""2025"": 0.4427561770894122, ""2026"": 0.46568320616753733}"
refined,m1612_10_40_50_month_start_5_top2_majority_below_ma120_liq15_trend5_equal,1月10%+6月40%+12月50%｜月初第5日 Top2｜2/3指数低于MA120空仓｜流动性15%+趋势质量5%｜equal,m1612_10_40_50,month_start_5,majority_below_ma120,liq15_trend5,equal,1.0,2021-07-10,1.7937986446850207,0.22856492889998825,-0.16216987160393004,1.0589341849107627,0.3347107438016529,70,"{""2021"": 0.0894405971356671, ""2022"": 0.11491889644916009, ""2023"": 0.04619515101316485, ""2024"": 0.0559605223632913, ""2025"": 0.4427561770894122, ""2026"": 0.46568320616753733}"
refined,m1612_10_40_50_month_start_5_top2_majority_below_ma120_liq15_trend10_equal,1月10%+6月40%+12月50%｜月初第5日 Top2｜2/3指数低于MA120空仓｜流动性15%+趋势质量10%｜equal,m1612_10_40_50,month_start_5,majority_below_ma120,liq15_trend10,equal,1.0,2021-07-10,1.3826821935927107,0.19000193809402433,-0.1625049710764448,0.9121930056727493,0.33466383673837524,73,"{""2021"": -0.043904585283145336, ""2022"": 0.11491889644916031, ""2023"": 0.04619515101316485, ""2024"": 0.0559605223632913, ""2025"": 0.4438897916113478, ""2026"": 0.42322100437967225}"
refined,m1612_10_40_50_month_start_5_top2_majority_below_ma120_liq20_trend0_equal,1月10%+6月40%+12月50%｜月初第5日 Top2｜2/3指数低于MA120空仓｜流动性20%｜equal,m1612_10_40_50,month_start_5,majority_below_ma120,liq20_trend0,equal,1.0,2021-07-10,1.482425005154893,0.19981979434922348,-0.16216987160393015,0.9550193571119602,0.33459973217060823,73,"{""2021"": 0.07505945842080486, ""2022"": 0.11491889644916053, ""2023"": 0.04619515101316485, ""2024"": 0.0559605223632913, ""2025"": 0.3049654477594166, ""2026"": 0.43990457810481187}"
refined,m1612_10_40_50_month_start_5_top2_majority_below_ma120_liq20_trend5_equal,1月10%+6月40%+12月50%｜月初第5日 Top2｜2/3指数低于MA120空仓｜流动性20%+趋势质量5%｜equal,m1612_10_40_50,month_start_5,majority_below_ma120,liq20_trend5,equal,1.0,2021-07-10,1.3808115223326838,0.18981468933447987,-0.16216987160393004,0.9180786446642569,0.33466383673837524,73,"{""2021"": -0.043904585283145336, ""2022"": 0.11491889644916031, ""2023"": 0.04619515101316485, ""2024"": 0.0559605223632913, ""2025"": 0.4427561770894124, ""2026"": 0.4232210043796718}"
refined,m1612_10_40_50_month_start_5_top2_majority_below_ma120_liq20_trend10_equal,1月10%+6月40%+12月50%｜月初第5日 Top2｜2/3指数低于MA120空仓｜流动性20%+趋势质量10%｜equal,m1612_10_40_50,month_start_5,majority_below_ma120,liq20_trend10,equal,1.0,2021-07-10,1.412494407857674,0.19297030470653787,-0.16216987160393015,0.9270801335973035,0.33466383673837524,75,"{""2021"": -0.043904585283145336, ""2022"": 0.11491889644916031, ""2023"": 0.04619515101316485, ""2024"": 0.0559605223632913, ""2025"": 0.46195579804655984, ""2026"": 0.42322100437967203}"
refined,m1612_10_40_50_month_start_5_top2_majority_below_ma120_liq25_trend0_equal,1月10%+6月40%+12月50%｜月初第5日 Top2｜2/3指数低于MA120空仓｜流动性25%｜equal,m1612_10_40_50,month_start_5,majority_below_ma120,liq25_trend0,equal,1.0,2021-07-10,1.2141727784753513,0.172641846912573,-0.16216987160393004,0.8534373686284858,0.33466383673837524,75,"{""2021"": -0.043904585283145336, ""2022"": 0.11491889644916031, ""2023"": 0.04619515101316485, ""2024"": 0.0559605223632913, ""2025"": 0.3049654477594166, ""2026"": 0.4441101869927202}"
refined,m1612_10_40_50_month_start_5_top2_majority_below_ma120_liq25_trend5_equal,1月10%+6月40%+12月50%｜月初第5日 Top2｜2/3指数低于MA120空仓｜流动性25%+趋势质量5%｜equal,m1612_10_40_50,month_start_5,majority_below_ma120,liq25_trend5,equal,1.0,2021-07-10,1.2077245553408598,0.17195682609679985,-0.16216987160393004,0.8505832868329686,0.33466383673837524,75,"{""2021"": -0.043904585283145336, ""2022"": 0.11491889644916031, ""2023"": 0.04619515101316485, ""2024"": 0.0559605223632913, ""2025"": 0.3049654477594166, ""2026"": 0.43990457810481143}"
refined,m1612_10_40_50_month_start_5_top2_majority_below_ma120_liq25_trend10_equal,1月10%+6月40%+12月50%｜月初第5日 Top2｜2/3指数低于MA120空仓｜流动性25%+趋势质量10%｜equal,m1612_10_40_50,month_start_5,majority_below_ma120,liq25_trend10,equal,1.0,2021-07-10,1.412494407857674,0.19297030470653787,-0.16216987160393015,0.9270801335973035,0.33466383673837524,75,"{""2021"": -0.043904585283145336, ""2022"": 0.11491889644916031, ""2023"": 0.04619515101316485, ""2024"": 0.0559605223632913, ""2025"": 0.46195579804655984, ""2026"": 0.42322100437967203}"
refined,m1612_10_40_50_month_start_5_top2_majority_below_ma120_liq30_trend0_equal,1月10%+6月40%+12月50%｜月初第5日 Top2｜2/3指数低于MA120空仓｜流动性30%｜equal,m1612_10_40_50,month_start_5,majority_below_ma120,liq30_trend0,equal,1.0,2021-07-10,1.2141727784753513,0.172641846912573,-0.16216987160393004,0.8534373686284858,0.33466383673837524,75,"{""2021"": -0.043904585283145336, ""2022"": 0.11491889644916031, ""2023"": 0.04619515101316485, ""2024"": 0.0559605223632913, ""2025"": 0.3049654477594166, ""2026"": 0.4441101869927202}"
refined,m1612_10_40_50_month_start_5_top2_majority_below_ma120_liq30_trend5_equal,1月10%+6月40%+12月50%｜月初第5日 Top2｜2/3指数低于MA120空仓｜流动性30%+趋势质量5%｜equal,m1612_10_40_50,month_start_5,majority_below_ma120,liq30_trend5,equal,1.0,2021-07-10,1.2141727784753513,0.172641846912573,-0.16216987160393004,0.8534373686284858,0.33466383673837524,75,"{""2021"": -0.043904585283145336, ""2022"": 0.11491889644916031, ""2023"": 0.04619515101316485, ""2024"": 0.0559605223632913, ""2025"": 0.3049654477594166, ""2026"": 0.4441101869927202}"
refined,m1612_10_40_50_month_start_5_top2_majority_below_ma120_liq30_trend10_equal,1月10%+6月40%+12月50%｜月初第5日 Top2｜2/3指数低于MA120空仓｜流动性30%+趋势质量10%｜equal,m1612_10_40_50,month_start_5,majority_below_ma120,liq30_trend10,equal,1.0,2021-07-10,1.237104068881285,0.17506507901128354,-0.16216987160393015,0.8599185088590245,0.33466383673837524,77,"{""2021"": -0.043904585283145336, ""2022"": 0.11491889644916031, ""2023"": 0.04619515101316485, ""2024"": 0.0559605223632913, ""2025"": 0.322331404916294, ""2026"": 0.4399045781048112}"
refined,m3612_10_45_45_month_start_5_top2_majority_below_ma120_liq10_trend0_equal,3月10%+6月45%+12月45%｜月初第5日 Top2｜2/3指数低于MA120空仓｜流动性10%｜equal,m3612_10_45_45,month_start_5,majority_below_ma120,liq10_trend0,equal,1.0,2021-07-10,1.592763849823549,0.21031975475575582,-0.1625049710764448,0.9927452319831648,0.3347107438016529,70,"{""2021"": 0.0894405971356671, ""2022"": 0.11491889644916009, ""2023"": -0.029848722806804506, ""2024"": 0.055960522363291076, ""2025"": 0.4438897916113478, ""2026"": 0.4656832061675378}"
refined,m3612_10_45_45_month_start_5_top2_majority_below_ma120_liq10_trend5_equal,3月10%+6月45%+12月45%｜月初第5日 Top2｜2/3指数低于MA120空仓｜流动性10%+趋势质量5%｜equal,m3612_10_45_45,month_start_5,majority_below_ma120,liq10_trend5,equal,1.0,2021-07-10,1.6940145058531084,0.21964502123186436,-0.16250497107644468,1.0253468930795877,0.3347107438016529,67,"{""2021"": 0.0894405971356671, ""2022"": 0.11491889644916009, ""2023"": -0.029848722806804506, ""2024"": 0.09738522740300071, ""2025"": 0.44362894874501313, ""2026"": 0.4656832061675378}"
refined,m3612_10_45_45_month_start_5_top2_majority_below_ma120_liq10_trend10_equal,3月10%+6月45%+12月45%｜月初第5日 Top2｜2/3指数低于MA120空仓｜流动性10%+趋势质量10%｜equal,m3612_10_45_45,month_start_5,majority_below_ma120,liq10_trend10,equal,1.0,2021-07-10,1.9051808506987942,0.2382256075490432,-0.16250497107644468,1.0839202334362843,0.3347107438016529,67,"{""2021"": 0.0894405971356671, ""2022"": 0.11491889644916009, ""2023"": 0.04619515101316485, ""2024"": 0.09738522740300093, ""2025"": 0.44362894874501313, ""2026"": 0.46568320616753733}"
refined,m3612_10_45_45_month_start_5_top2_majority_below_ma120_liq15_trend0_equal,3月10%+6月45%+12月45%｜月初第5日 Top2｜2/3指数低于MA120空仓｜流动性15%｜equal,m3612_10_45_45,month_start_5,majority_below_ma120,liq15_trend0,equal,1.0,2021-07-10,1.7959938116614453,0.22875827603296495,-0.1625049710764448,1.0518665683389206,0.3347107438016529,70,"{""2021"": 0.0894405971356671, ""2022"": 0.11491889644916009, ""2023"": 0.04619515101316485, ""2024"": 0.0559605223632913, ""2025"": 0.4438897916113478, ""2026"": 0.46568320616753756}"
refined,m3612_10_45_45_month_start_5_top2_majority_below_ma120_liq15_trend5_equal,3月10%+6月45%+12月45%｜月初第5日 Top2｜2/3指数低于MA120空仓｜流动性15%+趋势质量5%｜equal,m3612_10_45_45,month_start_5,majority_below_ma120,liq15_trend5,equal,1.0,2021-07-10,1.7959938116614453,0.22875827603296495,-0.1625049710764448,1.0518665683389206,0.3347107438016529,70,"{""2021"": 0.0894405971356671, ""2022"": 0.11491889644916009, ""2023"": 0.04619515101316485, ""2024"": 0.0559605223632913, ""2025"": 0.4438897916113478, ""2026"": 0.46568320616753756}"
refined,m3612_10_45_45_month_start_5_top2_majority_below_ma120_liq15_trend10_equal,3月10%+6月45%+12月45%｜月初第5日 Top2｜2/3指数低于MA120空仓｜流动性15%+趋势质量10%｜equal,m3612_10_45_45,month_start_5,majority_below_ma120,liq15_trend10,equal,1.0,2021-07-10,1.3826821935927107,0.19000193809402433,-0.1625049710764448,0.9121930056727493,0.33466383673837524,73,"{""2021"": -0.043904585283145336, ""2022"": 0.11491889644916031, ""2023"": 0.04619515101316485, ""2024"": 0.0559605223632913, ""2025"": 0.4438897916113478, ""2026"": 0.42322100437967225}"
refined,m3612_10_45_45_month_start_5_top2_majority_below_ma120_liq20_trend0_equal,3月10%+6月45%+12月45%｜月初第5日 Top2｜2/3指数低于MA120空仓｜流动性20%｜equal,m3612_10_45_45,month_start_5,majority_below_ma120,liq20_trend0,equal,1.0,2021-07-10,1.6791520900571046,0.21829392418353377,-0.16250497107644468,1.0149051347967182,0.33459973217060823,71,"{""2021"": 0.07505945842080486, ""2022"": 0.11491889644916053, ""2023"": 0.04619515101316485, ""2024"": 0.0559605223632913, ""2025"": 0.4438897916113478, ""2026"": 0.42322100437967225}"
refined,m3612_10_45_45_month_start_5_top2_majority_below_ma120_liq20_trend5_equal,3月10%+6月45%+12月45%｜月初第5日 Top2｜2/3指数低于MA120空仓｜流动性20%+趋势质量5%｜equal,m3612_10_45_45,month_start_5,majority_below_ma120,liq20_trend5,equal,1.0,2021-07-10,1.3826821935927107,0.19000193809402433,-0.1625049710764448,0.9121930056727493,0.33466383673837524,73,"{""2021"": -0.043904585283145336, ""2022"": 0.11491889644916031, ""2023"": 0.04619515101316485, ""2024"": 0.0559605223632913, ""2025"": 0.4438897916113478, ""2026"": 0.42322100437967225}"
refined,m3612_10_45_45_month_start_5_top2_majority_below_ma120_liq20_trend10_equal,3月10%+6月45%+12月45%｜月初第5日 Top2｜2/3指数低于MA120空仓｜流动性20%+趋势质量10%｜equal,m3612_10_45_45,month_start_5,majority_below_ma120,liq20_trend10,equal,1.0,2021-07-10,1.3826821935927107,0.19000193809402433,-0.1625049710764448,0.9121930056727493,0.33466383673837524,73,"{""2021"": -0.043904585283145336, ""2022"": 0.11491889644916031, ""2023"": 0.04619515101316485, ""2024"": 0.0559605223632913, ""2025"": 0.4438897916113478, ""2026"": 0.42322100437967225}"
refined,m3612_10_45_45_month_start_5_top2_majority_below_ma120_liq25_trend0_equal,3月10%+6月45%+12月45%｜月初第5日 Top2｜2/3指数低于MA120空仓｜流动性25%｜equal,m3612_10_45_45,month_start_5,majority_below_ma120,liq25_trend0,equal,1.0,2021-07-10,1.3620185717284237,0.18792701175526405,-0.16216987160393004,0.9089452817752697,0.334610719384015,74,"{""2021"": -0.043904585283145336, ""2022"": 0.11491889644916031, ""2023"": 0.04619515101316485, ""2024"": 0.0559605223632913, ""2025"": 0.3981050633382015, ""2026"": 0.4440349278263831}"
refined,m3612_10_45_45_month_start_5_top2_majority_below_ma120_liq25_trend5_equal,3月10%+6月45%+12月45%｜月初第5日 Top2｜2/3指数低于MA120空仓｜流动性25%+趋势质量5%｜equal,m3612_10_45_45,month_start_5,majority_below_ma120,liq25_trend5,equal,1.0,2021-07-10,1.3808115223326838,0.18981468933447987,-0.16216987160393004,0.9180786446642569,0.33466383673837524,73,"{""2021"": -0.043904585283145336, ""2022"": 0.11491889644916031, ""2023"": 0.04619515101316485, ""2024"": 0.0559605223632913, ""2025"": 0.4427561770894124, ""2026"": 0.4232210043796718}"
refined,m3612_10_45_45_month_start_5_top2_majority_below_ma120_liq25_trend10_equal,3月10%+6月45%+12月45%｜月初第5日 Top2｜2/3指数低于MA120空仓｜流动性25%+趋势质量10%｜equal,m3612_10_45_45,month_start_5,majority_below_ma120,liq25_trend10,equal,1.0,2021-07-10,1.3808115223326838,0.18981468933447987,-0.16216987160393004,0.9180786446642569,0.33466383673837524,73,"{""2021"": -0.043904585283145336, ""2022"": 0.11491889644916031, ""2023"": 0.04619515101316485, ""2024"": 0.0559605223632913, ""2025"": 0.4427561770894124, ""2026"": 0.4232210043796718}"
refined,m3612_10_45_45_month_start_5_top2_majority_below_ma120_liq30_trend0_equal,3月10%+6月45%+12月45%｜月初第5日 Top2｜2/3指数低于MA120空仓｜流动性30%｜equal,m3612_10_45_45,month_start_5,majority_below_ma120,liq30_trend0,equal,1.0,2021-07-10,1.3620185717284237,0.18792701175526405,-0.16216987160393004,0.9089452817752697,0.334610719384015,74,"{""2021"": -0.043904585283145336, ""2022"": 0.11491889644916031, ""2023"": 0.04619515101316485, ""2024"": 0.0559605223632913, ""2025"": 0.3981050633382015, ""2026"": 0.4440349278263831}"
refined,m3612_10_45_45_month_start_5_top2_majority_below_ma120_liq30_trend5_equal,3月10%+6月45%+12月45%｜月初第5日 Top2｜2/3指数低于MA120空仓｜流动性30%+趋势质量5%｜equal,m3612_10_45_45,month_start_5,majority_below_ma120,liq30_trend5,equal,1.0,2021-07-10,1.3620185717284237,0.18792701175526405,-0.16216987160393004,0.9089452817752697,0.334610719384015,74,"{""2021"": -0.043904585283145336, ""2022"": 0.11491889644916031, ""2023"": 0.04619515101316485, ""2024"": 0.0559605223632913, ""2025"": 0.3981050633382015, ""2026"": 0.4440349278263831}"
refined,m3612_10_45_45_month_start_5_top2_majority_below_ma120_liq30_trend10_equal,3月10%+6月45%+12月45%｜月初第5日 Top2｜2/3指数低于MA120空仓｜流动性30%+趋势质量10%｜equal,m3612_10_45_45,month_start_5,majority_below_ma120,liq30_trend10,equal,1.0,2021-07-10,1.3551465683798187,0.18723374696720918,-0.16216987160393004,0.9061042240508729,0.334610719384015,74,"{""2021"": -0.043904585283145336, ""2022"": 0.11491889644916031, ""2023"": 0.04619515101316485, ""2024"": 0.0559605223632913, ""2025"": 0.3981050633382015, ""2026"": 0.4398336853051341}"
refined,m612_30_70_month_start_5_top2_majority_below_ma110_liq10_trend0_equal,6月30%+12月70%｜月初第5日 Top2｜2/3指数低于MA110空仓｜流动性10%｜equal,m612_30_70,month_start_5,majority_below_ma110,liq10_trend0,equal,1.0,2021-07-10,1.4293210732575208,0.19463278762215053,-0.16532305584868123,0.9538588217352832,0.32892561983471075,64,"{""2021"": 0.04614292997560909, ""2022"": 0.12839910466482074, ""2023"": -0.048326761583343814, ""2024"": 0.0728065758904628, ""2025"": 0.41654132817727363, ""2026"": 0.426841881112469}"
refined,m612_30_70_month_start_5_top2_majority_below_ma110_liq10_trend5_equal,6月30%+12月70%｜月初第5日 Top2｜2/3指数低于MA110空仓｜流动性10%+趋势质量5%｜equal,m612_30_70,month_start_5,majority_below_ma110,liq10_trend5,equal,1.0,2021-07-10,1.7198366345553042,0.22197832411162177,-0.16532305584868134,1.0551074376639846,0.32892561983471075,58,"{""2021"": 0.04614292997560909, ""2022"": 0.12839910466482074, ""2023"": -0.048326761583343814, ""2024"": 0.11489214161924854, ""2025"": 0.561714594066435, ""2026"": 0.4123612988389245}"
refined,m612_30_70_month_start_5_top2_majority_below_ma110_liq10_trend10_equal,6月30%+12月70%｜月初第5日 Top2｜2/3指数低于MA110空仓｜流动性10%+趋势质量10%｜equal,m612_30_70,month_start_5,majority_below_ma110,liq10_trend10,equal,1.0,2021-07-10,1.9113890576563497,0.2387553022249178,-0.16532305584868112,1.1085411843254644,0.32892561983471075,58,"{""2021"": 0.04614292997560909, ""2022"": 0.12839910466482074, ""2023"": 0.018697600285704885, ""2024"": 0.11489214161924854, ""2025"": 0.5617145940664348, ""2026"": 0.4123612988389245}"
refined,m612_30_70_month_start_5_top2_majority_below_ma110_liq15_trend0_equal,6月30%+12月70%｜月初第5日 Top2｜2/3指数低于MA110空仓｜流动性15%｜equal,m612_30_70,month_start_5,majority_below_ma110,liq15_trend0,equal,1.0,2021-07-10,1.6004130911238792,0.21103432907005915,-0.16532305584868145,1.0087806752277886,0.32892561983471075,64,"{""2021"": 0.04614292997560909, ""2022"": 0.12839910466482074, ""2023"": 0.018697600285704885, ""2024"": 0.0728065758904628, ""2025"": 0.4165413281772743, ""2026"": 0.42684188111246857}"
refined,m612_30_70_month_start_5_top2_majority_below_ma110_liq15_trend5_equal,6月30%+12月70%｜月初第5日 Top2｜2/3指数低于MA110空仓｜流动性15%+趋势质量5%｜equal,m612_30_70,month_start_5,majority_below_ma110,liq15_trend5,equal,1.0,2021-07-10,1.8023509810436402,0.22931752236793024,-0.16532305584868145,1.0760050364006173,0.32892561983471075,61,"{""2021"": 0.04614292997560909, ""2022"": 0.12839910466482074, ""2023"": 0.018697600285704885, ""2024"": 0.0728065758904628, ""2025"": 0.5622098856377389, ""2026"": 0.4123612988389245}"
refined,m612_30_70_month_start_5_top2_majority_below_ma110_liq15_trend10_equal,6月30%+12月70%｜月初第5日 Top2｜2/3指数低于MA110空仓｜流动性15%+趋势质量10%｜equal,m612_30_70,month_start_5,majority_below_ma110,liq15_trend10,equal,1.0,2021-07-10,1.4720808650449189,0.19881642092205798,-0.16216987160393004,0.9635311877650693,0.3288787127714331,66,"{""2021"": -0.05900509665335574, ""2022"": 0.12839910466482074, ""2023"": 0.018697600285704885, ""2024"": 0.0728065758904628, ""2025"": 0.5318401534311099, ""2026"": 0.41246494279853785}"
refined,m612_30_70_month_start_5_top2_majority_below_ma110_liq20_trend0_equal,6月30%+12月70%｜月初第5日 Top2｜2/3指数低于MA110空仓｜流动性20%｜equal,m612_30_70,month_start_5,majority_below_ma110,liq20_trend0,equal,1.0,2021-07-10,1.5302892128222125,0.2044195191455005,-0.16788410274121812,0.9860209810178131,0.3288177310125058,63,"{""2021"": 0.032374795274179746, ""2022"": 0.12839910466482096, ""2023"": 0.018697600285704663, ""2024"": 0.0728065758904628, ""2025"": 0.39775075306107177, ""2026"": 0.4262011447457248}"
refined,m612_30_70_month_start_5_top2_majority_below_ma110_liq20_trend5_equal,6月30%+12月70%｜月初第5日 Top2｜2/3指数低于MA110空仓｜流动性20%+趋势质量5%｜equal,m612_30_70,month_start_5,majority_below_ma110,liq20_trend5,equal,1.0,2021-07-10,1.2904394407319417,0.18062532169177015,-0.16216987160393004,0.8945334633190583,0.3288787127714331,67,"{""2021"": -0.05900509665335574, ""2022"": 0.12839910466482074, ""2023"": 0.018697600285704885, ""2024"": 0.0728065758904628, ""2025"": 0.385541440377557, ""2026"": 0.4278260906547946}"
refined,m612_30_70_month_start_5_top2_majority_below_ma110_liq20_trend10_equal,6月30%+12月70%｜月初第5日 Top2｜2/3指数低于MA110空仓｜流动性20%+趋势质量10%｜equal,m612_30_70,month_start_5,majority_below_ma110,liq20_trend10,equal,1.0,2021-07-10,1.4720808650449189,0.19881642092205798,-0.16216987160393004,0.9635311877650693,0.3288787127714331,66,"{""2021"": -0.05900509665335574, ""2022"": 0.12839910466482074, ""2023"": 0.018697600285704885, ""2024"": 0.0728065758904628, ""2025"": 0.5318401534311099, ""2026"": 0.41246494279853785}"
refined,m612_30_70_month_start_5_top2_majority_below_ma110_liq25_trend0_equal,6月30%+12月70%｜月初第5日 Top2｜2/3指数低于MA110空仓｜流动性25%｜equal,m612_30_70,month_start_5,majority_below_ma110,liq25_trend0,equal,1.0,2021-07-10,1.148092795250275,0.1655448852685535,-0.20803923811597858,0.8451409833911446,0.3287271624612941,63,"{""2021"": -0.05900509665335574, ""2022"": 0.12839910466482074, ""2023"": 0.018697600285704885, ""2024"": 0.0728065758904628, ""2025"": 0.3018209987117044, ""2026"": 0.4262241561029043}"
refined,m612_30_70_month_start_5_top2_majority_below_ma110_liq25_trend5_equal,6月30%+12月70%｜月初第5日 Top2｜2/3指数低于MA110空仓｜流动性25%+趋势质量5%｜equal,m612_30_70,month_start_5,majority_below_ma110,liq25_trend5,equal,1.0,2021-07-10,1.3063225334035278,0.18226112514241355,-0.16788410274121812,0.9034613659621399,0.3288787127714331,65,"{""2021"": -0.05900509665335574, ""2022"": 0.12839910466482074, ""2023"": 0.018697600285704885, ""2024"": 0.0728065758904628, ""2025"": 0.39775075306107155, ""2026"": 0.42620114474572546}"
refined,m612_30_70_month_start_5_top2_majority_below_ma110_liq25_trend10_equal,6月30%+12月70%｜月初第5日 Top2｜2/3指数低于MA110空仓｜流动性25%+趋势质量10%｜equal,m612_30_70,month_start_5,majority_below_ma110,liq25_trend10,equal,1.0,2021-07-10,1.2904394407319417,0.18062532169177015,-0.16216987160393004,0.8945334633190583,0.3288787127714331,67,"{""2021"": -0.05900509665335574, ""2022"": 0.12839910466482074, ""2023"": 0.018697600285704885, ""2024"": 0.0728065758904628, ""2025"": 0.385541440377557, ""2026"": 0.4278260906547946}"
refined,m612_30_70_month_start_5_top2_majority_below_ma110_liq30_trend0_equal,6月30%+12月70%｜月初第5日 Top2｜2/3指数低于MA110空仓｜流动性30%｜equal,m612_30_70,month_start_5,majority_below_ma110,liq30_trend0,equal,1.0,2021-07-10,1.148092795250275,0.1655448852685535,-0.20803923811597858,0.8451409833911446,0.3287271624612941,63,"{""2021"": -0.05900509665335574, ""2022"": 0.12839910466482074, ""2023"": 0.018697600285704885, ""2024"": 0.0728065758904628, ""2025"": 0.3018209987117044, ""2026"": 0.4262241561029043}"
refined,m612_30_70_month_start_5_top2_majority_below_ma110_liq30_trend5_equal,6月30%+12月70%｜月初第5日 Top2｜2/3指数低于MA110空仓｜流动性30%+趋势质量5%｜equal,m612_30_70,month_start_5,majority_below_ma110,liq30_trend5,equal,1.0,2021-07-10,1.087608243982357,0.158894156797464,-0.20803923811597858,0.8185019591010999,0.3287271624612941,65,"{""2021"": -0.05900509665335574, ""2022"": 0.12839910466482074, ""2023"": 0.018697600285704885, ""2024"": 0.0728065758904628, ""2025"": 0.3018209987117044, ""2026"": 0.3860654961604233}"
refined,m612_30_70_month_start_5_top2_majority_below_ma110_liq30_trend10_equal,6月30%+12月70%｜月初第5日 Top2｜2/3指数低于MA110空仓｜流动性30%+趋势质量10%｜equal,m612_30_70,month_start_5,majority_below_ma110,liq30_trend10,equal,1.0,2021-07-10,1.2413826556568828,0.17551501195138441,-0.16788410274121812,0.8772723666127981,0.3288787127714331,67,"{""2021"": -0.05900509665335574, ""2022"": 0.12839910466482074, ""2023"": 0.018697600285704885, ""2024"": 0.0728065758904628, ""2025"": 0.39775075306107155, ""2026"": 0.386043132741553}"
refined,m612_50_50_month_start_3_top2_majority_below_ma120_liq10_trend0_equal,6月50%+12月50%｜月初第3日 Top2｜2/3指数低于MA120空仓｜流动性10%｜equal,m612_50_50,month_start_3,majority_below_ma120,liq10_trend0,equal,1.0,2021-07-10,1.849648453747319,0.23344677982951856,-0.16875130933536808,1.03513211079104,0.34710743801652894,60,"{""2021"": 0.06812639480961713, ""2022"": 0.061367994249649005, ""2023"": -0.02671362446856118, ""2024"": 0.04439384984897421, ""2025"": 0.5533368973565771, ""2026"": 0.6169844331488488}"
refined,m612_50_50_month_start_3_top2_majority_below_ma120_liq10_trend5_equal,6月50%+12月50%｜月初第3日 Top2｜2/3指数低于MA120空仓｜流动性10%+趋势质量5%｜equal,m612_50_50,month_start_3,majority_below_ma120,liq10_trend5,equal,1.0,2021-07-10,1.849648453747319,0.23344677982951856,-0.16875130933536808,1.03513211079104,0.34710743801652894,60,"{""2021"": 0.06812639480961713, ""2022"": 0.061367994249649005, ""2023"": -0.02671362446856118, ""2024"": 0.04439384984897421, ""2025"": 0.5533368973565771, ""2026"": 0.6169844331488488}"
refined,m612_50_50_month_start_3_top2_majority_below_ma120_liq10_trend10_equal,6月50%+12月50%｜月初第3日 Top2｜2/3指数低于MA120空仓｜流动性10%+趋势质量10%｜equal,m612_50_50,month_start_3,majority_below_ma120,liq10_trend10,equal,1.0,2021-07-10,1.849648453747319,0.23344677982951856,-0.16875130933536808,1.03513211079104,0.34710743801652894,60,"{""2021"": 0.06812639480961713, ""2022"": 0.061367994249649005, ""2023"": -0.02671362446856118, ""2024"": 0.04439384984897421, ""2025"": 0.5533368973565771, ""2026"": 0.6169844331488488}"
refined,m612_50_50_month_start_3_top2_majority_below_ma120_liq15_trend0_equal,6月50%+12月50%｜月初第3日 Top2｜2/3指数低于MA120空仓｜流动性15%｜equal,m612_50_50,month_start_3,majority_below_ma120,liq15_trend0,equal,1.0,2021-07-10,2.095103295988967,0.25403593702130656,-0.1687513093353682,1.096803145293565,0.34710743801652894,60,"{""2021"": 0.06812639480961713, ""2022"": 0.061367994249649005, ""2023"": 0.05712052477460672, ""2024"": 0.04439384984897421, ""2025"": 0.5533368973565767, ""2026"": 0.6169844331488485}"
refined,m612_50_50_month_start_3_top2_majority_below_ma120_liq15_trend5_equal,6月50%+12月50%｜月初第3日 Top2｜2/3指数低于MA120空仓｜流动性15%+趋势质量5%｜equal,m612_50_50,month_start_3,majority_below_ma120,liq15_trend5,equal,1.0,2021-07-10,2.095103295988967,0.25403593702130656,-0.1687513093353682,1.096803145293565,0.34710743801652894,60,"{""2021"": 0.06812639480961713, ""2022"": 0.061367994249649005, ""2023"": 0.05712052477460672, ""2024"": 0.04439384984897421, ""2025"": 0.5533368973565767, ""2026"": 0.6169844331488485}"
refined,m612_50_50_month_start_3_top2_majority_below_ma120_liq15_trend10_equal,6月50%+12月50%｜月初第3日 Top2｜2/3指数低于MA120空仓｜流动性15%+趋势质量10%｜equal,m612_50_50,month_start_3,majority_below_ma120,liq15_trend10,equal,1.0,2021-07-10,2.1217089837551772,0.25618834882081143,-0.1687513093353682,1.105621886294461,0.34706209189745196,62,"{""2021"": 0.07730807136043816, ""2022"": 0.061367994249649005, ""2023"": 0.05712052477460694, ""2024"": 0.04439384984897421, ""2025"": 0.5533368973565773, ""2026"": 0.6169844331488483}"
refined,m612_50_50_month_start_3_top2_majority_below_ma120_liq20_trend0_equal,6月50%+12月50%｜月初第3日 Top2｜2/3指数低于MA120空仓｜流动性20%｜equal,m612_50_50,month_start_3,majority_below_ma120,liq20_trend0,equal,1.0,2021-07-10,2.110638350899914,0.25529451864289365,-0.16875131625752393,1.1141573028854428,0.34706209189745196,62,"{""2021"": 0.07730807136043816, ""2022"": 0.061367994249649005, ""2023"": 0.05712052477460694, ""2024"": 0.04439384984897421, ""2025"": 0.5478282408544315, ""2026"": 0.6169844331488488}"
refined,m612_50_50_month_start_3_top2_majority_below_ma120_liq20_trend5_equal,6月50%+12月50%｜月初第3日 Top2｜2/3指数低于MA120空仓｜流动性20%+趋势质量5%｜equal,m612_50_50,month_start_3,majority_below_ma120,liq20_trend5,equal,1.0,2021-07-10,2.110638350899914,0.25529451864289365,-0.16875131625752393,1.1141573028854428,0.34706209189745196,62,"{""2021"": 0.07730807136043816, ""2022"": 0.061367994249649005, ""2023"": 0.05712052477460694, ""2024"": 0.04439384984897421, ""2025"": 0.5478282408544315, ""2026"": 0.6169844331488488}"
refined,m612_50_50_month_start_3_top2_majority_below_ma120_liq20_trend10_equal,6月50%+12月50%｜月初第3日 Top2｜2/3指数低于MA120空仓｜流动性20%+趋势质量10%｜equal,m612_50_50,month_start_3,majority_below_ma120,liq20_trend10,equal,1.0,2021-07-10,1.7770174414037374,0.22708283688787212,-0.15464180556917417,1.008953026784053,0.3469135468665855,64,"{""2021"": -0.03807283103416892, ""2022"": 0.06136799424964923, ""2023"": 0.05712052477460672, ""2024"": 0.04439384984897421, ""2025"": 0.5480028206418364, ""2026"": 0.6165506142038122}"
refined,m612_50_50_month_start_3_top2_majority_below_ma120_liq25_trend0_equal,6月50%+12月50%｜月初第3日 Top2｜2/3指数低于MA120空仓｜流动性25%｜equal,m612_50_50,month_start_3,majority_below_ma120,liq25_trend0,equal,1.0,2021-07-10,1.4209810655978687,0.1938099456123903,-0.150153095302765,0.9061176054755241,0.3469135468665855,68,"{""2021"": -0.03807283103416892, ""2022"": 0.06136799424964923, ""2023"": 0.05712052477460672, ""2024"": 0.04439384984897421, ""2025"": 0.39125621809415767, ""2026"": 0.548155630126856}"
refined,m612_50_50_month_start_3_top2_majority_below_ma120_liq25_trend5_equal,6月50%+12月50%｜月初第3日 Top2｜2/3指数低于MA120空仓｜流动性25%+趋势质量5%｜equal,m612_50_50,month_start_3,majority_below_ma120,liq25_trend5,equal,1.0,2021-07-10,1.767169201005152,0.22620971649040578,-0.1546418126088258,1.0163181831033854,0.3469135468665855,64,"{""2021"": -0.03807283103416892, ""2022"": 0.06136799424964923, ""2023"": 0.05712052477460672, ""2024"": 0.04439384984897421, ""2025"": 0.5425130805746428, ""2026"": 0.6165506142038129}"
refined,m612_50_50_month_start_3_top2_majority_below_ma120_liq25_trend10_equal,6月50%+12月50%｜月初第3日 Top2｜2/3指数低于MA120空仓｜流动性25%+趋势质量10%｜equal,m612_50_50,month_start_3,majority_below_ma120,liq25_trend10,equal,1.0,2021-07-10,1.767169201005152,0.22620971649040578,-0.1546418126088258,1.0163181831033854,0.3469135468665855,64,"{""2021"": -0.03807283103416892, ""2022"": 0.06136799424964923, ""2023"": 0.05712052477460672, ""2024"": 0.04439384984897421, ""2025"": 0.5425130805746428, ""2026"": 0.6165506142038129}"
refined,m612_50_50_month_start_3_top2_majority_below_ma120_liq30_trend0_equal,6月50%+12月50%｜月初第3日 Top2｜2/3指数低于MA120空仓｜流动性30%｜equal,m612_50_50,month_start_3,majority_below_ma120,liq30_trend0,equal,1.0,2021-07-10,1.3254022555728526,0.18421428239064586,-0.16839060367356096,0.8809421833298325,0.3469135468665855,67,"{""2021"": -0.03807283103416892, ""2022"": 0.06136799424964923, ""2023"": 0.05712052477460672, ""2024"": 0.04439384984897421, ""2025"": 0.33633033656031186, ""2026"": 0.5481556164182526}"
refined,m612_50_50_month_start_3_top2_majority_below_ma120_liq30_trend5_equal,6月50%+12月50%｜月初第3日 Top2｜2/3指数低于MA120空仓｜流动性30%+趋势质量5%｜equal,m612_50_50,month_start_3,majority_below_ma120,liq30_trend5,equal,1.0,2021-07-10,1.4209810655978687,0.1938099456123903,-0.150153095302765,0.9061176054755241,0.3469135468665855,68,"{""2021"": -0.03807283103416892, ""2022"": 0.06136799424964923, ""2023"": 0.05712052477460672, ""2024"": 0.04439384984897421, ""2025"": 0.39125621809415767, ""2026"": 0.548155630126856}"
refined,m612_50_50_month_start_3_top2_majority_below_ma120_liq30_trend10_equal,6月50%+12月50%｜月初第3日 Top2｜2/3指数低于MA120空仓｜流动性30%+趋势质量10%｜equal,m612_50_50,month_start_3,majority_below_ma120,liq30_trend10,equal,1.0,2021-07-10,1.755358711374286,0.22515934512162095,-0.1546418126088258,1.0118666520896873,0.3469135468665855,68,"{""2021"": -0.03807283103416892, ""2022"": 0.06136799424964923, ""2023"": 0.05712052477460672, ""2024"": 0.04439384984897421, ""2025"": 0.5710004862420084, ""2026"": 0.580462785083794}"
refined,m612_60_40_month_start_3_top2_majority_below_ma120_liq10_trend0_equal,6月60%+12月40%｜月初第3日 Top2｜2/3指数低于MA120空仓｜流动性10%｜equal,m612_60_40,month_start_3,majority_below_ma120,liq10_trend0,equal,1.0,2021-07-10,1.849648453747319,0.23344677982951856,-0.16875130933536808,1.03513211079104,0.34710743801652894,60,"{""2021"": 0.06812639480961713, ""2022"": 0.061367994249649005, ""2023"": -0.02671362446856118, ""2024"": 0.04439384984897421, ""2025"": 0.5533368973565771, ""2026"": 0.6169844331488488}"
refined,m612_60_40_month_start_3_top2_majority_below_ma120_liq10_trend5_equal,6月60%+12月40%｜月初第3日 Top2｜2/3指数低于MA120空仓｜流动性10%+趋势质量5%｜equal,m612_60_40,month_start_3,majority_below_ma120,liq10_trend5,equal,1.0,2021-07-10,1.849648453747319,0.23344677982951856,-0.16875130933536808,1.03513211079104,0.34710743801652894,60,"{""2021"": 0.06812639480961713, ""2022"": 0.061367994249649005, ""2023"": -0.02671362446856118, ""2024"": 0.04439384984897421, ""2025"": 0.5533368973565771, ""2026"": 0.6169844331488488}"
refined,m612_60_40_month_start_3_top2_majority_below_ma120_liq10_trend10_equal,6月60%+12月40%｜月初第3日 Top2｜2/3指数低于MA120空仓｜流动性10%+趋势质量10%｜equal,m612_60_40,month_start_3,majority_below_ma120,liq10_trend10,equal,1.0,2021-07-10,1.849648453747319,0.23344677982951856,-0.16875130933536808,1.03513211079104,0.34710743801652894,60,"{""2021"": 0.06812639480961713, ""2022"": 0.061367994249649005, ""2023"": -0.02671362446856118, ""2024"": 0.04439384984897421, ""2025"": 0.5533368973565771, ""2026"": 0.6169844331488488}"
refined,m612_60_40_month_start_3_top2_majority_below_ma120_liq15_trend0_equal,6月60%+12月40%｜月初第3日 Top2｜2/3指数低于MA120空仓｜流动性15%｜equal,m612_60_40,month_start_3,majority_below_ma120,liq15_trend0,equal,1.0,2021-07-10,2.095103295988967,0.25403593702130656,-0.1687513093353682,1.096803145293565,0.34710743801652894,60,"{""2021"": 0.06812639480961713, ""2022"": 0.061367994249649005, ""2023"": 0.05712052477460672, ""2024"": 0.04439384984897421, ""2025"": 0.5533368973565767, ""2026"": 0.6169844331488485}"
refined,m612_60_40_month_start_3_top2_majority_below_ma120_liq15_trend5_equal,6月60%+12月40%｜月初第3日 Top2｜2/3指数低于MA120空仓｜流动性15%+趋势质量5%｜equal,m612_60_40,month_start_3,majority_below_ma120,liq15_trend5,equal,1.0,2021-07-10,2.095103295988967,0.25403593702130656,-0.1687513093353682,1.096803145293565,0.34710743801652894,60,"{""2021"": 0.06812639480961713, ""2022"": 0.061367994249649005, ""2023"": 0.05712052477460672, ""2024"": 0.04439384984897421, ""2025"": 0.5533368973565767, ""2026"": 0.6169844331488485}"
refined,m612_60_40_month_start_3_top2_majority_below_ma120_liq15_trend10_equal,6月60%+12月40%｜月初第3日 Top2｜2/3指数低于MA120空仓｜流动性15%+趋势质量10%｜equal,m612_60_40,month_start_3,majority_below_ma120,liq15_trend10,equal,1.0,2021-07-10,2.1242706345835454,0.2563948123722277,-0.1687513093353682,1.1063740969581104,0.3470602956185825,64,"{""2021"": 0.07730807136043816, ""2022"": 0.061367994249649005, ""2023"": 0.05712052477460694, ""2024"": 0.04439384984897421, ""2025"": 0.5533368973565773, ""2026"": 0.6183113183691522}"
refined,m612_60_40_month_start_3_top2_majority_below_ma120_liq20_trend0_equal,6月60%+12月40%｜月初第3日 Top2｜2/3指数低于MA120空仓｜流动性20%｜equal,m612_60_40,month_start_3,majority_below_ma120,liq20_trend0,equal,1.0,2021-07-10,2.110638350899914,0.25529451864289365,-0.16875131625752393,1.1141573028854428,0.34706209189745196,62,"{""2021"": 0.07730807136043816, ""2022"": 0.061367994249649005, ""2023"": 0.05712052477460694, ""2024"": 0.04439384984897421, ""2025"": 0.5478282408544315, ""2026"": 0.6169844331488488}"
refined,m612_60_40_month_start_3_top2_majority_below_ma120_liq20_trend5_equal,6月60%+12月40%｜月初第3日 Top2｜2/3指数低于MA120空仓｜流动性20%+趋势质量5%｜equal,m612_60_40,month_start_3,majority_below_ma120,liq20_trend5,equal,1.0,2021-07-10,2.110638350899914,0.25529451864289365,-0.16875131625752393,1.1141573028854428,0.34706209189745196,62,"{""2021"": 0.07730807136043816, ""2022"": 0.061367994249649005, ""2023"": 0.05712052477460694, ""2024"": 0.04439384984897421, ""2025"": 0.5478282408544315, ""2026"": 0.6169844331488488}"
refined,m612_60_40_month_start_3_top2_majority_below_ma120_liq20_trend10_equal,6月60%+12月40%｜月初第3日 Top2｜2/3指数低于MA120空仓｜流动性20%+趋势质量10%｜equal,m612_60_40,month_start_3,majority_below_ma120,liq20_trend10,equal,1.0,2021-07-10,1.7792960972255645,0.2272845040237541,-0.15464180556917417,1.0097052050300244,0.3469117491043005,66,"{""2021"": -0.03807283103416892, ""2022"": 0.06136799424964923, ""2023"": 0.05712052477460672, ""2024"": 0.04439384984897421, ""2025"": 0.5480028206418364, ""2026"": 0.6178770597685443}"
refined,m612_60_40_month_start_3_top2_majority_below_ma120_liq25_trend0_equal,6月60%+12月40%｜月初第3日 Top2｜2/3指数低于MA120空仓｜流动性25%｜equal,m612_60_40,month_start_3,majority_below_ma120,liq25_trend0,equal,1.0,2021-07-10,1.405684974051899,0.19229489306373093,-0.16741601830795239,0.8977917926284465,0.3469135468665855,69,"{""2021"": -0.03807283103416892, ""2022"": 0.06136799424964923, ""2023"": 0.05712052477460672, ""2024"": 0.04439384984897421, ""2025"": 0.3827272071421368, ""2026"": 0.5480670415712108}"
refined,m612_60_40_month_start_3_top2_majority_below_ma120_liq25_trend5_equal,6月60%+12月40%｜月初第3日 Top2｜2/3指数低于MA120空仓｜流动性25%+趋势质量5%｜equal,m612_60_40,month_start_3,majority_below_ma120,liq25_trend5,equal,1.0,2021-07-10,1.769439775944956,0.22641124013174552,-0.1546418126088258,1.0170816655186274,0.3469117491043005,66,"{""2021"": -0.03807283103416892, ""2022"": 0.06136799424964923, ""2023"": 0.05712052477460672, ""2024"": 0.04439384984897421, ""2025"": 0.5425130805746428, ""2026"": 0.6178770597685446}"
refined,m612_60_40_month_start_3_top2_majority_below_ma120_liq25_trend10_equal,6月60%+12月40%｜月初第3日 Top2｜2/3指数低于MA120空仓｜流动性25%+趋势质量10%｜equal,m612_60_40,month_start_3,majority_below_ma120,liq25_trend10,equal,1.0,2021-07-10,1.769439775944956,0.22641124013174552,-0.1546418126088258,1.0170816655186274,0.3469117491043005,66,"{""2021"": -0.03807283103416892, ""2022"": 0.06136799424964923, ""2023"": 0.05712052477460672, ""2024"": 0.04439384984897421, ""2025"": 0.5425130805746428, ""2026"": 0.6178770597685446}"
refined,m612_60_40_month_start_3_top2_majority_below_ma120_liq30_trend0_equal,6月60%+12月40%｜月初第3日 Top2｜2/3指数低于MA120空仓｜流动性30%｜equal,m612_60_40,month_start_3,majority_below_ma120,liq30_trend0,equal,1.0,2021-07-10,1.405684974051899,0.19229489306373093,-0.16741601830795239,0.8977917926284465,0.3469135468665855,69,"{""2021"": -0.03807283103416892, ""2022"": 0.06136799424964923, ""2023"": 0.05712052477460672, ""2024"": 0.04439384984897421, ""2025"": 0.3827272071421368, ""2026"": 0.5480670415712108}"
refined,m612_60_40_month_start_3_top2_majority_below_ma120_liq30_trend5_equal,6月60%+12月40%｜月初第3日 Top2｜2/3指数低于MA120空仓｜流动性30%+趋势质量5%｜equal,m612_60_40,month_start_3,majority_below_ma120,liq30_trend5,equal,1.0,2021-07-10,1.4102301694882868,0.19274588961951644,-0.16741601830795239,0.8994995256039104,0.3469135468665855,69,"{""2021"": -0.03807283103416892, ""2022"": 0.06136799424964923, ""2023"": 0.05712052477460672, ""2024"": 0.04439384984897421, ""2025"": 0.3827272071421368, ""2026"": 0.5509918913867378}"
refined,m612_60_40_month_start_3_top2_majority_below_ma120_liq30_trend10_equal,6月60%+12月40%｜月初第3日 Top2｜2/3指数低于MA120空仓｜流动性30%+趋势质量10%｜equal,m612_60_40,month_start_3,majority_below_ma120,liq30_trend10,equal,1.0,2021-07-10,1.7105064502347034,0.22113729517012337,-0.1546418126088258,1.0000264607066665,0.3469135468665855,67,"{""2021"": -0.03807283103416892, ""2022"": 0.06136799424964923, ""2023"": 0.05712052477460672, ""2024"": 0.04439384984897421, ""2025"": 0.5425130805746428, ""2026"": 0.5834488419930008}"
refined,m612_60_40_month_start_5_top2_majority_below_ma110_liq10_trend0_equal,6月60%+12月40%｜月初第5日 Top2｜2/3指数低于MA110空仓｜流动性10%｜equal,m612_60_40,month_start_5,majority_below_ma110,liq10_trend0,equal,1.0,2021-07-10,1.6849798721689138,0.21882442272208835,-0.16250497107644468,1.032421733311705,0.32892561983471075,60,"{""2021"": 0.04614292997560909, ""2022"": 0.12839910466482074, ""2023"": -0.048326761583343814, ""2024"": 0.0728065758904628, ""2025"": 0.5437716083213293, ""2026"": 0.46568320616753733}"
refined,m612_60_40_month_start_5_top2_majority_below_ma110_liq10_trend5_equal,6月60%+12月40%｜月初第5日 Top2｜2/3指数低于MA110空仓｜流动性10%+趋势质量5%｜equal,m612_60_40,month_start_5,majority_below_ma110,liq10_trend5,equal,1.0,2021-07-10,1.7888956269321765,0.2281326391084999,-0.1625049710764449,1.064785456049971,0.32892561983471075,57,"{""2021"": 0.04614292997560909, ""2022"": 0.12839910466482074, ""2023"": -0.048326761583343814, ""2024"": 0.11489214161924854, ""2025"": 0.5429748447370604, ""2026"": 0.465683206167538}"
refined,m612_60_40_month_start_5_top2_majority_below_ma110_liq10_trend10_equal,6月60%+12月40%｜月初第5日 Top2｜2/3指数低于MA110空仓｜流动性10%+趋势质量10%｜equal,m612_60_40,month_start_5,majority_below_ma110,liq10_trend10,equal,1.0,2021-07-10,1.9853117308729624,0.24499411201680799,-0.16250497107644468,1.117459316158226,0.32892561983471075,57,"{""2021"": 0.04614292997560909, ""2022"": 0.12839910466482074, ""2023"": 0.018697600285704885, ""2024"": 0.11489214161924854, ""2025"": 0.5429748447370604, ""2026"": 0.46568320616753844}"
refined,m612_60_40_month_start_5_top2_majority_below_ma110_liq15_trend0_equal,6月60%+12月40%｜月初第5日 Top2｜2/3指数低于MA110空仓｜流动性15%｜equal,m612_60_40,month_start_5,majority_below_ma110,liq15_trend0,equal,1.0,2021-07-10,1.8721669753529886,0.23539350540119908,-0.1621933801827412,1.0932653809323376,0.32892561983471075,60,"{""2021"": 0.04614292997560909, ""2022"": 0.12839910466482074, ""2023"": 0.018697600285704885, ""2024"": 0.0728065758904628, ""2025"": 0.5427454463762729, ""2026"": 0.46568320616753756}"
refined,m612_60_40_month_start_5_top2_majority_below_ma110_liq15_trend5_equal,6月60%+12月40%｜月初第5日 Top2｜2/3指数低于MA110空仓｜流动性15%+趋势质量5%｜equal,m612_60_40,month_start_5,majority_below_ma110,liq15_trend5,equal,1.0,2021-07-10,1.8721669753529886,0.23539350540119908,-0.1621933801827412,1.0932653809323376,0.32892561983471075,60,"{""2021"": 0.04614292997560909, ""2022"": 0.12839910466482074, ""2023"": 0.018697600285704885, ""2024"": 0.0728065758904628, ""2025"": 0.5427454463762729, ""2026"": 0.46568320616753756}"
refined,m612_60_40_month_start_5_top2_majority_below_ma110_liq15_trend10_equal,6月60%+12月40%｜月初第5日 Top2｜2/3指数低于MA110空仓｜流动性15%+趋势质量10%｜equal,m612_60_40,month_start_5,majority_below_ma110,liq15_trend10,equal,1.0,2021-07-10,1.5852033345927867,0.20961181054351852,-0.1625049710764448,0.9941345093145646,0.3288787127714331,62,"{""2021"": -0.05900509665335574, ""2022"": 0.12839910466482074, ""2023"": 0.018697600285704885, ""2024"": 0.0728065758904628, ""2025"": 0.5437716083213293, ""2026"": 0.46568320616753756}"
refined,m612_60_40_month_start_5_top2_majority_below_ma110_liq20_trend0_equal,6月60%+12月40%｜月初第5日 Top2｜2/3指数低于MA110空仓｜流动性20%｜equal,m612_60_40,month_start_5,majority_below_ma110,liq20_trend0,equal,1.0,2021-07-10,1.8340253179047044,0.2320889199154783,-0.16216987160393004,1.0818916283113202,0.3288177310125058,60,"{""2021"": 0.032374795274179746, ""2022"": 0.12839910466482096, ""2023"": 0.018697600285704663, ""2024"": 0.0728065758904628, ""2025"": 0.5425595754335621, ""2026"": 0.4656832061675378}"
refined,m612_60_40_month_start_5_top2_majority_below_ma110_liq20_trend5_equal,6月60%+12月40%｜月初第5日 Top2｜2/3指数低于MA110空仓｜流动性20%+趋势质量5%｜equal,m612_60_40,month_start_5,majority_below_ma110,liq20_trend5,equal,1.0,2021-07-10,1.5834849215400446,0.20945067257605254,-0.162193380182741,1.0010562526091649,0.3288787127714331,62,"{""2021"": -0.05900509665335574, ""2022"": 0.12839910466482074, ""2023"": 0.018697600285704885, ""2024"": 0.0728065758904628, ""2025"": 0.5427454463762731, ""2026"": 0.46568320616753756}"
refined,m612_60_40_month_start_5_top2_majority_below_ma110_liq20_trend10_equal,6月60%+12月40%｜月初第5日 Top2｜2/3指数低于MA110空仓｜流动性20%+趋势质量10%｜equal,m612_60_40,month_start_5,majority_below_ma110,liq20_trend10,equal,1.0,2021-07-10,1.615609774109283,0.21244899563265762,-0.1621933801827411,1.0089416955163748,0.3288334334559028,66,"{""2021"": -0.05900509665335574, ""2022"": 0.12839910466482074, ""2023"": 0.018697600285704885, ""2024"": 0.0728065758904628, ""2025"": 0.5619290187685424, ""2026"": 0.4656832061675378}"
refined,m612_60_40_month_start_5_top2_majority_below_ma110_liq25_trend0_equal,6月60%+12月40%｜月初第5日 Top2｜2/3指数低于MA110空仓｜流动性25%｜equal,m612_60_40,month_start_5,majority_below_ma110,liq25_trend0,equal,1.0,2021-07-10,1.5524892525413132,0.2065293458077686,-0.16216987160392993,0.9876588964457287,0.3287914234313907,62,"{""2021"": -0.05900509665335574, ""2022"": 0.12839910466482074, ""2023"": 0.018697600285704885, ""2024"": 0.0728065758904628, ""2025"": 0.49481969799310965, ""2026"": 0.4811447072595074}"
refined,m612_60_40_month_start_5_top2_majority_below_ma110_liq25_trend5_equal,6月60%+12月40%｜月初第5日 Top2｜2/3指数低于MA110空仓｜流动性25%+趋势质量5%｜equal,m612_60_40,month_start_5,majority_below_ma110,liq25_trend5,equal,1.0,2021-07-10,1.583173661650103,0.20942147613833462,-0.16216987160392993,1.0009571532766124,0.3288787127714331,62,"{""2021"": -0.05900509665335574, ""2022"": 0.12839910466482074, ""2023"": 0.018697600285704885, ""2024"": 0.0728065758904628, ""2025"": 0.5425595754335613, ""2026"": 0.4656832061675378}"
refined,m612_60_40_month_start_5_top2_majority_below_ma110_liq25_trend10_equal,6月60%+12月40%｜月初第5日 Top2｜2/3指数低于MA110空仓｜流动性25%+趋势质量10%｜equal,m612_60_40,month_start_5,majority_below_ma110,liq25_trend10,equal,1.0,2021-07-10,1.615609774109283,0.21244899563265762,-0.1621933801827411,1.0089416955163748,0.3288334334559028,66,"{""2021"": -0.05900509665335574, ""2022"": 0.12839910466482074, ""2023"": 0.018697600285704885, ""2024"": 0.0728065758904628, ""2025"": 0.5619290187685424, ""2026"": 0.4656832061675378}"
refined,m612_60_40_month_start_5_top2_majority_below_ma110_liq30_trend0_equal,6月60%+12月40%｜月初第5日 Top2｜2/3指数低于MA110空仓｜流动性30%｜equal,m612_60_40,month_start_5,majority_below_ma110,liq30_trend0,equal,1.0,2021-07-10,1.4885371533959915,0.2004110975212805,-0.16216987160392993,0.9650471030648065,0.32882559541707285,64,"{""2021"": -0.05900509665335574, ""2022"": 0.12839910466482074, ""2023"": 0.018697600285704885, ""2024"": 0.0728065758904628, ""2025"": 0.49481969799310965, ""2026"": 0.4440349278263829}"
refined,m612_60_40_month_start_5_top2_majority_below_ma110_liq30_trend5_equal,6月60%+12月40%｜月初第5日 Top2｜2/3指数低于MA110空仓｜流动性30%+趋势质量5%｜equal,m612_60_40,month_start_5,majority_below_ma110,liq30_trend5,equal,1.0,2021-07-10,1.4885371533959915,0.2004110975212805,-0.16216987160392993,0.9650471030648065,0.32882559541707285,64,"{""2021"": -0.05900509665335574, ""2022"": 0.12839910466482074, ""2023"": 0.018697600285704885, ""2024"": 0.0728065758904628, ""2025"": 0.49481969799310965, ""2026"": 0.4440349278263829}"
refined,m612_60_40_month_start_5_top2_majority_below_ma110_liq30_trend10_equal,6月60%+12月40%｜月初第5日 Top2｜2/3指数低于MA110空仓｜流动性30%+趋势质量10%｜equal,m612_60_40,month_start_5,majority_below_ma110,liq30_trend10,equal,1.0,2021-07-10,1.5121512372070254,0.20268472364155188,-0.16216987160393015,0.9702249611884552,0.32878031610154257,68,"{""2021"": -0.05900509665335574, ""2022"": 0.12839910466482074, ""2023"": 0.018697600285704885, ""2024"": 0.0728065758904628, ""2025"": 0.5134073282189502, ""2026"": 0.43983368530513434}"
refined,m612_70_30_month_start_5_top2_majority_below_ma110_liq10_trend0_equal,6月70%+12月30%｜月初第5日 Top2｜2/3指数低于MA110空仓｜流动性10%｜equal,m612_70_30,month_start_5,majority_below_ma110,liq10_trend0,equal,1.0,2021-07-10,1.6849798721689138,0.21882442272208835,-0.16250497107644468,1.032421733311705,0.32892561983471075,60,"{""2021"": 0.04614292997560909, ""2022"": 0.12839910466482074, ""2023"": -0.048326761583343814, ""2024"": 0.0728065758904628, ""2025"": 0.5437716083213293, ""2026"": 0.46568320616753733}"
refined,m612_70_30_month_start_5_top2_majority_below_ma110_liq10_trend5_equal,6月70%+12月30%｜月初第5日 Top2｜2/3指数低于MA110空仓｜流动性10%+趋势质量5%｜equal,m612_70_30,month_start_5,majority_below_ma110,liq10_trend5,equal,1.0,2021-07-10,1.735679877256985,0.22340117436428297,-0.16250497107644468,1.04702464896819,0.3287102365172197,61,"{""2021"": 0.04614292997560909, ""2022"": 0.12839910466482074, ""2023"": -0.048326761583343814, ""2024"": 0.11489214161924854, ""2025"": 0.5135328812947189, ""2026"": 0.4656832061675371}"
refined,m612_70_30_month_start_5_top2_majority_below_ma110_liq10_trend10_equal,6月70%+12月30%｜月初第5日 Top2｜2/3指数低于MA110空仓｜流动性10%+趋势质量10%｜equal,m612_70_30,month_start_5,majority_below_ma110,liq10_trend10,equal,1.0,2021-07-10,1.9283481069071193,0.24019768729834978,-0.16250497107644468,1.0999043595995457,0.3287102365172197,61,"{""2021"": 0.04614292997560909, ""2022"": 0.12839910466482074, ""2023"": 0.018697600285704885, ""2024"": 0.11489214161924854, ""2025"": 0.5135328812947189, ""2026"": 0.46568320616753756}"
refined,m612_70_30_month_start_5_top2_majority_below_ma110_liq15_trend0_equal,6月70%+12月30%｜月初第5日 Top2｜2/3指数低于MA110空仓｜流动性15%｜equal,m612_70_30,month_start_5,majority_below_ma110,liq15_trend0,equal,1.0,2021-07-10,1.8721669753529886,0.23539350540119908,-0.1621933801827412,1.0932653809323376,0.32892561983471075,60,"{""2021"": 0.04614292997560909, ""2022"": 0.12839910466482074, ""2023"": 0.018697600285704885, ""2024"": 0.0728065758904628, ""2025"": 0.5427454463762729, ""2026"": 0.46568320616753756}"
refined,m612_70_30_month_start_5_top2_majority_below_ma110_liq15_trend5_equal,6月70%+12月30%｜月初第5日 Top2｜2/3指数低于MA110空仓｜流动性15%+趋势质量5%｜equal,m612_70_30,month_start_5,majority_below_ma110,liq15_trend5,equal,1.0,2021-07-10,1.8721669753529886,0.23539350540119908,-0.1621933801827412,1.0932653809323376,0.32892561983471075,60,"{""2021"": 0.04614292997560909, ""2022"": 0.12839910466482074, ""2023"": 0.018697600285704885, ""2024"": 0.0728065758904628, ""2025"": 0.5427454463762729, ""2026"": 0.46568320616753756}"
refined,m612_70_30_month_start_5_top2_majority_below_ma110_liq15_trend10_equal,6月70%+12月30%｜月初第5日 Top2｜2/3指数低于MA110空仓｜流动性15%+趋势质量10%｜equal,m612_70_30,month_start_5,majority_below_ma110,liq15_trend10,equal,1.0,2021-07-10,1.5852033345927867,0.20961181054351852,-0.1625049710764448,0.9941345093145646,0.3288787127714331,62,"{""2021"": -0.05900509665335574, ""2022"": 0.12839910466482074, ""2023"": 0.018697600285704885, ""2024"": 0.0728065758904628, ""2025"": 0.5437716083213293, ""2026"": 0.46568320616753756}"
refined,m612_70_30_month_start_5_top2_majority_below_ma110_liq20_trend0_equal,6月70%+12月30%｜月初第5日 Top2｜2/3指数低于MA110空仓｜流动性20%｜equal,m612_70_30,month_start_5,majority_below_ma110,liq20_trend0,equal,1.0,2021-07-10,1.8340253179047044,0.2320889199154783,-0.16216987160393004,1.0818916283113202,0.3288177310125058,60,"{""2021"": 0.032374795274179746, ""2022"": 0.12839910466482096, ""2023"": 0.018697600285704663, ""2024"": 0.0728065758904628, ""2025"": 0.5425595754335621, ""2026"": 0.4656832061675378}"
refined,m612_70_30_month_start_5_top2_majority_below_ma110_liq20_trend5_equal,6月70%+12月30%｜月初第5日 Top2｜2/3指数低于MA110空仓｜流动性20%+趋势质量5%｜equal,m612_70_30,month_start_5,majority_below_ma110,liq20_trend5,equal,1.0,2021-07-10,1.5834849215400446,0.20945067257605254,-0.162193380182741,1.0010562526091649,0.3288787127714331,62,"{""2021"": -0.05900509665335574, ""2022"": 0.12839910466482074, ""2023"": 0.018697600285704885, ""2024"": 0.0728065758904628, ""2025"": 0.5427454463762731, ""2026"": 0.46568320616753756}"
refined,m612_70_30_month_start_5_top2_majority_below_ma110_liq20_trend10_equal,6月70%+12月30%｜月初第5日 Top2｜2/3指数低于MA110空仓｜流动性20%+趋势质量10%｜equal,m612_70_30,month_start_5,majority_below_ma110,liq20_trend10,equal,1.0,2021-07-10,1.615609774109283,0.21244899563265762,-0.1621933801827411,1.0089416955163748,0.3288334334559028,66,"{""2021"": -0.05900509665335574, ""2022"": 0.12839910466482074, ""2023"": 0.018697600285704885, ""2024"": 0.0728065758904628, ""2025"": 0.5619290187685424, ""2026"": 0.4656832061675378}"
refined,m612_70_30_month_start_5_top2_majority_below_ma110_liq25_trend0_equal,6月70%+12月30%｜月初第5日 Top2｜2/3指数低于MA110空仓｜流动性25%｜equal,m612_70_30,month_start_5,majority_below_ma110,liq25_trend0,equal,1.0,2021-07-10,1.5524892525413132,0.2065293458077686,-0.16216987160392993,0.9876588964457287,0.3287914234313907,62,"{""2021"": -0.05900509665335574, ""2022"": 0.12839910466482074, ""2023"": 0.018697600285704885, ""2024"": 0.0728065758904628, ""2025"": 0.49481969799310965, ""2026"": 0.4811447072595074}"
refined,m612_70_30_month_start_5_top2_majority_below_ma110_liq25_trend5_equal,6月70%+12月30%｜月初第5日 Top2｜2/3指数低于MA110空仓｜流动性25%+趋势质量5%｜equal,m612_70_30,month_start_5,majority_below_ma110,liq25_trend5,equal,1.0,2021-07-10,1.583173661650103,0.20942147613833462,-0.16216987160392993,1.0009571532766124,0.3288787127714331,62,"{""2021"": -0.05900509665335574, ""2022"": 0.12839910466482074, ""2023"": 0.018697600285704885, ""2024"": 0.0728065758904628, ""2025"": 0.5425595754335613, ""2026"": 0.4656832061675378}"
refined,m612_70_30_month_start_5_top2_majority_below_ma110_liq25_trend10_equal,6月70%+12月30%｜月初第5日 Top2｜2/3指数低于MA110空仓｜流动性25%+趋势质量10%｜equal,m612_70_30,month_start_5,majority_below_ma110,liq25_trend10,equal,1.0,2021-07-10,1.6212955266154045,0.2129765957776617,-0.1621933801827411,1.0109274008043887,0.3288334334559028,66,"{""2021"": -0.05900509665335574, ""2022"": 0.12839910466482074, ""2023"": 0.018697600285704885, ""2024"": 0.0728065758904628, ""2025"": 0.5619290187685424, ""2026"": 0.4688692746878258}"
refined,m612_70_30_month_start_5_top2_majority_below_ma110_liq30_trend0_equal,6月70%+12月30%｜月初第5日 Top2｜2/3指数低于MA110空仓｜流动性30%｜equal,m612_70_30,month_start_5,majority_below_ma110,liq30_trend0,equal,1.0,2021-07-10,1.4885371533959915,0.2004110975212805,-0.16216987160392993,0.9650471030648065,0.32882559541707285,64,"{""2021"": -0.05900509665335574, ""2022"": 0.12839910466482074, ""2023"": 0.018697600285704885, ""2024"": 0.0728065758904628, ""2025"": 0.49481969799310965, ""2026"": 0.4440349278263829}"
refined,m612_70_30_month_start_5_top2_majority_below_ma110_liq30_trend5_equal,6月70%+12月30%｜月初第5日 Top2｜2/3指数低于MA110空仓｜流动性30%+趋势质量5%｜equal,m612_70_30,month_start_5,majority_below_ma110,liq30_trend5,equal,1.0,2021-07-10,1.4939466783551638,0.20093345934548767,-0.16216987160392993,0.9670415421160852,0.32882559541707285,64,"{""2021"": -0.05900509665335574, ""2022"": 0.12839910466482074, ""2023"": 0.018697600285704885, ""2024"": 0.0728065758904628, ""2025"": 0.49481969799310965, ""2026"": 0.44717393781598}"
refined,m612_70_30_month_start_5_top2_majority_below_ma110_liq30_trend10_equal,6月70%+12月30%｜月初第5日 Top2｜2/3指数低于MA110空仓｜流动性30%+趋势质量10%｜equal,m612_70_30,month_start_5,majority_below_ma110,liq30_trend10,equal,1.0,2021-07-10,1.5405226227572117,0.2053939037588144,-0.16216987160393015,0.9808747551197708,0.32882559541707285,66,"{""2021"": -0.05900509665335574, ""2022"": 0.12839910466482074, ""2023"": 0.018697600285704885, ""2024"": 0.0728065758904628, ""2025"": 0.5271794904673712, ""2026"": 0.4429635627301445}"
refined,m1612_20_40_40_month_start_5_top2_majority_below_ma110_liq10_trend0_equal,1月20%+6月40%+12月40%｜月初第5日 Top2｜2/3指数低于MA110空仓｜流动性10%｜equal,m1612_20_40_40,month_start_5,majority_below_ma110,liq10_trend0,equal,1.0,2021-07-10,1.5883881015528236,0.20991022421793604,-0.16250497107644457,0.9950187783830677,0.32892561983471075,65,"{""2021"": 0.04614292997560909, ""2022"": 0.12839910466482074, ""2023"": -0.048326761583343814, ""2024"": 0.0728065758904628, ""2025"": 0.533043763764435, ""2026"": 0.42284295802332883}"
refined,m1612_20_40_40_month_start_5_top2_majority_below_ma110_liq10_trend5_equal,1月20%+6月40%+12月40%｜月初第5日 Top2｜2/3指数低于MA110空仓｜流动性10%+趋势质量5%｜equal,m1612_20_40_40,month_start_5,majority_below_ma110,liq10_trend5,equal,1.0,2021-07-10,1.636650313516109,0.2143968595998449,-0.16250497107644468,1.0094240012575828,0.3287499199834999,66,"{""2021"": 0.04614292997560909, ""2022"": 0.12839910466482074, ""2023"": -0.048326761583343814, ""2024"": 0.11489214161924854, ""2025"": 0.5026653170165578, ""2026"": 0.4228429580233284}"
refined,m1612_20_40_40_month_start_5_top2_majority_below_ma110_liq10_trend10_equal,1月20%+6月40%+12月40%｜月初第5日 Top2｜2/3指数低于MA110空仓｜流动性10%+趋势质量10%｜equal,m1612_20_40_40,month_start_5,majority_below_ma110,liq10_trend10,equal,1.0,2021-07-10,1.8223440974763063,0.23106974907124678,-0.16250497107644468,1.0625579117260109,0.3287499199834999,66,"{""2021"": 0.04614292997560909, ""2022"": 0.12839910466482074, ""2023"": 0.018697600285704885, ""2024"": 0.11489214161924854, ""2025"": 0.5026653170165578, ""2026"": 0.4228429580233284}"
refined,m1612_20_40_40_month_start_5_top2_majority_below_ma110_liq15_trend0_equal,1月20%+6月40%+12月40%｜月初第5日 Top2｜2/3指数低于MA110空仓｜流动性15%｜equal,m1612_20_40_40,month_start_5,majority_below_ma110,liq15_trend0,equal,1.0,2021-07-10,1.7706828785549105,0.22652151506510765,-0.16250497107644468,1.0484529573797003,0.32892561983471075,65,"{""2021"": 0.04614292997560909, ""2022"": 0.12839910466482074, ""2023"": 0.018697600285704885, ""2024"": 0.0728065758904628, ""2025"": 0.5330437637644354, ""2026"": 0.4228429580233295}"
refined,m1612_20_40_40_month_start_5_top2_majority_below_ma110_liq15_trend5_equal,1月20%+6月40%+12月40%｜月初第5日 Top2｜2/3指数低于MA110空仓｜流动性15%+趋势质量5%｜equal,m1612_20_40_40,month_start_5,majority_below_ma110,liq15_trend5,equal,1.0,2021-07-10,1.7706828785549105,0.22652151506510765,-0.16250497107644468,1.0484529573797003,0.32892561983471075,65,"{""2021"": 0.04614292997560909, ""2022"": 0.12839910466482074, ""2023"": 0.018697600285704885, ""2024"": 0.0728065758904628, ""2025"": 0.5330437637644354, ""2026"": 0.4228429580233295}"
refined,m1612_20_40_40_month_start_5_top2_majority_below_ma110_liq15_trend10_equal,1月20%+6月40%+12月40%｜月初第5日 Top2｜2/3指数低于MA110空仓｜流动性15%+趋势质量10%｜equal,m1612_20_40_40,month_start_5,majority_below_ma110,liq15_trend10,equal,1.0,2021-07-10,1.4199996361825762,0.19371296680727035,-0.16250497107644468,0.9308242288402909,0.3288787127714331,68,"{""2021"": -0.05900509665335574, ""2022"": 0.12839910466482074, ""2023"": 0.018697600285704885, ""2024"": 0.0728065758904628, ""2025"": 0.533043763764435, ""2026"": 0.3816218779551417}"
refined,m1612_20_40_40_month_start_5_top2_majority_below_ma110_liq20_trend0_equal,1月20%+6月40%+12月40%｜月初第5日 Top2｜2/3指数低于MA110空仓｜流动性20%｜equal,m1612_20_40_40,month_start_5,majority_below_ma110,liq20_trend0,equal,1.0,2021-07-10,1.6550054841766073,0.21608599564379172,-0.1625049710764449,1.011314435724038,0.3288177310125058,66,"{""2021"": 0.032374795274179746, ""2022"": 0.12839910466482096, ""2023"": 0.018697600285704663, ""2024"": 0.0728065758904628, ""2025"": 0.5330437637644354, ""2026"": 0.38162187795514146}"
refined,m1612_20_40_40_month_start_5_top2_majority_below_ma110_liq20_trend5_equal,1月20%+6月40%+12月40%｜月初第5日 Top2｜2/3指数低于MA110空仓｜流动性20%+趋势质量5%｜equal,m1612_20_40_40,month_start_5,majority_below_ma110,liq20_trend5,equal,1.0,2021-07-10,1.4199996361825762,0.19371296680727035,-0.16250497107644468,0.9308242288402909,0.3288787127714331,68,"{""2021"": -0.05900509665335574, ""2022"": 0.12839910466482074, ""2023"": 0.018697600285704885, ""2024"": 0.0728065758904628, ""2025"": 0.533043763764435, ""2026"": 0.3816218779551417}"
refined,m1612_20_40_40_month_start_5_top2_majority_below_ma110_liq20_trend10_equal,1月20%+6月40%+12月40%｜月初第5日 Top2｜2/3指数低于MA110空仓｜流动性20%+趋势质量10%｜equal,m1612_20_40_40,month_start_5,majority_below_ma110,liq20_trend10,equal,1.0,2021-07-10,1.452605384839349,0.1969181681613421,-0.16250497107644457,0.9399601664596652,0.3288787127714331,70,"{""2021"": -0.05900509665335574, ""2022"": 0.12839910466482074, ""2023"": 0.018697600285704885, ""2024"": 0.0728065758904628, ""2025"": 0.5536991551511825, ""2026"": 0.38162187795514146}"
refined,m1612_20_40_40_month_start_5_top2_majority_below_ma110_liq25_trend0_equal,1月20%+6月40%+12月40%｜月初第5日 Top2｜2/3指数低于MA110空仓｜流动性25%｜equal,m1612_20_40_40,month_start_5,majority_below_ma110,liq25_trend0,equal,1.0,2021-07-10,1.2488510355114717,0.17629873806958773,-0.16216987160393004,0.8720395389555439,0.3288787127714331,70,"{""2021"": -0.05900509665335574, ""2022"": 0.12839910466482074, ""2023"": 0.018697600285704885, ""2024"": 0.0728065758904628, ""2025"": 0.385541440377557, ""2026"": 0.40190049358965885}"
refined,m1612_20_40_40_month_start_5_top2_majority_below_ma110_liq25_trend5_equal,1月20%+6月40%+12月40%｜月初第5日 Top2｜2/3指数低于MA110空仓｜流动性25%+趋势质量5%｜equal,m1612_20_40_40,month_start_5,majority_below_ma110,liq25_trend5,equal,1.0,2021-07-10,1.4180996665681405,0.1935251341112625,-0.16216987160393004,0.9369838412004604,0.3288787127714331,68,"{""2021"": -0.05900509665335574, ""2022"": 0.12839910466482074, ""2023"": 0.018697600285704885, ""2024"": 0.0728065758904628, ""2025"": 0.5318401534311099, ""2026"": 0.38162187795514146}"
refined,m1612_20_40_40_month_start_5_top2_majority_below_ma110_liq25_trend10_equal,1月20%+6月40%+12月40%｜月初第5日 Top2｜2/3指数低于MA110空仓｜流动性25%+趋势质量10%｜equal,m1612_20_40_40,month_start_5,majority_below_ma110,liq25_trend10,equal,1.0,2021-07-10,1.4506798160757328,0.19672983112163678,-0.16216987160393004,0.9461379045574353,0.3288787127714331,70,"{""2021"": -0.05900509665335574, ""2022"": 0.12839910466482074, ""2023"": 0.018697600285704885, ""2024"": 0.0728065758904628, ""2025"": 0.5524793280319442, ""2026"": 0.38162187795514146}"
refined,m1612_20_40_40_month_start_5_top2_majority_below_ma110_liq30_trend0_equal,1月20%+6月40%+12月40%｜月初第5日 Top2｜2/3指数低于MA110空仓｜流动性30%｜equal,m1612_20_40_40,month_start_5,majority_below_ma110,liq30_trend0,equal,1.0,2021-07-10,1.2488510355114717,0.17629873806958773,-0.16216987160393004,0.8720395389555439,0.3288787127714331,70,"{""2021"": -0.05900509665335574, ""2022"": 0.12839910466482074, ""2023"": 0.018697600285704885, ""2024"": 0.0728065758904628, ""2025"": 0.385541440377557, ""2026"": 0.40190049358965885}"
refined,m1612_20_40_40_month_start_5_top2_majority_below_ma110_liq30_trend5_equal,1月20%+6月40%+12月40%｜月初第5日 Top2｜2/3指数低于MA110空仓｜流动性30%+趋势质量5%｜equal,m1612_20_40_40,month_start_5,majority_below_ma110,liq30_trend5,equal,1.0,2021-07-10,1.2488510355114717,0.17629873806958773,-0.16216987160393004,0.8720395389555439,0.3288787127714331,70,"{""2021"": -0.05900509665335574, ""2022"": 0.12839910466482074, ""2023"": 0.018697600285704885, ""2024"": 0.0728065758904628, ""2025"": 0.385541440377557, ""2026"": 0.40190049358965885}"
refined,m1612_20_40_40_month_start_5_top2_majority_below_ma110_liq30_trend10_equal,1月20%+6月40%+12月40%｜月初第5日 Top2｜2/3指数低于MA110空仓｜流动性30%+趋势质量10%｜equal,m1612_20_40_40,month_start_5,majority_below_ma110,liq30_trend10,equal,1.0,2021-07-10,1.4506798160757328,0.19672983112163678,-0.16216987160393004,0.9461379045574353,0.3288787127714331,70,"{""2021"": -0.05900509665335574, ""2022"": 0.12839910466482074, ""2023"": 0.018697600285704885, ""2024"": 0.0728065758904628, ""2025"": 0.5524793280319442, ""2026"": 0.38162187795514146}"
refined,m612_70_30_month_start_1_top2_majority_below_ma110_liq10_trend0_equal,6月70%+12月30%｜月初第1日 Top2｜2/3指数低于MA110空仓｜流动性10%｜equal,m612_70_30,month_start_1,majority_below_ma110,liq10_trend0,equal,1.0,2021-07-10,1.5332700465189748,0.2047036670526481,-0.20679928981322582,0.9219051675095068,0.3701449594378435,68,"{""2021"": 0.04258302356023291, ""2022"": 0.08627788847728524, ""2023"": -0.07276072902501896, ""2024"": -0.07001189574723699, ""2025"": 0.5902112730286644, ""2026"": 0.6568170980705681}"
refined,m612_70_30_month_start_1_top2_majority_below_ma110_liq10_trend5_equal,6月70%+12月30%｜月初第1日 Top2｜2/3指数低于MA110空仓｜流动性10%+趋势质量5%｜equal,m612_70_30,month_start_1,majority_below_ma110,liq10_trend5,equal,1.0,2021-07-10,1.5332700465189748,0.2047036670526481,-0.20679928981322582,0.9219051675095068,0.3701449594378435,68,"{""2021"": 0.04258302356023291, ""2022"": 0.08627788847728524, ""2023"": -0.07276072902501896, ""2024"": -0.07001189574723699, ""2025"": 0.5902112730286644, ""2026"": 0.6568170980705681}"
refined,m612_70_30_month_start_1_top2_majority_below_ma110_liq10_trend10_equal,6月70%+12月30%｜月初第1日 Top2｜2/3指数低于MA110空仓｜流动性10%+趋势质量10%｜equal,m612_70_30,month_start_1,majority_below_ma110,liq10_trend10,equal,1.0,2021-07-10,1.5397122478021315,0.20531685761882534,-0.18481645694791815,0.9307620156906407,0.3701449594378435,69,"{""2021"": 0.04258302356023291, ""2022"": 0.08627788847728524, ""2023"": -0.07276072902501896, ""2024"": -0.04423812525010917, ""2025"": 0.5902112730286648, ""2026"": 0.6162378902179106}"
refined,m612_70_30_month_start_1_top2_majority_below_ma110_liq15_trend0_equal,6月70%+12月30%｜月初第1日 Top2｜2/3指数低于MA110空仓｜流动性15%｜equal,m612_70_30,month_start_1,majority_below_ma110,liq15_trend0,equal,1.0,2021-07-10,1.5332700465189748,0.2047036670526481,-0.20679928981322582,0.9219051675095068,0.3701449594378435,68,"{""2021"": 0.04258302356023291, ""2022"": 0.08627788847728524, ""2023"": -0.07276072902501896, ""2024"": -0.07001189574723699, ""2025"": 0.5902112730286644, ""2026"": 0.6568170980705681}"
refined,m612_70_30_month_start_1_top2_majority_below_ma110_liq15_trend5_equal,6月70%+12月30%｜月初第1日 Top2｜2/3指数低于MA110空仓｜流动性15%+趋势质量5%｜equal,m612_70_30,month_start_1,majority_below_ma110,liq15_trend5,equal,1.0,2021-07-10,1.5332700465189748,0.2047036670526481,-0.20679928981322582,0.9219051675095068,0.3701449594378435,68,"{""2021"": 0.04258302356023291, ""2022"": 0.08627788847728524, ""2023"": -0.07276072902501896, ""2024"": -0.07001189574723699, ""2025"": 0.5902112730286644, ""2026"": 0.6568170980705681}"
refined,m612_70_30_month_start_1_top2_majority_below_ma110_liq15_trend10_equal,6月70%+12月30%｜月初第1日 Top2｜2/3指数低于MA110空仓｜流动性15%+趋势质量10%｜equal,m612_70_30,month_start_1,majority_below_ma110,liq15_trend10,equal,1.0,2021-07-10,1.5678886777714869,0.20798425860529246,-0.2067992898132257,0.9351591908046043,0.3701449594378435,70,"{""2021"": 0.08336459186518042, ""2022"": 0.08627788847728524, ""2023"": -0.07276072902501884, ""2024"": -0.07001189574723732, ""2025"": 0.5902112730286644, ""2026"": 0.6162378902179109}"
refined,m612_70_30_month_start_1_top2_majority_below_ma110_liq20_trend0_equal,6月70%+12月30%｜月初第1日 Top2｜2/3指数低于MA110空仓｜流动性20%｜equal,m612_70_30,month_start_1,majority_below_ma110,liq20_trend0,equal,1.0,2021-07-10,1.6486432093615648,0.215501567200443,-0.2067992898132257,0.9642224306852659,0.3701449594378435,72,"{""2021"": 0.08336459186518042, ""2022"": 0.08627788847728524, ""2023"": -0.07276072902501884, ""2024"": -0.07001189574723732, ""2025"": 0.5902112730286644, ""2026"": 0.667065067771399}"
refined,m612_70_30_month_start_1_top2_majority_below_ma110_liq20_trend5_equal,6月70%+12月30%｜月初第1日 Top2｜2/3指数低于MA110空仓｜流动性20%+趋势质量5%｜equal,m612_70_30,month_start_1,majority_below_ma110,liq20_trend5,equal,1.0,2021-07-10,1.586242514271309,0.20970921430423517,-0.2067992898132257,0.9431072076664804,0.3701449594378435,72,"{""2021"": 0.08336459186518042, ""2022"": 0.08627788847728524, ""2023"": -0.07276072902501884, ""2024"": -0.07001189574723732, ""2025"": 0.5902112730286644, ""2026"": 0.6277898574969678}"
refined,m612_70_30_month_start_1_top2_majority_below_ma110_liq20_trend10_equal,6月70%+12月30%｜月初第1日 Top2｜2/3指数低于MA110空仓｜流动性20%+趋势质量10%｜equal,m612_70_30,month_start_1,majority_below_ma110,liq20_trend10,equal,1.0,2021-07-10,1.3919928043063376,0.19093215839246436,-0.2065403191400691,0.8702754062623765,0.3701449594378435,73,"{""2021"": -0.06786611523446096, ""2022"": 0.08627788847728524, ""2023"": -0.003267129829089388, ""2024"": -0.07001189574723721, ""2025"": 0.5902112730286646, ""2026"": 0.6277898574969676}"
refined,m612_70_30_month_start_1_top2_majority_below_ma110_liq25_trend0_equal,6月70%+12月30%｜月初第1日 Top2｜2/3指数低于MA110空仓｜流动性25%｜equal,m612_70_30,month_start_1,majority_below_ma110,liq25_trend0,equal,1.0,2021-07-10,1.6779574025911765,0.21818505874739724,-0.20654031914006876,0.9756184087808857,0.3702479338842975,73,"{""2021"": 0.08336459186518042, ""2022"": 0.08627788847728524, ""2023"": -0.00326712982908961, ""2024"": -0.07001189574723721, ""2025"": 0.49861328400394767, ""2026"": 0.6668932408410204}"
refined,m612_70_30_month_start_1_top2_majority_below_ma110_liq25_trend5_equal,6月70%+12月30%｜月初第1日 Top2｜2/3指数低于MA110空仓｜流动性25%+趋势质量5%｜equal,m612_70_30,month_start_1,majority_below_ma110,liq25_trend5,equal,1.0,2021-07-10,1.6151688434255602,0.2124080418823644,-0.20654031914006876,0.9545251874194164,0.3702479338842975,73,"{""2021"": 0.08336459186518042, ""2022"": 0.08627788847728524, ""2023"": -0.00326712982908961, ""2024"": -0.07001189574723721, ""2025"": 0.498786801647606, ""2026"": 0.627622078722208}"
refined,m612_70_30_month_start_1_top2_majority_below_ma110_liq25_trend10_equal,6月70%+12月30%｜月初第1日 Top2｜2/3指数低于MA110空仓｜流动性25%+趋势质量10%｜equal,m612_70_30,month_start_1,majority_below_ma110,liq25_trend10,equal,1.0,2021-07-10,1.3179242194612644,0.18345030161201104,-0.2065403191400691,0.8532234935371985,0.3702479338842975,73,"{""2021"": -0.06786611523446096, ""2022"": 0.08627788847728524, ""2023"": -0.003267129829089388, ""2024"": -0.07001189574723721, ""2025"": 0.5409700467895426, ""2026"": 0.627789856118881}"
refined,m612_70_30_month_start_1_top2_majority_below_ma110_liq30_trend0_equal,6月70%+12月30%｜月初第1日 Top2｜2/3指数低于MA110空仓｜流动性30%｜equal,m612_70_30,month_start_1,majority_below_ma110,liq30_trend0,equal,1.0,2021-07-10,1.6779574025911765,0.21818505874739724,-0.20654031914006876,0.9756184087808857,0.3702479338842975,73,"{""2021"": 0.08336459186518042, ""2022"": 0.08627788847728524, ""2023"": -0.00326712982908961, ""2024"": -0.07001189574723721, ""2025"": 0.49861328400394767, ""2026"": 0.6668932408410204}"
refined,m612_70_30_month_start_1_top2_majority_below_ma110_liq30_trend5_equal,6月70%+12月30%｜月初第1日 Top2｜2/3指数低于MA110空仓｜流动性30%+趋势质量5%｜equal,m612_70_30,month_start_1,majority_below_ma110,liq30_trend5,equal,1.0,2021-07-10,1.249847646421352,0.17640316420305924,-0.2065403191400691,0.825379852525512,0.3702479338842975,74,"{""2021"": -0.06786611523446096, ""2022"": 0.08627788847728524, ""2023"": -0.003267129829089388, ""2024"": -0.07001189574723721, ""2025"": 0.49861328400394767, ""2026"": 0.627622078722208}"
refined,m612_70_30_month_start_1_top2_majority_below_ma110_liq30_trend10_equal,6月70%+12月30%｜月初第1日 Top2｜2/3指数低于MA110空仓｜流动性30%+趋势质量10%｜equal,m612_70_30,month_start_1,majority_below_ma110,liq30_trend10,equal,1.0,2021-07-10,1.2501081460888548,0.176430453584971,-0.2065403191400691,0.8254740475884406,0.3702479338842975,74,"{""2021"": -0.06786611523446096, ""2022"": 0.08627788847728524, ""2023"": -0.003267129829089388, ""2024"": -0.07001189574723721, ""2025"": 0.498786801647606, ""2026"": 0.6276220787222084}"
