signal_date,trade_date,rebalance_day,regime_changed,market_bad,market_note,sleeve,selected,targets
2021-07-12,2021-07-13,True,False,False,"MA120|true_weak=3/6(50%)|弱:沪深300,恒生指数,恒生科技|MA↓:恒生科技|死叉:3|强:创业板,科创50,中证500|⚠高确信弱市|待确认弱市(1/2d)",offensive,新能源车;芯片,515700:50.0%;159995:50.0%
2021-07-13,2021-07-14,False,True,True,"MA120|true_weak=3/6(50%)|弱:沪深300,恒生指数,恒生科技|MA↓:恒生科技|死叉:3|强:创业板,科创50,中证500|⚠高确信弱市|确认弱市(连续2d)",defensive,标普500;纳指,513500:50.0%;513100:50.0%
2021-07-14,2021-07-15,True,False,True,"MA120|true_weak=3/6(50%)|弱:沪深300,恒生指数,恒生科技|MA↓:恒生科技|死叉:3|强:创业板,科创50,中证500|⚠高确信弱市|冷却中(1/5d)→维持弱",defensive,标普500;纳指,513500:50.0%;513100:50.0%
2021-07-15,2021-07-16,False,False,True,"MA120|true_weak=3/6(50%)|弱:沪深300,恒生指数,恒生科技|MA↓:恒生科技|死叉:3|强:创业板,科创50,中证500|⚠高确信弱市|冷却中(2/5d)→维持弱",defensive,,
2021-07-16,2021-07-19,False,False,True,"MA120|true_weak=3/6(50%)|弱:沪深300,恒生指数,恒生科技|MA↓:恒生科技|死叉:3|强:创业板,科创50,中证500|⚠高确信弱市|冷却中(3/5d)→维持弱",defensive,,
2021-07-19,2021-07-20,False,False,True,"MA120|true_weak=3/6(50%)|弱:沪深300,恒生指数,恒生科技|MA↓:恒生科技|死叉:3|强:创业板,科创50,中证500|⚠高确信弱市|冷却中(4/5d)→维持弱",defensive,,
2021-07-20,2021-07-21,False,False,True,"MA120|true_weak=3/6(50%)|弱:沪深300,恒生指数,恒生科技|MA↓:沪深300,恒生科技|死叉:3|强:创业板,科创50,中证500|⚠高确信弱市",defensive,,
2021-07-21,2021-07-22,False,False,True,"MA120|true_weak=3/6(50%)|弱:沪深300,恒生指数,恒生科技|MA↓:沪深300,恒生科技|死叉:3|强:创业板,科创50,中证500|⚠高确信弱市|确认弱市(连续2d)",defensive,,
2021-07-22,2021-07-23,False,False,True,"MA120|true_weak=3/6(50%)|弱:沪深300,恒生指数,恒生科技|MA↓:沪深300,恒生科技|死叉:3|强:创业板,科创50,中证500|⚠高确信弱市",defensive,,
2021-07-23,2021-07-26,False,False,True,"MA120|true_weak=3/6(50%)|弱:沪深300,恒生指数,恒生科技|MA↓:沪深300,恒生科技|死叉:3|强:创业板,科创50,中证500|⚠高确信弱市|确认弱市(连续2d)",defensive,,
2021-07-26,2021-07-27,False,False,True,"MA120|true_weak=3/6(50%)|弱:沪深300,恒生指数,恒生科技|MA↓:沪深300,恒生科技|死叉:3|强:创业板,科创50,中证500|⚠高确信弱市",defensive,,
2021-07-27,2021-07-28,False,False,True,"MA120|true_weak=3/6(50%)|弱:沪深300,恒生指数,恒生科技|MA↓:沪深300,恒生指数,恒生科技|死叉:3|强:创业板,科创50,中证500|⚠高确信弱市|确认弱市(连续2d)",defensive,,
2021-07-28,2021-07-29,False,False,True,"MA120|true_weak=3/6(50%)|弱:沪深300,恒生指数,恒生科技|MA↓:沪深300,恒生指数,恒生科技|死叉:3|强:创业板,科创50,中证500|⚠高确信弱市",defensive,,
2021-07-29,2021-07-30,False,False,True,"MA120|true_weak=3/6(50%)|弱:沪深300,恒生指数,恒生科技|MA↓:沪深300,恒生指数,恒生科技|死叉:3|强:创业板,科创50,中证500|⚠高确信弱市|确认弱市(连续2d)",defensive,,
2021-07-30,2021-08-02,False,False,True,"MA120|true_weak=3/6(50%)|弱:沪深300,恒生指数,恒生科技|MA↓:沪深300,恒生指数,恒生科技|死叉:3|强:创业板,科创50,中证500|⚠高确信弱市",defensive,,
2021-08-02,2021-08-03,False,False,True,"MA120|true_weak=3/6(50%)|弱:沪深300,恒生指数,恒生科技|MA↓:沪深300,恒生指数,恒生科技|死叉:3|强:创业板,科创50,中证500|⚠高确信弱市|确认弱市(连续2d)",defensive,,
2021-08-03,2021-08-04,True,False,True,"MA120|true_weak=3/6(50%)|弱:沪深300,恒生指数,恒生科技|MA↓:沪深300,恒生指数,恒生科技|死叉:3|强:创业板,科创50,中证500|⚠高确信弱市",defensive,标普500;纳指,513500:50.0%;513100:50.0%
2021-08-04,2021-08-05,False,False,True,"MA120|true_weak=3/6(50%)|弱:沪深300,恒生指数,恒生科技|MA↓:沪深300,恒生指数,恒生科技|死叉:3|强:创业板,科创50,中证500|⚠高确信弱市|确认弱市(连续2d)",defensive,,
2021-08-05,2021-08-06,False,False,True,"MA120|true_weak=3/6(50%)|弱:沪深300,恒生指数,恒生科技|MA↓:沪深300,恒生指数,恒生科技|死叉:3|强:创业板,科创50,中证500|⚠高确信弱市",defensive,,
2021-08-06,2021-08-09,False,False,True,"MA120|true_weak=3/6(50%)|弱:沪深300,恒生指数,恒生科技|MA↓:沪深300,恒生指数,恒生科技|死叉:3|强:创业板,科创50,中证500|⚠高确信弱市|确认弱市(连续2d)",defensive,,
2021-08-09,2021-08-10,False,False,True,"MA120|true_weak=3/6(50%)|弱:沪深300,恒生指数,恒生科技|MA↓:沪深300,恒生指数,恒生科技|死叉:3|强:创业板,科创50,中证500|⚠高确信弱市",defensive,,
2021-08-10,2021-08-11,False,False,True,"MA120|true_weak=3/6(50%)|弱:沪深300,恒生指数,恒生科技|MA↓:沪深300,恒生指数,恒生科技|死叉:3|强:创业板,科创50,中证500|⚠高确信弱市|确认弱市(连续2d)",defensive,,
2021-08-11,2021-08-12,False,False,True,"MA120|true_weak=3/6(50%)|弱:沪深300,恒生指数,恒生科技|MA↓:沪深300,恒生指数,恒生科技|死叉:3|强:创业板,科创50,中证500|⚠高确信弱市",defensive,,
2021-08-12,2021-08-13,False,False,True,"MA120|true_weak=3/6(50%)|弱:沪深300,恒生指数,恒生科技|MA↓:沪深300,恒生指数,恒生科技|死叉:3|强:创业板,科创50,中证500|⚠高确信弱市|确认弱市(连续2d)",defensive,,
2021-08-13,2021-08-16,False,False,True,"MA120|true_weak=3/6(50%)|弱:沪深300,恒生指数,恒生科技|MA↓:沪深300,恒生指数,恒生科技|死叉:3|强:创业板,科创50,中证500|⚠高确信弱市",defensive,,
2021-08-16,2021-08-17,False,False,True,"MA120|true_weak=3/6(50%)|弱:沪深300,恒生指数,恒生科技|MA↓:沪深300,恒生指数,恒生科技|死叉:3|强:创业板,科创50,中证500|⚠高确信弱市|确认弱市(连续2d)",defensive,,
2021-08-17,2021-08-18,False,False,True,"MA120|true_weak=3/6(50%)|弱:沪深300,恒生指数,恒生科技|MA↓:沪深300,恒生指数,恒生科技|死叉:3|强:创业板,科创50,中证500|⚠高确信弱市",defensive,,
2021-08-18,2021-08-19,False,False,True,"MA120|true_weak=3/6(50%)|弱:沪深300,恒生指数,恒生科技|MA↓:沪深300,恒生指数,恒生科技|死叉:3|强:创业板,科创50,中证500|⚠高确信弱市|确认弱市(连续2d)",defensive,,
2021-08-19,2021-08-20,False,False,True,"MA120|true_weak=3/6(50%)|弱:沪深300,恒生指数,恒生科技|MA↓:沪深300,恒生指数,恒生科技|死叉:3|强:创业板,科创50,中证500|⚠高确信弱市",defensive,,
2021-08-20,2021-08-23,False,False,True,"MA120|true_weak=3/6(50%)|弱:沪深300,恒生指数,恒生科技|MA↓:沪深300,恒生指数,恒生科技|死叉:3|强:创业板,科创50,中证500|⚠高确信弱市|确认弱市(连续2d)",defensive,,
2021-08-23,2021-08-24,False,False,True,"MA120|true_weak=3/6(50%)|弱:沪深300,恒生指数,恒生科技|MA↓:沪深300,恒生指数,恒生科技|死叉:3|强:创业板,科创50,中证500|⚠高确信弱市",defensive,,
2021-08-24,2021-08-25,False,False,True,"MA120|true_weak=3/6(50%)|弱:沪深300,恒生指数,恒生科技|MA↓:沪深300,恒生指数,恒生科技|死叉:3|强:创业板,科创50,中证500|⚠高确信弱市|确认弱市(连续2d)",defensive,,
2021-08-25,2021-08-26,False,False,True,"MA120|true_weak=3/6(50%)|弱:沪深300,恒生指数,恒生科技|MA↓:沪深300,恒生指数,恒生科技|死叉:3|强:创业板,科创50,中证500|⚠高确信弱市",defensive,,
2021-08-26,2021-08-27,False,False,True,"MA120|true_weak=3/6(50%)|弱:沪深300,恒生指数,恒生科技|MA↓:沪深300,恒生指数,恒生科技|死叉:3|强:创业板,科创50,中证500|⚠高确信弱市|确认弱市(连续2d)",defensive,,
2021-08-27,2021-08-30,False,False,True,"MA120|true_weak=3/6(50%)|弱:沪深300,恒生指数,恒生科技|MA↓:沪深300,恒生指数,恒生科技|死叉:3|强:创业板,科创50,中证500|⚠高确信弱市",defensive,,
2021-08-30,2021-08-31,False,False,True,"MA120|true_weak=3/6(50%)|弱:沪深300,恒生指数,恒生科技|MA↓:沪深300,恒生指数,恒生科技|死叉:3|强:创业板,科创50,中证500|⚠高确信弱市|确认弱市(连续2d)",defensive,,
2021-08-31,2021-09-01,False,False,True,"MA120|true_weak=3/6(50%)|弱:沪深300,恒生指数,恒生科技|MA↓:沪深300,恒生指数,恒生科技|死叉:3|强:创业板,科创50,中证500|⚠高确信弱市",defensive,,
2021-09-01,2021-09-02,False,False,True,"MA120|true_weak=3/6(50%)|弱:沪深300,恒生指数,恒生科技|MA↓:沪深300,恒生指数,恒生科技|死叉:3|强:创业板,科创50,中证500|⚠高确信弱市|确认弱市(连续2d)",defensive,,
2021-09-02,2021-09-03,True,False,True,"MA120|true_weak=3/6(50%)|弱:沪深300,恒生指数,恒生科技|MA↓:沪深300,恒生指数,恒生科技|死叉:3|假弱(忽略):创业板,科创50|强:中证500|⚠高确信弱市",defensive,纳指;标普500,513100:50.0%;513500:50.0%
2021-09-03,2021-09-06,False,False,True,"MA120|true_weak=3/6(50%)|弱:沪深300,恒生指数,恒生科技|MA↓:沪深300,恒生指数,恒生科技|死叉:3|假弱(忽略):创业板,科创50|强:中证500|⚠高确信弱市|确认弱市(连续2d)",defensive,,
2021-09-06,2021-09-07,False,False,True,"MA120|true_weak=3/6(50%)|弱:沪深300,恒生指数,恒生科技|MA↓:沪深300,恒生指数,恒生科技|死叉:3|强:创业板,科创50,中证500|⚠高确信弱市",defensive,,
2021-09-07,2021-09-08,False,False,True,"MA120|true_weak=3/6(50%)|弱:沪深300,恒生指数,恒生科技|MA↓:沪深300,恒生指数,恒生科技|死叉:3|强:创业板,科创50,中证500|⚠高确信弱市|确认弱市(连续2d)",defensive,,
2021-09-08,2021-09-09,False,False,True,"MA120|true_weak=3/6(50%)|弱:沪深300,恒生指数,恒生科技|MA↓:沪深300,恒生指数,恒生科技|死叉:3|假弱(忽略):科创50|强:创业板,中证500|⚠高确信弱市",defensive,,
2021-09-09,2021-09-10,False,False,True,"MA120|true_weak=3/6(50%)|弱:沪深300,恒生指数,恒生科技|MA↓:沪深300,恒生指数,恒生科技|死叉:3|假弱(忽略):科创50|强:创业板,中证500|⚠高确信弱市|确认弱市(连续2d)",defensive,,
2021-09-10,2021-09-13,False,False,True,"MA120|true_weak=3/6(50%)|弱:沪深300,恒生指数,恒生科技|MA↓:沪深300,恒生指数,恒生科技|死叉:3|假弱(忽略):科创50|强:创业板,中证500|⚠高确信弱市",defensive,,
2021-09-13,2021-09-14,False,False,True,"MA120|true_weak=3/6(50%)|弱:沪深300,恒生指数,恒生科技|MA↓:沪深300,恒生指数,恒生科技|死叉:3|假弱(忽略):科创50|强:创业板,中证500|⚠高确信弱市|确认弱市(连续2d)",defensive,,
2021-09-14,2021-09-15,False,False,True,"MA120|true_weak=3/6(50%)|弱:沪深300,恒生指数,恒生科技|MA↓:沪深300,恒生指数,恒生科技|死叉:3|假弱(忽略):科创50|强:创业板,中证500|⚠高确信弱市",defensive,,
2021-09-15,2021-09-16,False,False,True,"MA120|true_weak=3/6(50%)|弱:沪深300,恒生指数,恒生科技|MA↓:沪深300,恒生指数,恒生科技|死叉:3|假弱(忽略):科创50|强:创业板,中证500|⚠高确信弱市|确认弱市(连续2d)",defensive,,
2021-09-16,2021-09-17,False,False,True,"MA120|true_weak=3/6(50%)|弱:沪深300,恒生指数,恒生科技|MA↓:沪深300,恒生指数,恒生科技|死叉:3|假弱(忽略):创业板,科创50|强:中证500|⚠高确信弱市",defensive,,
2021-09-17,2021-09-22,False,False,True,"MA120|true_weak=3/6(50%)|弱:沪深300,恒生指数,恒生科技|MA↓:沪深300,恒生指数,恒生科技|死叉:3|假弱(忽略):创业板,科创50|强:中证500|⚠高确信弱市|确认弱市(连续2d)",defensive,,
2021-09-22,2021-09-23,False,True,False,"MA120|true_weak=1/4(25%)|弱:沪深300|MA↓:沪深300|死叉:1|假弱(忽略):创业板,科创50|强:中证500|确认强市(连续1d)",offensive,新能源车;能源,515700:50.0%;159930:50.0%
2021-09-23,2021-09-24,False,False,False,"MA120|true_weak=3/6(50%)|弱:沪深300,恒生指数,恒生科技|MA↓:沪深300,恒生指数,恒生科技|死叉:3|假弱(忽略):创业板,科创50|强:中证500|⚠高确信弱市|冷却中(1/5d)→维持强",offensive,,
2021-09-24,2021-09-27,False,False,False,"MA120|true_weak=3/6(50%)|弱:沪深300,恒生指数,恒生科技|MA↓:沪深300,恒生指数,恒生科技|死叉:3|假弱(忽略):创业板,科创50|强:中证500|⚠高确信弱市|冷却中(2/5d)→维持强",offensive,,
2021-09-27,2021-09-28,False,False,False,"MA120|true_weak=3/6(50%)|弱:沪深300,恒生指数,恒生科技|MA↓:沪深300,恒生指数,恒生科技|死叉:3|假弱(忽略):科创50|强:创业板,中证500|⚠高确信弱市|冷却中(3/5d)→维持强",offensive,,
2021-09-28,2021-09-29,False,False,False,"MA120|true_weak=3/6(50%)|弱:沪深300,恒生指数,恒生科技|MA↓:沪深300,恒生指数,恒生科技|死叉:3|假弱(忽略):创业板,科创50|强:中证500|⚠高确信弱市|冷却中(4/5d)→维持强",offensive,,
2021-09-29,2021-09-30,False,False,False,"MA120|true_weak=3/6(50%)|弱:沪深300,恒生指数,恒生科技|MA↓:沪深300,恒生指数,恒生科技|死叉:3|假弱(忽略):创业板,科创50|强:中证500|⚠高确信弱市|待确认弱市(1/2d)",offensive,,
2021-09-30,2021-10-08,False,True,True,"MA120|true_weak=3/6(50%)|弱:沪深300,恒生指数,恒生科技|MA↓:沪深300,恒生指数,恒生科技|死叉:3|假弱(忽略):科创50|强:创业板,中证500|⚠高确信弱市|确认弱市(连续2d)",defensive,标普500;纳指,513500:50.0%;513100:50.0%
2021-10-08,2021-10-11,False,False,True,"MA120|true_weak=3/6(50%)|弱:沪深300,恒生指数,恒生科技|MA↓:沪深300,恒生指数,恒生科技|死叉:3|假弱(忽略):科创50|强:创业板,中证500|⚠高确信弱市|冷却中(1/5d)→维持弱",defensive,,
2021-10-11,2021-10-12,True,False,True,"MA120|true_weak=3/6(50%)|弱:沪深300,恒生指数,恒生科技|MA↓:沪深300,恒生指数,恒生科技|死叉:3|假弱(忽略):创业板,科创50|强:中证500|⚠高确信弱市|冷却中(2/5d)→维持弱",defensive,标普500;纳指,513500:50.0%;513100:50.0%
2021-10-12,2021-10-13,False,False,True,"MA120|true_weak=3/6(50%)|弱:沪深300,恒生指数,恒生科技|MA↓:沪深300,恒生指数,恒生科技|死叉:3|假弱(忽略):创业板,科创50|强:中证500|⚠高确信弱市|冷却中(3/5d)→维持弱",defensive,,
2021-10-13,2021-10-14,False,False,True,"MA120|true_weak=1/4(25%)|弱:沪深300|死叉:1|假弱(忽略):创业板,科创50|强:中证500|冷却中(4/5d)→维持弱",defensive,,
2021-10-14,2021-10-15,False,True,False,"MA120|true_weak=1/4(25%)|弱:沪深300|死叉:1|假弱(忽略):创业板,科创50|强:中证500|确认强市(连续1d)",offensive,新能源车;有色金属,515700:50.0%;512400:50.0%
2021-10-15,2021-10-18,False,False,False,"MA120|true_weak=3/6(50%)|弱:沪深300,恒生指数,恒生科技|MA↓:恒生指数,恒生科技|死叉:3|假弱(忽略):科创50|强:创业板,中证500|⚠高确信弱市|冷却中(1/5d)→维持强",offensive,,
2021-10-18,2021-10-19,False,False,False,"MA120|true_weak=3/6(50%)|弱:沪深300,恒生指数,恒生科技|MA↓:恒生指数,恒生科技|死叉:3|假弱(忽略):科创50|强:创业板,中证500|⚠高确信弱市|冷却中(2/5d)→维持强",offensive,,
2021-10-19,2021-10-20,False,False,False,"MA120|true_weak=3/6(50%)|弱:沪深300,恒生指数,恒生科技|MA↓:恒生指数,恒生科技|死叉:3|假弱(忽略):科创50|强:创业板,中证500|⚠高确信弱市|冷却中(3/5d)→维持强",offensive,,
2021-10-20,2021-10-21,False,False,False,"MA120|true_weak=4/6(67%)|弱:沪深300,科创50,恒生指数,恒生科技|MA↓:恒生指数,恒生科技|死叉:4|强:创业板,中证500|⚠高确信弱市|冷却中(4/5d)→维持强",offensive,,
2021-10-21,2021-10-22,False,False,False,"MA120|true_weak=4/6(67%)|弱:沪深300,科创50,恒生指数,恒生科技|MA↓:沪深300,恒生指数,恒生科技|死叉:4|强:创业板,中证500|⚠高确信弱市|待确认弱市(1/2d)",offensive,,
2021-10-22,2021-10-25,False,True,True,"MA120|true_weak=4/6(67%)|弱:沪深300,科创50,恒生指数,恒生科技|MA↓:沪深300,恒生指数,恒生科技|死叉:5|强:创业板,中证500|⚠高确信弱市|确认弱市(连续2d)",defensive,标普500;纳指,513500:50.0%;513100:50.0%
2021-10-25,2021-10-26,False,False,True,"MA120|true_weak=4/6(67%)|弱:沪深300,科创50,恒生指数,恒生科技|MA↓:沪深300,恒生指数,恒生科技|死叉:5|强:创业板,中证500|⚠高确信弱市|冷却中(1/5d)→维持弱",defensive,,
2021-10-26,2021-10-27,False,False,True,"MA120|true_weak=4/6(67%)|弱:沪深300,科创50,恒生指数,恒生科技|MA↓:沪深300,恒生指数,恒生科技|死叉:5|强:创业板,中证500|⚠高确信弱市|冷却中(2/5d)→维持弱",defensive,,
2021-10-27,2021-10-28,False,False,True,"MA120|true_weak=4/6(67%)|弱:沪深300,科创50,恒生指数,恒生科技|MA↓:沪深300,恒生指数,恒生科技|死叉:5|强:创业板,中证500|⚠高确信弱市|冷却中(3/5d)→维持弱",defensive,,
2021-10-28,2021-10-29,False,False,True,"MA120|true_weak=4/6(67%)|弱:沪深300,科创50,恒生指数,恒生科技|MA↓:沪深300,恒生指数,恒生科技|死叉:5|强:创业板,中证500|⚠高确信弱市|冷却中(4/5d)→维持弱",defensive,,
2021-10-29,2021-11-01,False,False,True,"MA120|true_weak=4/6(67%)|弱:沪深300,科创50,恒生指数,恒生科技|MA↓:沪深300,恒生指数,恒生科技|死叉:5|强:创业板,中证500|⚠高确信弱市",defensive,,
2021-11-01,2021-11-02,False,False,True,"MA120|true_weak=4/6(67%)|弱:沪深300,科创50,恒生指数,恒生科技|MA↓:沪深300,恒生指数,恒生科技|死叉:5|强:创业板,中证500|⚠高确信弱市|确认弱市(连续2d)",defensive,,
2021-11-02,2021-11-03,True,False,True,"MA120|true_weak=4/6(67%)|弱:沪深300,科创50,恒生指数,恒生科技|MA↓:沪深300,恒生指数,恒生科技|死叉:5|强:创业板,中证500|⚠高确信弱市",defensive,标普500;纳指,513500:50.0%;513100:50.0%
2021-11-03,2021-11-04,False,False,True,"MA120|true_weak=4/6(67%)|弱:沪深300,科创50,恒生指数,恒生科技|MA↓:恒生指数,恒生科技|死叉:5|强:创业板,中证500|⚠高确信弱市|确认弱市(连续2d)",defensive,,
2021-11-04,2021-11-05,False,False,True,"MA120|true_weak=4/6(67%)|弱:沪深300,科创50,恒生指数,恒生科技|MA↓:恒生指数,恒生科技|死叉:5|强:创业板,中证500|⚠高确信弱市",defensive,,
2021-11-05,2021-11-08,False,False,True,"MA120|true_weak=4/6(67%)|弱:沪深300,科创50,恒生指数,恒生科技|MA↓:恒生指数,恒生科技|死叉:5|强:创业板,中证500|⚠高确信弱市|确认弱市(连续2d)",defensive,,
2021-11-08,2021-11-09,False,False,True,"MA120|true_weak=4/6(67%)|弱:沪深300,科创50,恒生指数,恒生科技|MA↓:恒生指数,恒生科技|死叉:5|强:创业板,中证500|⚠高确信弱市",defensive,,
2021-11-09,2021-11-10,False,False,True,"MA120|true_weak=4/6(67%)|弱:沪深300,科创50,恒生指数,恒生科技|MA↓:沪深300,恒生指数,恒生科技|死叉:5|强:创业板,中证500|⚠高确信弱市|确认弱市(连续2d)",defensive,,
2021-11-10,2021-11-11,False,False,True,"MA120|true_weak=4/6(67%)|弱:沪深300,科创50,恒生指数,恒生科技|MA↓:沪深300,恒生指数,恒生科技|死叉:5|强:创业板,中证500|⚠高确信弱市",defensive,,
2021-11-11,2021-11-12,False,False,True,"MA120|true_weak=4/6(67%)|弱:沪深300,科创50,恒生指数,恒生科技|MA↓:沪深300,恒生指数,恒生科技|死叉:5|强:创业板,中证500|⚠高确信弱市|确认弱市(连续2d)",defensive,,
2021-11-12,2021-11-15,False,False,True,"MA120|true_weak=4/6(67%)|弱:沪深300,科创50,恒生指数,恒生科技|MA↓:沪深300,恒生指数,恒生科技|死叉:5|强:创业板,中证500|⚠高确信弱市",defensive,,
2021-11-15,2021-11-16,False,False,True,"MA120|true_weak=4/6(67%)|弱:沪深300,科创50,恒生指数,恒生科技|MA↓:沪深300,恒生指数,恒生科技|死叉:5|强:创业板,中证500|⚠高确信弱市|确认弱市(连续2d)",defensive,,
2021-11-16,2021-11-17,False,False,True,"MA120|true_weak=4/6(67%)|弱:沪深300,科创50,恒生指数,恒生科技|MA↓:沪深300,恒生指数,恒生科技|死叉:5|强:创业板,中证500|⚠高确信弱市",defensive,,
2021-11-17,2021-11-18,False,False,True,"MA120|true_weak=4/6(67%)|弱:沪深300,科创50,恒生指数,恒生科技|MA↓:沪深300,恒生指数,恒生科技|死叉:5|强:创业板,中证500|⚠高确信弱市|确认弱市(连续2d)",defensive,,
2021-11-18,2021-11-19,False,False,True,"MA120|true_weak=4/6(67%)|弱:沪深300,科创50,恒生指数,恒生科技|MA↓:沪深300,恒生指数,恒生科技|死叉:5|强:创业板,中证500|⚠高确信弱市",defensive,,
2021-11-19,2021-11-22,False,False,True,"MA120|true_weak=4/6(67%)|弱:沪深300,科创50,恒生指数,恒生科技|MA↓:沪深300,恒生指数,恒生科技|死叉:5|强:创业板,中证500|⚠高确信弱市|确认弱市(连续2d)",defensive,,
2021-11-22,2021-11-23,False,False,True,"MA120|true_weak=3/6(50%)|弱:沪深300,恒生指数,恒生科技|MA↓:沪深300,恒生指数,恒生科技|死叉:5|强:创业板,科创50,中证500|⚠高确信弱市",defensive,,
2021-11-23,2021-11-24,False,False,True,"MA120|true_weak=3/6(50%)|弱:沪深300,恒生指数,恒生科技|MA↓:沪深300,恒生指数,恒生科技|死叉:5|强:创业板,科创50,中证500|⚠高确信弱市|确认弱市(连续2d)",defensive,,
2021-11-24,2021-11-25,False,False,True,"MA120|true_weak=3/6(50%)|弱:沪深300,恒生指数,恒生科技|MA↓:沪深300,恒生指数,恒生科技|死叉:5|强:创业板,科创50,中证500|⚠高确信弱市",defensive,,
2021-11-25,2021-11-26,False,False,True,"MA120|true_weak=4/6(67%)|弱:沪深300,科创50,恒生指数,恒生科技|MA↓:沪深300,恒生指数,恒生科技|死叉:5|强:创业板,中证500|⚠高确信弱市|确认弱市(连续2d)",defensive,,
2021-11-26,2021-11-29,False,False,True,"MA120|true_weak=4/6(67%)|弱:沪深300,科创50,恒生指数,恒生科技|MA↓:沪深300,恒生指数,恒生科技|死叉:5|强:创业板,中证500|⚠高确信弱市",defensive,,
2021-11-29,2021-11-30,False,False,True,"MA120|true_weak=3/6(50%)|弱:沪深300,恒生指数,恒生科技|MA↓:沪深300,恒生指数,恒生科技|死叉:5|强:创业板,科创50,中证500|⚠高确信弱市|确认弱市(连续2d)",defensive,,
2021-11-30,2021-12-01,False,False,True,"MA120|true_weak=3/6(50%)|弱:沪深300,恒生指数,恒生科技|MA↓:沪深300,恒生指数,恒生科技|死叉:5|强:创业板,科创50,中证500|⚠高确信弱市",defensive,,
2021-12-01,2021-12-02,False,False,True,"MA120|true_weak=4/6(67%)|弱:沪深300,科创50,恒生指数,恒生科技|MA↓:沪深300,恒生指数,恒生科技|死叉:5|强:创业板,中证500|⚠高确信弱市|确认弱市(连续2d)",defensive,,
2021-12-02,2021-12-03,True,False,True,"MA120|true_weak=4/6(67%)|弱:沪深300,科创50,恒生指数,恒生科技|MA↓:沪深300,恒生指数,恒生科技|死叉:5|强:创业板,中证500|⚠高确信弱市",defensive,纳指;标普500,513100:50.0%;513500:50.0%
2021-12-03,2021-12-06,False,False,True,"MA120|true_weak=4/6(67%)|弱:沪深300,科创50,恒生指数,恒生科技|MA↓:沪深300,恒生指数,恒生科技|死叉:5|强:创业板,中证500|⚠高确信弱市|确认弱市(连续2d)",defensive,,
2021-12-06,2021-12-07,False,False,True,"MA120|true_weak=4/6(67%)|弱:沪深300,科创50,恒生指数,恒生科技|MA↓:沪深300,恒生指数,恒生科技|死叉:5|强:创业板,中证500|⚠高确信弱市",defensive,,
2021-12-07,2021-12-08,False,False,True,"MA120|true_weak=4/6(67%)|弱:沪深300,科创50,恒生指数,恒生科技|MA↓:沪深300,恒生指数,恒生科技|死叉:4|强:创业板,中证500|⚠高确信弱市|确认弱市(连续2d)",defensive,,
2021-12-08,2021-12-09,False,False,True,"MA120|true_weak=3/6(50%)|弱:科创50,恒生指数,恒生科技|MA↓:沪深300,恒生指数,恒生科技|死叉:4|强:创业板,中证500|⚠高确信弱市",defensive,,
2021-12-09,2021-12-10,False,False,True,"MA120|true_weak=3/6(50%)|弱:科创50,恒生指数,恒生科技|MA↓:沪深300,恒生指数,恒生科技|死叉:4|强:创业板,中证500|⚠高确信弱市|确认弱市(连续2d)",defensive,,
2021-12-10,2021-12-13,False,False,True,"MA120|true_weak=3/6(50%)|弱:科创50,恒生指数,恒生科技|MA↓:沪深300,恒生指数,恒生科技|死叉:4|强:创业板,中证500|⚠高确信弱市",defensive,,
2021-12-13,2021-12-14,False,False,True,"MA120|true_weak=3/6(50%)|弱:科创50,恒生指数,恒生科技|MA↓:沪深300,恒生指数,恒生科技|死叉:4|强:创业板,中证500|⚠高确信弱市|确认弱市(连续2d)",defensive,,
2021-12-14,2021-12-15,False,False,True,"MA120|true_weak=3/6(50%)|弱:科创50,恒生指数,恒生科技|MA↓:沪深300,恒生指数,恒生科技|死叉:4|强:创业板,中证500|⚠高确信弱市",defensive,,
2021-12-15,2021-12-16,False,False,True,"MA120|true_weak=3/6(50%)|弱:科创50,恒生指数,恒生科技|MA↓:沪深300,恒生指数,恒生科技|死叉:4|强:创业板,中证500|⚠高确信弱市|确认弱市(连续2d)",defensive,,
2021-12-16,2021-12-17,False,False,True,"MA120|true_weak=3/6(50%)|弱:科创50,恒生指数,恒生科技|MA↓:沪深300,恒生指数,恒生科技|死叉:4|强:创业板,中证500|⚠高确信弱市",defensive,,
2021-12-17,2021-12-20,False,False,True,"MA120|true_weak=3/6(50%)|弱:科创50,恒生指数,恒生科技|MA↓:沪深300,恒生指数,恒生科技|死叉:4|强:创业板,中证500|⚠高确信弱市|确认弱市(连续2d)",defensive,,
2021-12-20,2021-12-21,False,False,True,"MA120|true_weak=4/6(67%)|弱:沪深300,科创50,恒生指数,恒生科技|MA↓:沪深300,恒生指数,恒生科技|死叉:4|假弱(忽略):创业板|强:中证500|⚠高确信弱市",defensive,,
2021-12-21,2021-12-22,False,False,True,"MA120|true_weak=4/6(67%)|弱:沪深300,科创50,恒生指数,恒生科技|MA↓:沪深300,恒生指数,恒生科技|死叉:4|假弱(忽略):创业板|强:中证500|⚠高确信弱市|确认弱市(连续2d)",defensive,,
2021-12-22,2021-12-23,False,False,True,"MA120|true_weak=4/6(67%)|弱:沪深300,科创50,恒生指数,恒生科技|MA↓:沪深300,恒生指数,恒生科技|死叉:4|强:创业板,中证500|⚠高确信弱市",defensive,,
2021-12-23,2021-12-24,False,False,True,"MA120|true_weak=3/6(50%)|弱:科创50,恒生指数,恒生科技|MA↓:沪深300,科创50,恒生指数,恒生科技|死叉:4|强:创业板,中证500|⚠高确信弱市|确认弱市(连续2d)",defensive,,
2021-12-24,2021-12-27,False,False,True,"MA120|true_weak=4/6(67%)|弱:沪深300,科创50,恒生指数,恒生科技|MA↓:沪深300,科创50,恒生指数,恒生科技|死叉:4|假弱(忽略):创业板|强:中证500|⚠高确信弱市",defensive,,
2021-12-27,2021-12-28,False,False,True,"MA120|true_weak=2/4(50%)|弱:沪深300,科创50|MA↓:沪深300,科创50|死叉:2|假弱(忽略):创业板|强:中证500|⚠高确信弱市|确认弱市(连续2d)",defensive,,
2021-12-28,2021-12-29,False,False,True,"MA120|true_weak=3/6(50%)|弱:科创50,恒生指数,恒生科技|MA↓:沪深300,科创50,恒生指数,恒生科技|死叉:4|假弱(忽略):创业板|强:中证500|⚠高确信弱市",defensive,,
2021-12-29,2021-12-30,False,False,True,"MA120|true_weak=4/6(67%)|弱:沪深300,科创50,恒生指数,恒生科技|MA↓:沪深300,科创50,恒生指数,恒生科技|死叉:4|假弱(忽略):创业板|强:中证500|⚠高确信弱市|确认弱市(连续2d)",defensive,,
2021-12-30,2021-12-31,False,False,True,"MA120|true_weak=4/6(67%)|弱:沪深300,科创50,恒生指数,恒生科技|MA↓:沪深300,科创50,恒生指数,恒生科技|死叉:4|假弱(忽略):创业板|强:中证500|⚠高确信弱市",defensive,,
2021-12-31,2022-01-04,False,False,True,"MA120|true_weak=3/6(50%)|弱:科创50,恒生指数,恒生科技|MA↓:沪深300,科创50,恒生指数,恒生科技|死叉:4|假弱(忽略):创业板|强:中证500|⚠高确信弱市|确认弱市(连续2d)",defensive,,
2022-01-04,2022-01-05,False,False,True,"MA120|true_weak=4/6(67%)|弱:沪深300,科创50,恒生指数,恒生科技|MA↓:沪深300,科创50,恒生指数,恒生科技|死叉:4|假弱(忽略):创业板|强:中证500|⚠高确信弱市",defensive,,
2022-01-05,2022-01-06,True,False,True,"MA120|true_weak=4/6(67%)|弱:沪深300,科创50,恒生指数,恒生科技|MA↓:沪深300,科创50,恒生指数,恒生科技|死叉:4|假弱(忽略):创业板|强:中证500|⚠高确信弱市|确认弱市(连续2d)",defensive,标普500;纳指,513500:50.0%;513100:50.0%
2022-01-06,2022-01-07,False,False,True,"MA120|true_weak=4/6(67%)|弱:沪深300,科创50,恒生指数,恒生科技|MA↓:沪深300,科创50,恒生指数,恒生科技|死叉:4|假弱(忽略):创业板|强:中证500|⚠高确信弱市",defensive,,
2022-01-07,2022-01-10,False,False,True,"MA120|true_weak=4/6(67%)|弱:沪深300,科创50,恒生指数,恒生科技|MA↓:沪深300,科创50,恒生指数,恒生科技|死叉:4|假弱(忽略):创业板|强:中证500|⚠高确信弱市|确认弱市(连续2d)",defensive,,
2022-01-10,2022-01-11,False,False,True,"MA120|true_weak=4/6(67%)|弱:沪深300,科创50,恒生指数,恒生科技|MA↓:沪深300,科创50,恒生指数,恒生科技|死叉:4|假弱(忽略):创业板|强:中证500|⚠高确信弱市",defensive,,
2022-01-11,2022-01-12,False,False,True,"MA120|true_weak=4/6(67%)|弱:沪深300,科创50,恒生指数,恒生科技|MA↓:沪深300,科创50,恒生指数,恒生科技|死叉:4|假弱(忽略):创业板,中证500|⚠高确信弱市|确认弱市(连续2d)",defensive,,
2022-01-12,2022-01-13,False,False,True,"MA120|true_weak=5/6(83%)|弱:沪深300,创业板,科创50,恒生指数,恒生科技|MA↓:沪深300,创业板,科创50,恒生指数,恒生科技|死叉:4|强:中证500|⚠高确信弱市",defensive,,
2022-01-13,2022-01-14,False,False,True,"MA120|true_weak=5/6(83%)|弱:沪深300,创业板,科创50,恒生指数,恒生科技|MA↓:沪深300,创业板,科创50,恒生指数,恒生科技|死叉:4|假弱(忽略):中证500|⚠高确信弱市|确认弱市(连续2d)",defensive,,
2022-01-14,2022-01-17,False,False,True,"MA120|true_weak=5/6(83%)|弱:沪深300,创业板,科创50,恒生指数,恒生科技|MA↓:沪深300,创业板,科创50,恒生指数,恒生科技|死叉:4|假弱(忽略):中证500|⚠高确信弱市",defensive,,
2022-01-17,2022-01-18,False,False,True,"MA120|true_weak=5/6(83%)|弱:沪深300,创业板,科创50,恒生指数,恒生科技|MA↓:沪深300,创业板,科创50,恒生指数,恒生科技|死叉:4|假弱(忽略):中证500|⚠高确信弱市|确认弱市(连续2d)",defensive,,
2022-01-18,2022-01-19,False,False,True,"MA120|true_weak=5/6(83%)|弱:沪深300,创业板,科创50,恒生指数,恒生科技|MA↓:沪深300,创业板,科创50,恒生指数,恒生科技|死叉:3|强:中证500|⚠高确信弱市",defensive,,
2022-01-19,2022-01-20,False,False,True,"MA120|true_weak=5/6(83%)|弱:沪深300,创业板,科创50,恒生指数,恒生科技|MA↓:沪深300,创业板,科创50,恒生指数,恒生科技|死叉:3|假弱(忽略):中证500|⚠高确信弱市|确认弱市(连续2d)",defensive,,
2022-01-20,2022-01-21,False,False,True,"MA120|true_weak=4/6(67%)|弱:沪深300,创业板,科创50,恒生科技|MA↓:沪深300,创业板,科创50,恒生指数,恒生科技|死叉:3|假弱(忽略):中证500|⚠高确信弱市",defensive,,
2022-01-21,2022-01-24,False,False,True,"MA120|true_weak=4/6(67%)|弱:沪深300,创业板,科创50,恒生科技|MA↓:沪深300,创业板,科创50,恒生指数,恒生科技|死叉:4|假弱(忽略):中证500|⚠高确信弱市|确认弱市(连续2d)",defensive,,
2022-01-24,2022-01-25,False,False,True,"MA120|true_weak=5/6(83%)|弱:沪深300,创业板,科创50,恒生指数,恒生科技|MA↓:沪深300,创业板,科创50,恒生指数,恒生科技|死叉:4|假弱(忽略):中证500|⚠高确信弱市",defensive,,
2022-01-25,2022-01-26,False,False,True,"MA120|true_weak=5/6(83%)|弱:沪深300,创业板,科创50,恒生指数,恒生科技|MA↓:沪深300,创业板,科创50,恒生指数,恒生科技|死叉:4|假弱(忽略):中证500|⚠高确信弱市|确认弱市(连续2d)",defensive,,
2022-01-26,2022-01-27,False,False,True,"MA120|true_weak=5/6(83%)|弱:沪深300,创业板,科创50,恒生指数,恒生科技|MA↓:沪深300,创业板,科创50,恒生指数,恒生科技|死叉:4|假弱(忽略):中证500|⚠高确信弱市",defensive,,
2022-01-27,2022-01-28,False,False,True,"MA120|true_weak=5/6(83%)|弱:沪深300,创业板,科创50,恒生指数,恒生科技|MA↓:沪深300,创业板,科创50,恒生指数,恒生科技|死叉:4|假弱(忽略):中证500|⚠高确信弱市|确认弱市(连续2d)",defensive,,
2022-01-28,2022-02-07,False,False,True,"MA120|true_weak=5/6(83%)|弱:沪深300,创业板,科创50,恒生指数,恒生科技|MA↓:沪深300,创业板,科创50,恒生指数,恒生科技|死叉:5|假弱(忽略):中证500|⚠高确信弱市",defensive,,
2022-02-07,2022-02-08,False,False,True,"MA120|true_weak=5/6(83%)|弱:沪深300,创业板,科创50,恒生指数,恒生科技|MA↓:沪深300,创业板,科创50,恒生指数,恒生科技|死叉:5|假弱(忽略):中证500|⚠高确信弱市|确认弱市(连续2d)",defensive,,
2022-02-08,2022-02-09,True,False,True,"MA120|true_weak=5/6(83%)|弱:沪深300,创业板,科创50,恒生指数,恒生科技|MA↓:沪深300,创业板,科创50,恒生指数,恒生科技|死叉:5|假弱(忽略):中证500|⚠高确信弱市",defensive,,
2022-02-09,2022-02-10,False,False,True,"MA120|true_weak=5/6(83%)|弱:沪深300,创业板,科创50,中证500,恒生科技|MA↓:沪深300,创业板,科创50,恒生指数,恒生科技|死叉:6|⚠高确信弱市|确认弱市(连续2d)",defensive,,
2022-02-10,2022-02-11,False,False,True,"MA120|true_weak=5/6(83%)|弱:沪深300,创业板,科创50,中证500,恒生科技|MA↓:沪深300,创业板,科创50,恒生指数,恒生科技|死叉:6|⚠高确信弱市",defensive,,
2022-02-11,2022-02-14,False,False,True,"MA120|true_weak=5/6(83%)|弱:沪深300,创业板,科创50,中证500,恒生科技|MA↓:沪深300,创业板,科创50,恒生指数,恒生科技|死叉:6|⚠高确信弱市|确认弱市(连续2d)",defensive,,
2022-02-14,2022-02-15,False,False,True,"MA120|true_weak=6/6(100%)|弱:沪深300,创业板,科创50,中证500,恒生指数,恒生科技|MA↓:沪深300,创业板,科创50,恒生指数,恒生科技|死叉:6|⚠高确信弱市",defensive,,
2022-02-15,2022-02-16,False,False,True,"MA120|true_weak=6/6(100%)|弱:沪深300,创业板,科创50,中证500,恒生指数,恒生科技|MA↓:沪深300,创业板,科创50,恒生指数,恒生科技|死叉:6|⚠高确信弱市|确认弱市(连续2d)",defensive,,
2022-02-16,2022-02-17,False,False,True,"MA120|true_weak=5/6(83%)|弱:沪深300,创业板,科创50,中证500,恒生科技|MA↓:沪深300,创业板,科创50,恒生指数,恒生科技|死叉:6|⚠高确信弱市",defensive,,
2022-02-17,2022-02-18,False,False,True,"MA120|true_weak=5/6(83%)|弱:沪深300,创业板,科创50,中证500,恒生科技|MA↓:沪深300,创业板,科创50,恒生指数,恒生科技|死叉:6|⚠高确信弱市|确认弱市(连续2d)",defensive,,
2022-02-18,2022-02-21,False,False,True,"MA120|true_weak=6/6(100%)|弱:沪深300,创业板,科创50,中证500,恒生指数,恒生科技|MA↓:沪深300,创业板,科创50,恒生指数,恒生科技|死叉:6|⚠高确信弱市",defensive,,
2022-02-21,2022-02-22,False,False,True,"MA120|true_weak=6/6(100%)|弱:沪深300,创业板,科创50,中证500,恒生指数,恒生科技|MA↓:沪深300,创业板,科创50,恒生指数,恒生科技|死叉:6|⚠高确信弱市|确认弱市(连续2d)",defensive,,
2022-02-22,2022-02-23,False,False,True,"MA120|true_weak=6/6(100%)|弱:沪深300,创业板,科创50,中证500,恒生指数,恒生科技|MA↓:沪深300,创业板,科创50,恒生指数,恒生科技|死叉:6|⚠高确信弱市",defensive,,
2022-02-23,2022-02-24,False,False,True,"MA120|true_weak=6/6(100%)|弱:沪深300,创业板,科创50,中证500,恒生指数,恒生科技|MA↓:沪深300,创业板,科创50,恒生指数,恒生科技|死叉:6|⚠高确信弱市|确认弱市(连续2d)",defensive,,
2022-02-24,2022-02-25,False,False,True,"MA120|true_weak=6/6(100%)|弱:沪深300,创业板,科创50,中证500,恒生指数,恒生科技|MA↓:沪深300,创业板,科创50,恒生指数,恒生科技|死叉:6|⚠高确信弱市",defensive,,
2022-02-25,2022-02-28,False,False,True,"MA120|true_weak=6/6(100%)|弱:沪深300,创业板,科创50,中证500,恒生指数,恒生科技|MA↓:沪深300,创业板,科创50,恒生指数,恒生科技|死叉:6|⚠高确信弱市|确认弱市(连续2d)",defensive,,
2022-02-28,2022-03-01,False,False,True,"MA120|true_weak=6/6(100%)|弱:沪深300,创业板,科创50,中证500,恒生指数,恒生科技|MA↓:沪深300,创业板,科创50,恒生指数,恒生科技|死叉:6|⚠高确信弱市",defensive,,
2022-03-01,2022-03-02,False,False,True,"MA120|true_weak=6/6(100%)|弱:沪深300,创业板,科创50,中证500,恒生指数,恒生科技|MA↓:沪深300,创业板,科创50,恒生指数,恒生科技|死叉:6|⚠高确信弱市|确认弱市(连续2d)",defensive,,
2022-03-02,2022-03-03,True,False,True,"MA120|true_weak=6/6(100%)|弱:沪深300,创业板,科创50,中证500,恒生指数,恒生科技|MA↓:沪深300,创业板,科创50,中证500,恒生指数,恒生科技|死叉:6|⚠高确信弱市",defensive,,
2022-03-03,2022-03-04,False,False,True,"MA120|true_weak=6/6(100%)|弱:沪深300,创业板,科创50,中证500,恒生指数,恒生科技|MA↓:沪深300,创业板,科创50,中证500,恒生指数,恒生科技|死叉:6|⚠高确信弱市|确认弱市(连续2d)",defensive,,
2022-03-04,2022-03-07,False,False,True,"MA120|true_weak=6/6(100%)|弱:沪深300,创业板,科创50,中证500,恒生指数,恒生科技|MA↓:沪深300,创业板,科创50,中证500,恒生指数,恒生科技|死叉:6|⚠高确信弱市",defensive,,
2022-03-07,2022-03-08,False,False,True,"MA120|true_weak=6/6(100%)|弱:沪深300,创业板,科创50,中证500,恒生指数,恒生科技|MA↓:沪深300,创业板,科创50,中证500,恒生指数,恒生科技|死叉:6|⚠高确信弱市|确认弱市(连续2d)",defensive,,
2022-03-08,2022-03-09,False,False,True,"MA120|true_weak=6/6(100%)|弱:沪深300,创业板,科创50,中证500,恒生指数,恒生科技|MA↓:沪深300,创业板,科创50,中证500,恒生指数,恒生科技|死叉:6|⚠高确信弱市",defensive,,
2022-03-09,2022-03-10,False,False,True,"MA120|true_weak=6/6(100%)|弱:沪深300,创业板,科创50,中证500,恒生指数,恒生科技|MA↓:沪深300,创业板,科创50,中证500,恒生指数,恒生科技|死叉:6|⚠高确信弱市|确认弱市(连续2d)",defensive,,
2022-03-10,2022-03-11,False,False,True,"MA120|true_weak=6/6(100%)|弱:沪深300,创业板,科创50,中证500,恒生指数,恒生科技|MA↓:沪深300,创业板,科创50,中证500,恒生指数,恒生科技|死叉:6|⚠高确信弱市",defensive,,
2022-03-11,2022-03-14,False,False,True,"MA120|true_weak=6/6(100%)|弱:沪深300,创业板,科创50,中证500,恒生指数,恒生科技|MA↓:沪深300,创业板,科创50,中证500,恒生指数,恒生科技|死叉:6|⚠高确信弱市|确认弱市(连续2d)",defensive,,
2022-03-14,2022-03-15,False,False,True,"MA120|true_weak=6/6(100%)|弱:沪深300,创业板,科创50,中证500,恒生指数,恒生科技|MA↓:沪深300,创业板,科创50,中证500,恒生指数,恒生科技|死叉:6|⚠高确信弱市",defensive,,
2022-03-15,2022-03-16,False,False,True,"MA120|true_weak=6/6(100%)|弱:沪深300,创业板,科创50,中证500,恒生指数,恒生科技|MA↓:沪深300,创业板,科创50,中证500,恒生指数,恒生科技|死叉:6|⚠高确信弱市|确认弱市(连续2d)",defensive,,
2022-03-16,2022-03-17,False,False,True,"MA120|true_weak=6/6(100%)|弱:沪深300,创业板,科创50,中证500,恒生指数,恒生科技|MA↓:沪深300,创业板,科创50,中证500,恒生指数,恒生科技|死叉:6|⚠高确信弱市",defensive,,
2022-03-17,2022-03-18,False,False,True,"MA120|true_weak=6/6(100%)|弱:沪深300,创业板,科创50,中证500,恒生指数,恒生科技|MA↓:沪深300,创业板,科创50,中证500,恒生指数,恒生科技|死叉:6|⚠高确信弱市|确认弱市(连续2d)",defensive,,
2022-03-18,2022-03-21,False,False,True,"MA120|true_weak=6/6(100%)|弱:沪深300,创业板,科创50,中证500,恒生指数,恒生科技|MA↓:沪深300,创业板,科创50,中证500,恒生指数,恒生科技|死叉:6|⚠高确信弱市",defensive,,
2022-03-21,2022-03-22,False,False,True,"MA120|true_weak=6/6(100%)|弱:沪深300,创业板,科创50,中证500,恒生指数,恒生科技|MA↓:沪深300,创业板,科创50,中证500,恒生指数,恒生科技|死叉:6|⚠高确信弱市|确认弱市(连续2d)",defensive,,
2022-03-22,2022-03-23,False,False,True,"MA120|true_weak=6/6(100%)|弱:沪深300,创业板,科创50,中证500,恒生指数,恒生科技|MA↓:沪深300,创业板,科创50,中证500,恒生指数,恒生科技|死叉:6|⚠高确信弱市",defensive,,
2022-03-23,2022-03-24,False,False,True,"MA120|true_weak=6/6(100%)|弱:沪深300,创业板,科创50,中证500,恒生指数,恒生科技|MA↓:沪深300,创业板,科创50,中证500,恒生指数,恒生科技|死叉:6|⚠高确信弱市|确认弱市(连续2d)",defensive,,
2022-03-24,2022-03-25,False,False,True,"MA120|true_weak=6/6(100%)|弱:沪深300,创业板,科创50,中证500,恒生指数,恒生科技|MA↓:沪深300,创业板,科创50,中证500,恒生指数,恒生科技|死叉:6|⚠高确信弱市",defensive,,
2022-03-25,2022-03-28,False,False,True,"MA120|true_weak=6/6(100%)|弱:沪深300,创业板,科创50,中证500,恒生指数,恒生科技|MA↓:沪深300,创业板,科创50,中证500,恒生指数,恒生科技|死叉:6|⚠高确信弱市|确认弱市(连续2d)",defensive,,
2022-03-28,2022-03-29,False,False,True,"MA120|true_weak=6/6(100%)|弱:沪深300,创业板,科创50,中证500,恒生指数,恒生科技|MA↓:沪深300,创业板,科创50,中证500,恒生指数,恒生科技|死叉:6|⚠高确信弱市",defensive,,
2022-03-29,2022-03-30,False,False,True,"MA120|true_weak=6/6(100%)|弱:沪深300,创业板,科创50,中证500,恒生指数,恒生科技|MA↓:沪深300,创业板,科创50,中证500,恒生指数,恒生科技|死叉:6|⚠高确信弱市|确认弱市(连续2d)",defensive,,
2022-03-30,2022-03-31,False,False,True,"MA120|true_weak=6/6(100%)|弱:沪深300,创业板,科创50,中证500,恒生指数,恒生科技|MA↓:沪深300,创业板,科创50,中证500,恒生指数,恒生科技|死叉:6|⚠高确信弱市",defensive,,
2022-03-31,2022-04-01,False,False,True,"MA120|true_weak=6/6(100%)|弱:沪深300,创业板,科创50,中证500,恒生指数,恒生科技|MA↓:沪深300,创业板,科创50,中证500,恒生指数,恒生科技|死叉:6|⚠高确信弱市|确认弱市(连续2d)",defensive,,
2022-04-01,2022-04-06,False,False,True,"MA120|true_weak=6/6(100%)|弱:沪深300,创业板,科创50,中证500,恒生指数,恒生科技|MA↓:沪深300,创业板,科创50,中证500,恒生指数,恒生科技|死叉:6|⚠高确信弱市",defensive,,
2022-04-06,2022-04-07,True,False,True,"MA120|true_weak=6/6(100%)|弱:沪深300,创业板,科创50,中证500,恒生指数,恒生科技|MA↓:沪深300,创业板,科创50,中证500,恒生指数,恒生科技|死叉:6|⚠高确信弱市|确认弱市(连续2d)",defensive,,
2022-04-07,2022-04-08,False,False,True,"MA120|true_weak=6/6(100%)|弱:沪深300,创业板,科创50,中证500,恒生指数,恒生科技|MA↓:沪深300,创业板,科创50,中证500,恒生指数,恒生科技|死叉:6|⚠高确信弱市",defensive,,
2022-04-08,2022-04-11,False,False,True,"MA120|true_weak=6/6(100%)|弱:沪深300,创业板,科创50,中证500,恒生指数,恒生科技|MA↓:沪深300,创业板,科创50,中证500,恒生指数,恒生科技|死叉:6|⚠高确信弱市|确认弱市(连续2d)",defensive,,
2022-04-11,2022-04-12,False,False,True,"MA120|true_weak=6/6(100%)|弱:沪深300,创业板,科创50,中证500,恒生指数,恒生科技|MA↓:沪深300,创业板,科创50,中证500,恒生指数,恒生科技|死叉:6|⚠高确信弱市",defensive,,
2022-04-12,2022-04-13,False,False,True,"MA120|true_weak=6/6(100%)|弱:沪深300,创业板,科创50,中证500,恒生指数,恒生科技|MA↓:沪深300,创业板,科创50,中证500,恒生指数,恒生科技|死叉:6|⚠高确信弱市|确认弱市(连续2d)",defensive,,
2022-04-13,2022-04-14,False,False,True,"MA120|true_weak=6/6(100%)|弱:沪深300,创业板,科创50,中证500,恒生指数,恒生科技|MA↓:沪深300,创业板,科创50,中证500,恒生指数,恒生科技|死叉:6|⚠高确信弱市",defensive,,
2022-04-14,2022-04-15,False,False,True,"MA120|true_weak=6/6(100%)|弱:沪深300,创业板,科创50,中证500,恒生指数,恒生科技|MA↓:沪深300,创业板,科创50,中证500,恒生指数,恒生科技|死叉:6|⚠高确信弱市|确认弱市(连续2d)",defensive,,
2022-04-15,2022-04-18,False,False,True,"MA120|true_weak=4/4(100%)|弱:沪深300,创业板,科创50,中证500|MA↓:沪深300,创业板,科创50,中证500|死叉:4|⚠高确信弱市",defensive,,
2022-04-18,2022-04-19,False,False,True,"MA120|true_weak=4/4(100%)|弱:沪深300,创业板,科创50,中证500|MA↓:沪深300,创业板,科创50,中证500|死叉:4|⚠高确信弱市|确认弱市(连续2d)",defensive,,
2022-04-19,2022-04-20,False,False,True,"MA120|true_weak=6/6(100%)|弱:沪深300,创业板,科创50,中证500,恒生指数,恒生科技|MA↓:沪深300,创业板,科创50,中证500,恒生指数,恒生科技|死叉:6|⚠高确信弱市",defensive,,
2022-04-20,2022-04-21,False,False,True,"MA120|true_weak=6/6(100%)|弱:沪深300,创业板,科创50,中证500,恒生指数,恒生科技|MA↓:沪深300,创业板,科创50,中证500,恒生指数,恒生科技|死叉:6|⚠高确信弱市|确认弱市(连续2d)",defensive,,
2022-04-21,2022-04-22,False,False,True,"MA120|true_weak=6/6(100%)|弱:沪深300,创业板,科创50,中证500,恒生指数,恒生科技|MA↓:沪深300,创业板,科创50,中证500,恒生指数,恒生科技|死叉:6|⚠高确信弱市",defensive,,
2022-04-22,2022-04-25,False,False,True,"MA120|true_weak=6/6(100%)|弱:沪深300,创业板,科创50,中证500,恒生指数,恒生科技|MA↓:沪深300,创业板,科创50,中证500,恒生指数,恒生科技|死叉:6|⚠高确信弱市|确认弱市(连续2d)",defensive,,
2022-04-25,2022-04-26,False,False,True,"MA120|true_weak=6/6(100%)|弱:沪深300,创业板,科创50,中证500,恒生指数,恒生科技|MA↓:沪深300,创业板,科创50,中证500,恒生指数,恒生科技|死叉:6|⚠高确信弱市",defensive,,
2022-04-26,2022-04-27,False,False,True,"MA120|true_weak=6/6(100%)|弱:沪深300,创业板,科创50,中证500,恒生指数,恒生科技|MA↓:沪深300,创业板,科创50,中证500,恒生指数,恒生科技|死叉:6|⚠高确信弱市|确认弱市(连续2d)",defensive,,
2022-04-27,2022-04-28,False,False,True,"MA120|true_weak=6/6(100%)|弱:沪深300,创业板,科创50,中证500,恒生指数,恒生科技|MA↓:沪深300,创业板,科创50,中证500,恒生指数,恒生科技|死叉:6|⚠高确信弱市",defensive,,
2022-04-28,2022-04-29,False,False,True,"MA120|true_weak=6/6(100%)|弱:沪深300,创业板,科创50,中证500,恒生指数,恒生科技|MA↓:沪深300,创业板,科创50,中证500,恒生指数,恒生科技|死叉:6|⚠高确信弱市|确认弱市(连续2d)",defensive,,
2022-04-29,2022-05-05,False,False,True,"MA120|true_weak=6/6(100%)|弱:沪深300,创业板,科创50,中证500,恒生指数,恒生科技|MA↓:沪深300,创业板,科创50,中证500,恒生指数,恒生科技|死叉:6|⚠高确信弱市",defensive,,
2022-05-05,2022-05-06,False,False,True,"MA120|true_weak=6/6(100%)|弱:沪深300,创业板,科创50,中证500,恒生指数,恒生科技|MA↓:沪深300,创业板,科创50,中证500,恒生指数,恒生科技|死叉:6|⚠高确信弱市|确认弱市(连续2d)",defensive,,
2022-05-06,2022-05-09,True,False,True,"MA120|true_weak=6/6(100%)|弱:沪深300,创业板,科创50,中证500,恒生指数,恒生科技|MA↓:沪深300,创业板,科创50,中证500,恒生指数,恒生科技|死叉:6|⚠高确信弱市",defensive,,
2022-05-09,2022-05-10,False,False,True,"MA120|true_weak=4/4(100%)|弱:沪深300,创业板,科创50,中证500|MA↓:沪深300,创业板,科创50,中证500|死叉:4|⚠高确信弱市|确认弱市(连续2d)",defensive,,
2022-05-10,2022-05-11,False,False,True,"MA120|true_weak=6/6(100%)|弱:沪深300,创业板,科创50,中证500,恒生指数,恒生科技|MA↓:沪深300,创业板,科创50,中证500,恒生指数,恒生科技|死叉:6|⚠高确信弱市",defensive,,
2022-05-11,2022-05-12,False,False,True,"MA120|true_weak=6/6(100%)|弱:沪深300,创业板,科创50,中证500,恒生指数,恒生科技|MA↓:沪深300,创业板,科创50,中证500,恒生指数,恒生科技|死叉:6|⚠高确信弱市|确认弱市(连续2d)",defensive,,
2022-05-12,2022-05-13,False,False,True,"MA120|true_weak=6/6(100%)|弱:沪深300,创业板,科创50,中证500,恒生指数,恒生科技|MA↓:沪深300,创业板,科创50,中证500,恒生指数,恒生科技|死叉:6|⚠高确信弱市",defensive,,
2022-05-13,2022-05-16,False,False,True,"MA120|true_weak=6/6(100%)|弱:沪深300,创业板,科创50,中证500,恒生指数,恒生科技|MA↓:沪深300,创业板,科创50,中证500,恒生指数,恒生科技|死叉:6|⚠高确信弱市|确认弱市(连续2d)",defensive,,
2022-05-16,2022-05-17,False,False,True,"MA120|true_weak=6/6(100%)|弱:沪深300,创业板,科创50,中证500,恒生指数,恒生科技|MA↓:沪深300,创业板,科创50,中证500,恒生指数,恒生科技|死叉:6|⚠高确信弱市",defensive,,
2022-05-17,2022-05-18,False,False,True,"MA120|true_weak=6/6(100%)|弱:沪深300,创业板,科创50,中证500,恒生指数,恒生科技|MA↓:沪深300,创业板,科创50,中证500,恒生指数,恒生科技|死叉:6|⚠高确信弱市|确认弱市(连续2d)",defensive,,
2022-05-18,2022-05-19,False,False,True,"MA120|true_weak=6/6(100%)|弱:沪深300,创业板,科创50,中证500,恒生指数,恒生科技|MA↓:沪深300,创业板,科创50,中证500,恒生指数,恒生科技|死叉:6|⚠高确信弱市",defensive,,
2022-05-19,2022-05-20,False,False,True,"MA120|true_weak=6/6(100%)|弱:沪深300,创业板,科创50,中证500,恒生指数,恒生科技|MA↓:沪深300,创业板,科创50,中证500,恒生指数,恒生科技|死叉:6|⚠高确信弱市|确认弱市(连续2d)",defensive,,
2022-05-20,2022-05-23,False,False,True,"MA120|true_weak=6/6(100%)|弱:沪深300,创业板,科创50,中证500,恒生指数,恒生科技|MA↓:沪深300,创业板,科创50,中证500,恒生指数,恒生科技|死叉:6|⚠高确信弱市",defensive,,
2022-05-23,2022-05-24,False,False,True,"MA120|true_weak=6/6(100%)|弱:沪深300,创业板,科创50,中证500,恒生指数,恒生科技|MA↓:沪深300,创业板,科创50,中证500,恒生指数,恒生科技|死叉:6|⚠高确信弱市|确认弱市(连续2d)",defensive,,
2022-05-24,2022-05-25,False,False,True,"MA120|true_weak=6/6(100%)|弱:沪深300,创业板,科创50,中证500,恒生指数,恒生科技|MA↓:沪深300,创业板,科创50,中证500,恒生指数,恒生科技|死叉:6|⚠高确信弱市",defensive,,
2022-05-25,2022-05-26,False,False,True,"MA120|true_weak=6/6(100%)|弱:沪深300,创业板,科创50,中证500,恒生指数,恒生科技|MA↓:沪深300,创业板,科创50,中证500,恒生指数,恒生科技|死叉:6|⚠高确信弱市|确认弱市(连续2d)",defensive,,
2022-05-26,2022-05-27,False,False,True,"MA120|true_weak=6/6(100%)|弱:沪深300,创业板,科创50,中证500,恒生指数,恒生科技|MA↓:沪深300,创业板,科创50,中证500,恒生指数,恒生科技|死叉:6|⚠高确信弱市",defensive,,
2022-05-27,2022-05-30,False,False,True,"MA120|true_weak=6/6(100%)|弱:沪深300,创业板,科创50,中证500,恒生指数,恒生科技|MA↓:沪深300,创业板,科创50,中证500,恒生指数,恒生科技|死叉:6|⚠高确信弱市|确认弱市(连续2d)",defensive,,
2022-05-30,2022-05-31,False,False,True,"MA120|true_weak=6/6(100%)|弱:沪深300,创业板,科创50,中证500,恒生指数,恒生科技|MA↓:沪深300,创业板,科创50,中证500,恒生指数,恒生科技|死叉:6|⚠高确信弱市",defensive,,
2022-05-31,2022-06-01,False,False,True,"MA120|true_weak=6/6(100%)|弱:沪深300,创业板,科创50,中证500,恒生指数,恒生科技|MA↓:沪深300,创业板,科创50,中证500,恒生指数,恒生科技|死叉:6|⚠高确信弱市|确认弱市(连续2d)",defensive,,
2022-06-01,2022-06-02,False,False,True,"MA120|true_weak=6/6(100%)|弱:沪深300,创业板,科创50,中证500,恒生指数,恒生科技|MA↓:沪深300,创业板,科创50,中证500,恒生指数,恒生科技|死叉:6|⚠高确信弱市",defensive,,
2022-06-02,2022-06-06,True,False,True,"MA120|true_weak=6/6(100%)|弱:沪深300,创业板,科创50,中证500,恒生指数,恒生科技|MA↓:沪深300,创业板,科创50,中证500,恒生指数,恒生科技|死叉:6|⚠高确信弱市|确认弱市(连续2d)",defensive,,
2022-06-06,2022-06-07,False,False,True,"MA120|true_weak=6/6(100%)|弱:沪深300,创业板,科创50,中证500,恒生指数,恒生科技|MA↓:沪深300,创业板,科创50,中证500,恒生指数,恒生科技|死叉:6|⚠高确信弱市",defensive,,
2022-06-07,2022-06-08,False,False,True,"MA120|true_weak=6/6(100%)|弱:沪深300,创业板,科创50,中证500,恒生指数,恒生科技|MA↓:沪深300,创业板,科创50,中证500,恒生指数,恒生科技|死叉:6|⚠高确信弱市|确认弱市(连续2d)",defensive,,
2022-06-08,2022-06-09,False,False,True,"MA120|true_weak=6/6(100%)|弱:沪深300,创业板,科创50,中证500,恒生指数,恒生科技|MA↓:沪深300,创业板,科创50,中证500,恒生指数,恒生科技|死叉:6|⚠高确信弱市",defensive,,
2022-06-09,2022-06-10,False,False,True,"MA120|true_weak=6/6(100%)|弱:沪深300,创业板,科创50,中证500,恒生指数,恒生科技|MA↓:沪深300,创业板,科创50,中证500,恒生指数,恒生科技|死叉:6|⚠高确信弱市|确认弱市(连续2d)",defensive,,
2022-06-10,2022-06-13,False,False,True,"MA120|true_weak=6/6(100%)|弱:沪深300,创业板,科创50,中证500,恒生指数,恒生科技|MA↓:沪深300,创业板,科创50,中证500,恒生指数,恒生科技|死叉:6|⚠高确信弱市",defensive,,
2022-06-13,2022-06-14,False,False,True,"MA120|true_weak=6/6(100%)|弱:沪深300,创业板,科创50,中证500,恒生指数,恒生科技|MA↓:沪深300,创业板,科创50,中证500,恒生指数,恒生科技|死叉:6|⚠高确信弱市|确认弱市(连续2d)",defensive,,
2022-06-14,2022-06-15,False,False,True,"MA120|true_weak=6/6(100%)|弱:沪深300,创业板,科创50,中证500,恒生指数,恒生科技|MA↓:沪深300,创业板,科创50,中证500,恒生指数,恒生科技|死叉:6|⚠高确信弱市",defensive,,
2022-06-15,2022-06-16,False,False,True,"MA120|true_weak=6/6(100%)|弱:沪深300,创业板,科创50,中证500,恒生指数,恒生科技|MA↓:沪深300,创业板,科创50,中证500,恒生指数,恒生科技|死叉:6|⚠高确信弱市|确认弱市(连续2d)",defensive,,
2022-06-16,2022-06-17,False,False,True,"MA120|true_weak=6/6(100%)|弱:沪深300,创业板,科创50,中证500,恒生指数,恒生科技|MA↓:沪深300,创业板,科创50,中证500,恒生指数,恒生科技|死叉:6|⚠高确信弱市",defensive,,
2022-06-17,2022-06-20,False,False,True,"MA120|true_weak=6/6(100%)|弱:沪深300,创业板,科创50,中证500,恒生指数,恒生科技|MA↓:沪深300,创业板,科创50,中证500,恒生指数,恒生科技|死叉:6|⚠高确信弱市|确认弱市(连续2d)",defensive,,
2022-06-20,2022-06-21,False,False,True,"MA120|true_weak=6/6(100%)|弱:沪深300,创业板,科创50,中证500,恒生指数,恒生科技|MA↓:沪深300,创业板,科创50,中证500,恒生指数,恒生科技|死叉:6|⚠高确信弱市",defensive,,
2022-06-21,2022-06-22,False,False,True,"MA120|true_weak=6/6(100%)|弱:沪深300,创业板,科创50,中证500,恒生指数,恒生科技|MA↓:沪深300,创业板,科创50,中证500,恒生指数,恒生科技|死叉:6|⚠高确信弱市|确认弱市(连续2d)",defensive,,
2022-06-22,2022-06-23,False,False,True,"MA120|true_weak=6/6(100%)|弱:沪深300,创业板,科创50,中证500,恒生指数,恒生科技|MA↓:沪深300,创业板,科创50,中证500,恒生指数,恒生科技|死叉:6|⚠高确信弱市",defensive,,
2022-06-23,2022-06-24,False,False,True,"MA120|true_weak=5/6(83%)|弱:沪深300,科创50,中证500,恒生指数,恒生科技|MA↓:沪深300,创业板,科创50,中证500,恒生指数,恒生科技|死叉:6|⚠高确信弱市|确认弱市(连续2d)",defensive,,
2022-06-24,2022-06-27,False,False,True,"MA120|true_weak=3/6(50%)|弱:科创50,中证500,恒生指数|MA↓:沪深300,创业板,科创50,中证500,恒生指数,恒生科技|死叉:6|⚠高确信弱市",defensive,,
2022-06-27,2022-06-28,False,True,False,"MA120|true_weak=1/6(17%)|弱:科创50|MA↓:沪深300,创业板,科创50,中证500,恒生指数,恒生科技|死叉:6|确认强市(连续1d)",offensive,能源;光伏,159930:50.0%;515790:50.0%
2022-06-28,2022-06-29,False,False,False,"MA120|true_weak=1/6(17%)|弱:科创50|MA↓:沪深300,创业板,科创50,中证500,恒生指数,恒生科技|死叉:6|冷却中(1/5d)→维持强",offensive,,
2022-06-29,2022-06-30,False,False,False,"MA120|true_weak=3/6(50%)|弱:科创50,中证500,恒生指数|MA↓:沪深300,创业板,科创50,中证500,恒生指数,恒生科技|死叉:6|⚠高确信弱市|冷却中(2/5d)→维持强",offensive,,
2022-06-30,2022-07-01,False,False,False,"MA120|true_weak=2/6(33%)|弱:科创50,恒生指数|MA↓:沪深300,创业板,科创50,中证500,恒生指数,恒生科技|死叉:6|冷却中(3/5d)→维持强",offensive,,
2022-07-01,2022-07-04,False,False,False,"MA120|true_weak=1/4(25%)|弱:科创50|MA↓:沪深300,创业板,科创50,中证500|死叉:4|冷却中(4/5d)→维持强",offensive,,
2022-07-04,2022-07-05,True,False,False,"MA120|true_weak=2/6(33%)|弱:科创50,恒生指数|MA↓:沪深300,创业板,科创50,中证500,恒生指数,恒生科技|死叉:6|确认强市(连续1d)",offensive,能源;光伏,159930:50.0%;515790:50.0%
2022-07-05,2022-07-06,False,False,False,"MA120|true_weak=2/6(33%)|弱:科创50,恒生指数|MA↓:沪深300,创业板,科创50,中证500,恒生指数,恒生科技|死叉:6|确认强市(连续1d)",offensive,,
2022-07-06,2022-07-07,False,False,False,"MA120|true_weak=2/6(33%)|弱:科创50,恒生指数|MA↓:沪深300,创业板,科创50,中证500,恒生指数,恒生科技|死叉:6|确认强市(连续1d)",offensive,,
2022-07-07,2022-07-08,False,False,False,"MA120|true_weak=2/6(33%)|弱:科创50,恒生指数|MA↓:沪深300,创业板,科创50,中证500,恒生指数,恒生科技|死叉:6|确认强市(连续1d)",offensive,,
2022-07-08,2022-07-11,False,False,False,"MA120|true_weak=2/6(33%)|弱:科创50,恒生指数|MA↓:沪深300,创业板,科创50,中证500,恒生指数,恒生科技|死叉:6|确认强市(连续1d)",offensive,,
2022-07-11,2022-07-12,False,False,False,"MA120|true_weak=4/6(67%)|弱:科创50,中证500,恒生指数,恒生科技|MA↓:沪深300,创业板,科创50,中证500,恒生指数,恒生科技|死叉:6|⚠高确信弱市|待确认弱市(1/2d)",offensive,,
2022-07-12,2022-07-13,False,True,True,"MA120|true_weak=4/6(67%)|弱:科创50,中证500,恒生指数,恒生科技|MA↓:沪深300,创业板,科创50,中证500,恒生指数,恒生科技|死叉:6|⚠高确信弱市|确认弱市(连续2d)",defensive,,
2022-07-13,2022-07-14,False,False,True,"MA120|true_weak=4/6(67%)|弱:科创50,中证500,恒生指数,恒生科技|MA↓:沪深300,创业板,科创50,中证500,恒生指数,恒生科技|死叉:6|⚠高确信弱市|冷却中(1/5d)→维持弱",defensive,,
2022-07-14,2022-07-15,False,False,True,"MA120|true_weak=4/6(67%)|弱:科创50,中证500,恒生指数,恒生科技|MA↓:沪深300,创业板,科创50,中证500,恒生指数,恒生科技|死叉:6|⚠高确信弱市|冷却中(2/5d)→维持弱",defensive,,
2022-07-15,2022-07-18,False,False,True,"MA120|true_weak=5/6(83%)|弱:沪深300,科创50,中证500,恒生指数,恒生科技|MA↓:沪深300,创业板,科创50,中证500,恒生指数,恒生科技|死叉:6|⚠高确信弱市|冷却中(3/5d)→维持弱",defensive,,
2022-07-18,2022-07-19,False,False,True,"MA120|true_weak=4/6(67%)|弱:沪深300,科创50,恒生指数,恒生科技|MA↓:沪深300,创业板,科创50,中证500,恒生指数,恒生科技|死叉:6|⚠高确信弱市|冷却中(4/5d)→维持弱",defensive,,
2022-07-19,2022-07-20,False,False,True,"MA120|true_weak=4/6(67%)|弱:沪深300,科创50,恒生指数,恒生科技|MA↓:沪深300,创业板,科创50,中证500,恒生指数,恒生科技|死叉:6|⚠高确信弱市",defensive,,
2022-07-20,2022-07-21,False,False,True,"MA120|true_weak=4/6(67%)|弱:沪深300,科创50,恒生指数,恒生科技|MA↓:沪深300,创业板,科创50,中证500,恒生指数,恒生科技|死叉:6|⚠高确信弱市|确认弱市(连续2d)",defensive,,
2022-07-21,2022-07-22,False,False,True,"MA120|true_weak=4/6(67%)|弱:沪深300,科创50,恒生指数,恒生科技|MA↓:沪深300,创业板,科创50,中证500,恒生指数,恒生科技|死叉:6|⚠高确信弱市",defensive,,
2022-07-22,2022-07-25,False,False,True,"MA120|true_weak=4/6(67%)|弱:沪深300,科创50,恒生指数,恒生科技|MA↓:沪深300,创业板,科创50,中证500,恒生指数,恒生科技|死叉:6|⚠高确信弱市|确认弱市(连续2d)",defensive,,
2022-07-25,2022-07-26,False,False,True,"MA120|true_weak=5/6(83%)|弱:沪深300,科创50,中证500,恒生指数,恒生科技|MA↓:沪深300,创业板,科创50,中证500,恒生指数,恒生科技|死叉:6|⚠高确信弱市",defensive,,
2022-07-26,2022-07-27,False,False,True,"MA120|true_weak=4/6(67%)|弱:沪深300,科创50,恒生指数,恒生科技|MA↓:沪深300,创业板,科创50,中证500,恒生指数,恒生科技|死叉:5|⚠高确信弱市|确认弱市(连续2d)",defensive,,
2022-07-27,2022-07-28,False,False,True,"MA120|true_weak=3/6(50%)|弱:沪深300,恒生指数,恒生科技|MA↓:沪深300,创业板,科创50,中证500,恒生指数,恒生科技|死叉:5|⚠高确信弱市",defensive,,
2022-07-28,2022-07-29,False,False,True,"MA120|true_weak=3/6(50%)|弱:沪深300,恒生指数,恒生科技|MA↓:沪深300,创业板,科创50,中证500,恒生指数,恒生科技|死叉:5|⚠高确信弱市|确认弱市(连续2d)",defensive,,
2022-07-29,2022-08-01,False,False,True,"MA120|true_weak=3/6(50%)|弱:沪深300,恒生指数,恒生科技|MA↓:沪深300,创业板,科创50,中证500,恒生指数,恒生科技|死叉:5|⚠高确信弱市",defensive,,
2022-08-01,2022-08-02,False,False,True,"MA120|true_weak=3/6(50%)|弱:沪深300,恒生指数,恒生科技|MA↓:沪深300,创业板,科创50,中证500,恒生指数,恒生科技|死叉:4|⚠高确信弱市|确认弱市(连续2d)",defensive,,
2022-08-02,2022-08-03,True,False,True,"MA120|true_weak=4/6(67%)|弱:沪深300,中证500,恒生指数,恒生科技|MA↓:沪深300,创业板,科创50,中证500,恒生指数,恒生科技|死叉:2|⚠高确信弱市",defensive,,
2022-08-03,2022-08-04,False,False,True,"MA120|true_weak=4/6(67%)|弱:沪深300,中证500,恒生指数,恒生科技|MA↓:沪深300,创业板,科创50,中证500,恒生指数,恒生科技|死叉:2|⚠高确信弱市|确认弱市(连续2d)",defensive,,
2022-08-04,2022-08-05,False,False,True,"MA120|true_weak=4/6(67%)|弱:沪深300,中证500,恒生指数,恒生科技|MA↓:沪深300,创业板,科创50,中证500,恒生指数,恒生科技|死叉:1|⚠高确信弱市",defensive,,
2022-08-05,2022-08-08,False,False,True,"MA120|true_weak=3/6(50%)|弱:沪深300,恒生指数,恒生科技|MA↓:沪深300,创业板,科创50,中证500,恒生指数,恒生科技|死叉:1|⚠高确信弱市|确认弱市(连续2d)",defensive,,
2022-08-08,2022-08-09,False,False,True,"MA120|true_weak=3/6(50%)|弱:沪深300,恒生指数,恒生科技|MA↓:沪深300,创业板,科创50,中证500,恒生指数,恒生科技|死叉:1|⚠高确信弱市",defensive,,
2022-08-09,2022-08-10,False,False,True,"MA120|true_weak=3/6(50%)|弱:沪深300,恒生指数,恒生科技|MA↓:沪深300,创业板,科创50,中证500,恒生指数,恒生科技|死叉:1|⚠高确信弱市|确认弱市(连续2d)",defensive,,
2022-08-10,2022-08-11,False,False,True,"MA120|true_weak=3/6(50%)|弱:沪深300,恒生指数,恒生科技|MA↓:沪深300,创业板,科创50,中证500,恒生指数,恒生科技|死叉:1|⚠高确信弱市",defensive,,
2022-08-11,2022-08-12,False,False,True,"MA120|true_weak=3/6(50%)|弱:沪深300,恒生指数,恒生科技|MA↓:沪深300,创业板,科创50,中证500,恒生指数,恒生科技|死叉:1|⚠高确信弱市|确认弱市(连续2d)",defensive,,
2022-08-12,2022-08-15,False,False,True,"MA120|true_weak=3/6(50%)|弱:沪深300,恒生指数,恒生科技|MA↓:沪深300,创业板,科创50,中证500,恒生指数,恒生科技|死叉:1|⚠高确信弱市",defensive,,
2022-08-15,2022-08-16,False,False,True,"MA120|true_weak=3/6(50%)|弱:沪深300,恒生指数,恒生科技|MA↓:沪深300,创业板,科创50,中证500,恒生指数,恒生科技|死叉:1|⚠高确信弱市|确认弱市(连续2d)",defensive,,
2022-08-16,2022-08-17,False,False,True,"MA120|true_weak=3/6(50%)|弱:沪深300,恒生指数,恒生科技|MA↓:沪深300,创业板,科创50,中证500,恒生指数,恒生科技|死叉:1|⚠高确信弱市",defensive,,
2022-08-17,2022-08-18,False,True,False,"MA120|true_weak=2/6(33%)|弱:恒生指数,恒生科技|MA↓:沪深300,创业板,科创50,中证500,恒生指数,恒生科技|死叉:1|确认强市(连续1d)",offensive,能源;光伏,159930:50.0%;515790:50.0%
2022-08-18,2022-08-19,False,False,False,"MA120|true_weak=3/6(50%)|弱:沪深300,恒生指数,恒生科技|MA↓:沪深300,创业板,科创50,中证500,恒生指数,恒生科技|死叉:1|⚠高确信弱市|冷却中(1/5d)→维持强",offensive,,
2022-08-19,2022-08-22,False,False,False,"MA120|true_weak=3/6(50%)|弱:沪深300,恒生指数,恒生科技|MA↓:沪深300,创业板,科创50,中证500,恒生指数,恒生科技|死叉:1|⚠高确信弱市|冷却中(2/5d)→维持强",offensive,,
2022-08-22,2022-08-23,False,False,False,"MA120|true_weak=3/6(50%)|弱:沪深300,恒生指数,恒生科技|MA↓:沪深300,创业板,科创50,中证500,恒生指数,恒生科技|死叉:1|⚠高确信弱市|冷却中(3/5d)→维持强",offensive,,
2022-08-23,2022-08-24,False,False,False,"MA120|true_weak=3/6(50%)|弱:沪深300,恒生指数,恒生科技|MA↓:沪深300,创业板,科创50,中证500,恒生指数,恒生科技|死叉:1|⚠高确信弱市|冷却中(4/5d)→维持强",offensive,,
2022-08-24,2022-08-25,False,False,False,"MA120|true_weak=4/6(67%)|弱:沪深300,科创50,恒生指数,恒生科技|MA↓:沪深300,创业板,科创50,中证500,恒生指数,恒生科技|死叉:1|⚠高确信弱市|待确认弱市(1/2d)",offensive,,
2022-08-25,2022-08-26,False,True,True,"MA120|true_weak=4/6(67%)|弱:沪深300,科创50,恒生指数,恒生科技|MA↓:沪深300,创业板,科创50,中证500,恒生指数,恒生科技|死叉:1|⚠高确信弱市|确认弱市(连续2d)",defensive,,
2022-08-26,2022-08-29,False,False,True,"MA120|true_weak=4/6(67%)|弱:沪深300,科创50,恒生指数,恒生科技|MA↓:沪深300,创业板,科创50,中证500,恒生指数,恒生科技|死叉:1|⚠高确信弱市|冷却中(1/5d)→维持弱",defensive,,
2022-08-29,2022-08-30,False,False,True,"MA120|true_weak=4/6(67%)|弱:沪深300,科创50,恒生指数,恒生科技|MA↓:沪深300,创业板,科创50,中证500,恒生指数,恒生科技|死叉:1|⚠高确信弱市|冷却中(2/5d)→维持弱",defensive,,
2022-08-30,2022-08-31,False,False,True,"MA120|true_weak=4/6(67%)|弱:沪深300,科创50,恒生指数,恒生科技|MA↓:沪深300,创业板,科创50,中证500,恒生指数,恒生科技|死叉:1|⚠高确信弱市|冷却中(3/5d)→维持弱",defensive,,
2022-08-31,2022-09-01,False,False,True,"MA120|true_weak=6/6(100%)|弱:沪深300,创业板,科创50,中证500,恒生指数,恒生科技|MA↓:沪深300,创业板,科创50,中证500,恒生指数,恒生科技|死叉:1|⚠高确信弱市|冷却中(4/5d)→维持弱",defensive,,
2022-09-01,2022-09-02,False,False,True,"MA120|true_weak=6/6(100%)|弱:沪深300,创业板,科创50,中证500,恒生指数,恒生科技|MA↓:沪深300,创业板,科创50,中证500,恒生指数,恒生科技|死叉:1|⚠高确信弱市",defensive,,
2022-09-02,2022-09-05,True,False,True,"MA120|true_weak=6/6(100%)|弱:沪深300,创业板,科创50,中证500,恒生指数,恒生科技|MA↓:沪深300,创业板,科创50,中证500,恒生指数,恒生科技|死叉:1|⚠高确信弱市|确认弱市(连续2d)",defensive,,
2022-09-05,2022-09-06,False,False,True,"MA120|true_weak=5/6(83%)|弱:沪深300,创业板,科创50,恒生指数,恒生科技|MA↓:沪深300,创业板,科创50,中证500,恒生指数,恒生科技|死叉:1|⚠高确信弱市",defensive,,
2022-09-06,2022-09-07,False,False,True,"MA120|true_weak=5/6(83%)|弱:沪深300,创业板,科创50,恒生指数,恒生科技|MA↓:沪深300,创业板,科创50,中证500,恒生指数,恒生科技|死叉:1|⚠高确信弱市|确认弱市(连续2d)",defensive,,
2022-09-07,2022-09-08,False,False,True,"MA120|true_weak=5/6(83%)|弱:沪深300,创业板,科创50,恒生指数,恒生科技|MA↓:沪深300,创业板,科创50,中证500,恒生指数,恒生科技|死叉:1|⚠高确信弱市",defensive,,
2022-09-08,2022-09-09,False,False,True,"MA120|true_weak=5/6(83%)|弱:沪深300,创业板,科创50,恒生指数,恒生科技|MA↓:沪深300,创业板,科创50,中证500,恒生指数,恒生科技|死叉:2|⚠高确信弱市|确认弱市(连续2d)",defensive,,
2022-09-09,2022-09-13,False,False,True,"MA120|true_weak=5/6(83%)|弱:沪深300,创业板,科创50,恒生指数,恒生科技|MA↓:沪深300,创业板,科创50,中证500,恒生指数,恒生科技|死叉:2|⚠高确信弱市",defensive,,
2022-09-13,2022-09-14,False,False,True,"MA120|true_weak=5/6(83%)|弱:沪深300,创业板,科创50,恒生指数,恒生科技|MA↓:沪深300,创业板,科创50,中证500,恒生指数,恒生科技|死叉:2|⚠高确信弱市|确认弱市(连续2d)",defensive,,
2022-09-14,2022-09-15,False,False,True,"MA120|true_weak=5/6(83%)|弱:沪深300,创业板,科创50,恒生指数,恒生科技|MA↓:沪深300,创业板,科创50,中证500,恒生指数,恒生科技|死叉:2|⚠高确信弱市",defensive,,
2022-09-15,2022-09-16,False,False,True,"MA120|true_weak=6/6(100%)|弱:沪深300,创业板,科创50,中证500,恒生指数,恒生科技|MA↓:沪深300,创业板,科创50,中证500,恒生指数,恒生科技|死叉:2|⚠高确信弱市|确认弱市(连续2d)",defensive,,
2022-09-16,2022-09-19,False,False,True,"MA120|true_weak=6/6(100%)|弱:沪深300,创业板,科创50,中证500,恒生指数,恒生科技|MA↓:沪深300,创业板,科创50,中证500,恒生指数,恒生科技|死叉:2|⚠高确信弱市",defensive,,
2022-09-19,2022-09-20,False,False,True,"MA120|true_weak=6/6(100%)|弱:沪深300,创业板,科创50,中证500,恒生指数,恒生科技|MA↓:沪深300,创业板,科创50,中证500,恒生指数,恒生科技|死叉:3|⚠高确信弱市|确认弱市(连续2d)",defensive,,
2022-09-20,2022-09-21,False,False,True,"MA120|true_weak=6/6(100%)|弱:沪深300,创业板,科创50,中证500,恒生指数,恒生科技|MA↓:沪深300,创业板,科创50,中证500,恒生指数,恒生科技|死叉:3|⚠高确信弱市",defensive,,
2022-09-21,2022-09-22,False,False,True,"MA120|true_weak=6/6(100%)|弱:沪深300,创业板,科创50,中证500,恒生指数,恒生科技|MA↓:沪深300,创业板,科创50,中证500,恒生指数,恒生科技|死叉:3|⚠高确信弱市|确认弱市(连续2d)",defensive,,
2022-09-22,2022-09-23,False,False,True,"MA120|true_weak=6/6(100%)|弱:沪深300,创业板,科创50,中证500,恒生指数,恒生科技|MA↓:沪深300,创业板,科创50,中证500,恒生指数,恒生科技|死叉:3|⚠高确信弱市",defensive,,
2022-09-23,2022-09-26,False,False,True,"MA120|true_weak=6/6(100%)|弱:沪深300,创业板,科创50,中证500,恒生指数,恒生科技|MA↓:沪深300,创业板,科创50,中证500,恒生指数,恒生科技|死叉:3|⚠高确信弱市|确认弱市(连续2d)",defensive,,
2022-09-26,2022-09-27,False,False,True,"MA120|true_weak=6/6(100%)|弱:沪深300,创业板,科创50,中证500,恒生指数,恒生科技|MA↓:沪深300,创业板,科创50,中证500,恒生指数,恒生科技|死叉:3|⚠高确信弱市",defensive,,
2022-09-27,2022-09-28,False,False,True,"MA120|true_weak=6/6(100%)|弱:沪深300,创业板,科创50,中证500,恒生指数,恒生科技|MA↓:沪深300,创业板,科创50,中证500,恒生指数,恒生科技|死叉:3|⚠高确信弱市|确认弱市(连续2d)",defensive,,
2022-09-28,2022-09-29,False,False,True,"MA120|true_weak=6/6(100%)|弱:沪深300,创业板,科创50,中证500,恒生指数,恒生科技|MA↓:沪深300,创业板,科创50,中证500,恒生指数,恒生科技|死叉:3|⚠高确信弱市",defensive,,
2022-09-29,2022-09-30,False,False,True,"MA120|true_weak=6/6(100%)|弱:沪深300,创业板,科创50,中证500,恒生指数,恒生科技|MA↓:沪深300,创业板,科创50,中证500,恒生指数,恒生科技|死叉:3|⚠高确信弱市|确认弱市(连续2d)",defensive,,
2022-09-30,2022-10-10,False,False,True,"MA120|true_weak=6/6(100%)|弱:沪深300,创业板,科创50,中证500,恒生指数,恒生科技|MA↓:沪深300,创业板,科创50,中证500,恒生指数,恒生科技|死叉:3|⚠高确信弱市",defensive,,
2022-10-10,2022-10-11,False,False,True,"MA120|true_weak=6/6(100%)|弱:沪深300,创业板,科创50,中证500,恒生指数,恒生科技|MA↓:沪深300,创业板,科创50,中证500,恒生指数,恒生科技|死叉:3|⚠高确信弱市|确认弱市(连续2d)",defensive,,
2022-10-11,2022-10-12,True,False,True,"MA120|true_weak=6/6(100%)|弱:沪深300,创业板,科创50,中证500,恒生指数,恒生科技|MA↓:沪深300,创业板,科创50,中证500,恒生指数,恒生科技|死叉:3|⚠高确信弱市",defensive,,
2022-10-12,2022-10-13,False,False,True,"MA120|true_weak=6/6(100%)|弱:沪深300,创业板,科创50,中证500,恒生指数,恒生科技|MA↓:沪深300,创业板,科创50,中证500,恒生指数,恒生科技|死叉:3|⚠高确信弱市|确认弱市(连续2d)",defensive,,
2022-10-13,2022-10-14,False,False,True,"MA120|true_weak=6/6(100%)|弱:沪深300,创业板,科创50,中证500,恒生指数,恒生科技|MA↓:沪深300,创业板,科创50,中证500,恒生指数,恒生科技|死叉:3|⚠高确信弱市",defensive,,
2022-10-14,2022-10-17,False,False,True,"MA120|true_weak=6/6(100%)|弱:沪深300,创业板,科创50,中证500,恒生指数,恒生科技|MA↓:沪深300,创业板,科创50,中证500,恒生指数,恒生科技|死叉:4|⚠高确信弱市|确认弱市(连续2d)",defensive,,
2022-10-17,2022-10-18,False,False,True,"MA120|true_weak=6/6(100%)|弱:沪深300,创业板,科创50,中证500,恒生指数,恒生科技|MA↓:沪深300,创业板,科创50,中证500,恒生指数,恒生科技|死叉:5|⚠高确信弱市",defensive,,
2022-10-18,2022-10-19,False,False,True,"MA120|true_weak=6/6(100%)|弱:沪深300,创业板,科创50,中证500,恒生指数,恒生科技|MA↓:沪深300,创业板,科创50,中证500,恒生指数,恒生科技|死叉:5|⚠高确信弱市|确认弱市(连续2d)",defensive,,
2022-10-19,2022-10-20,False,False,True,"MA120|true_weak=6/6(100%)|弱:沪深300,创业板,科创50,中证500,恒生指数,恒生科技|MA↓:沪深300,创业板,科创50,中证500,恒生指数,恒生科技|死叉:5|⚠高确信弱市",defensive,,
2022-10-20,2022-10-21,False,False,True,"MA120|true_weak=6/6(100%)|弱:沪深300,创业板,科创50,中证500,恒生指数,恒生科技|MA↓:沪深300,创业板,科创50,中证500,恒生指数,恒生科技|死叉:5|⚠高确信弱市|确认弱市(连续2d)",defensive,,
2022-10-21,2022-10-24,False,False,True,"MA120|true_weak=6/6(100%)|弱:沪深300,创业板,科创50,中证500,恒生指数,恒生科技|MA↓:沪深300,创业板,科创50,中证500,恒生指数,恒生科技|死叉:5|⚠高确信弱市",defensive,,
2022-10-24,2022-10-25,False,False,True,"MA120|true_weak=6/6(100%)|弱:沪深300,创业板,科创50,中证500,恒生指数,恒生科技|MA↓:沪深300,创业板,科创50,中证500,恒生指数,恒生科技|死叉:5|⚠高确信弱市|确认弱市(连续2d)",defensive,,
2022-10-25,2022-10-26,False,False,True,"MA120|true_weak=6/6(100%)|弱:沪深300,创业板,科创50,中证500,恒生指数,恒生科技|MA↓:沪深300,创业板,科创50,恒生指数,恒生科技|死叉:6|⚠高确信弱市",defensive,,
2022-10-26,2022-10-27,False,False,True,"MA120|true_weak=6/6(100%)|弱:沪深300,创业板,科创50,中证500,恒生指数,恒生科技|MA↓:沪深300,创业板,科创50,恒生指数,恒生科技|死叉:6|⚠高确信弱市|确认弱市(连续2d)",defensive,,
2022-10-27,2022-10-28,False,False,True,"MA120|true_weak=6/6(100%)|弱:沪深300,创业板,科创50,中证500,恒生指数,恒生科技|MA↓:沪深300,创业板,科创50,恒生指数,恒生科技|死叉:6|⚠高确信弱市",defensive,,
2022-10-28,2022-10-31,False,False,True,"MA120|true_weak=6/6(100%)|弱:沪深300,创业板,科创50,中证500,恒生指数,恒生科技|MA↓:沪深300,创业板,恒生指数,恒生科技|死叉:6|⚠高确信弱市|确认弱市(连续2d)",defensive,,
2022-10-31,2022-11-01,False,False,True,"MA120|true_weak=6/6(100%)|弱:沪深300,创业板,科创50,中证500,恒生指数,恒生科技|MA↓:沪深300,恒生指数,恒生科技|死叉:6|⚠高确信弱市",defensive,,
2022-11-01,2022-11-02,False,False,True,"MA120|true_weak=6/6(100%)|弱:沪深300,创业板,科创50,中证500,恒生指数,恒生科技|MA↓:沪深300,恒生指数,恒生科技|死叉:6|⚠高确信弱市|确认弱市(连续2d)",defensive,,
2022-11-02,2022-11-03,True,False,True,"MA120|true_weak=6/6(100%)|弱:沪深300,创业板,科创50,中证500,恒生指数,恒生科技|MA↓:沪深300,恒生指数,恒生科技|死叉:6|⚠高确信弱市",defensive,,
2022-11-03,2022-11-04,False,False,True,"MA120|true_weak=6/6(100%)|弱:沪深300,创业板,科创50,中证500,恒生指数,恒生科技|MA↓:沪深300,恒生指数,恒生科技|死叉:6|⚠高确信弱市|确认弱市(连续2d)",defensive,,
2022-11-04,2022-11-07,False,False,True,"MA120|true_weak=5/6(83%)|弱:沪深300,创业板,中证500,恒生指数,恒生科技|MA↓:沪深300,恒生指数,恒生科技|死叉:6|⚠高确信弱市",defensive,,
2022-11-07,2022-11-08,False,False,True,"MA120|true_weak=5/6(83%)|弱:沪深300,创业板,中证500,恒生指数,恒生科技|MA↓:沪深300,恒生指数,恒生科技|死叉:6|⚠高确信弱市|确认弱市(连续2d)",defensive,,
2022-11-08,2022-11-09,False,False,True,"MA120|true_weak=5/6(83%)|弱:沪深300,创业板,中证500,恒生指数,恒生科技|MA↓:沪深300,恒生指数,恒生科技|死叉:6|强:科创50|⚠高确信弱市",defensive,,
2022-11-09,2022-11-10,False,False,True,"MA120|true_weak=6/6(100%)|弱:沪深300,创业板,科创50,中证500,恒生指数,恒生科技|MA↓:沪深300,恒生指数,恒生科技|死叉:6|⚠高确信弱市|确认弱市(连续2d)",defensive,,
2022-11-10,2022-11-11,False,False,True,"MA120|true_weak=6/6(100%)|弱:沪深300,创业板,科创50,中证500,恒生指数,恒生科技|MA↓:沪深300,恒生指数,恒生科技|死叉:6|⚠高确信弱市",defensive,,
2022-11-11,2022-11-14,False,False,True,"MA120|true_weak=6/6(100%)|弱:沪深300,创业板,科创50,中证500,恒生指数,恒生科技|MA↓:沪深300,恒生指数,恒生科技|死叉:6|⚠高确信弱市|确认弱市(连续2d)",defensive,,
2022-11-14,2022-11-15,False,False,True,"MA120|true_weak=6/6(100%)|弱:沪深300,创业板,科创50,中证500,恒生指数,恒生科技|MA↓:沪深300,恒生指数,恒生科技|死叉:6|⚠高确信弱市",defensive,,
2022-11-15,2022-11-16,False,False,True,"MA120|true_weak=4/6(67%)|弱:沪深300,创业板,恒生指数,恒生科技|MA↓:沪深300,恒生指数,恒生科技|死叉:6|强:科创50,中证500|⚠高确信弱市|确认弱市(连续2d)",defensive,,
2022-11-16,2022-11-17,False,False,True,"MA120|true_weak=5/6(83%)|弱:沪深300,创业板,科创50,恒生指数,恒生科技|MA↓:沪深300,恒生指数,恒生科技|死叉:6|强:中证500|⚠高确信弱市",defensive,,
2022-11-17,2022-11-18,False,False,True,"MA120|true_weak=5/6(83%)|弱:沪深300,创业板,科创50,恒生指数,恒生科技|MA↓:沪深300,恒生指数,恒生科技|死叉:6|强:中证500|⚠高确信弱市|确认弱市(连续2d)",defensive,,
2022-11-18,2022-11-21,False,False,True,"MA120|true_weak=5/6(83%)|弱:沪深300,创业板,科创50,恒生指数,恒生科技|MA↓:沪深300,恒生指数,恒生科技|死叉:6|强:中证500|⚠高确信弱市",defensive,,
2022-11-21,2022-11-22,False,False,True,"MA120|true_weak=5/6(83%)|弱:沪深300,创业板,科创50,恒生指数,恒生科技|MA↓:沪深300,恒生指数,恒生科技|死叉:6|强:中证500|⚠高确信弱市|确认弱市(连续2d)",defensive,,
2022-11-22,2022-11-23,False,False,True,"MA120|true_weak=6/6(100%)|弱:沪深300,创业板,科创50,中证500,恒生指数,恒生科技|MA↓:沪深300,恒生指数,恒生科技|死叉:6|⚠高确信弱市",defensive,,
2022-11-23,2022-11-24,False,False,True,"MA120|true_weak=6/6(100%)|弱:沪深300,创业板,科创50,中证500,恒生指数,恒生科技|MA↓:沪深300,恒生指数,恒生科技|死叉:6|⚠高确信弱市|确认弱市(连续2d)",defensive,,
2022-11-24,2022-11-25,False,False,True,"MA120|true_weak=6/6(100%)|弱:沪深300,创业板,科创50,中证500,恒生指数,恒生科技|MA↓:沪深300,恒生指数,恒生科技|死叉:6|⚠高确信弱市",defensive,,
2022-11-25,2022-11-28,False,False,True,"MA120|true_weak=6/6(100%)|弱:沪深300,创业板,科创50,中证500,恒生指数,恒生科技|MA↓:沪深300,恒生指数,恒生科技|死叉:6|⚠高确信弱市|确认弱市(连续2d)",defensive,,
2022-11-28,2022-11-29,False,False,True,"MA120|true_weak=6/6(100%)|弱:沪深300,创业板,科创50,中证500,恒生指数,恒生科技|MA↓:沪深300,恒生指数,恒生科技|死叉:6|⚠高确信弱市",defensive,,
2022-11-29,2022-11-30,False,False,True,"MA120|true_weak=6/6(100%)|弱:沪深300,创业板,科创50,中证500,恒生指数,恒生科技|MA↓:沪深300,恒生指数,恒生科技|死叉:6|⚠高确信弱市|确认弱市(连续2d)",defensive,,
2022-11-30,2022-12-01,False,False,True,"MA120|true_weak=6/6(100%)|弱:沪深300,创业板,科创50,中证500,恒生指数,恒生科技|MA↓:沪深300,恒生指数,恒生科技|死叉:6|⚠高确信弱市",defensive,,
2022-12-01,2022-12-02,False,False,True,"MA120|true_weak=5/6(83%)|弱:沪深300,创业板,科创50,恒生指数,恒生科技|MA↓:沪深300,恒生指数,恒生科技|死叉:6|强:中证500|⚠高确信弱市|确认弱市(连续2d)",defensive,,
2022-12-02,2022-12-05,True,False,True,"MA120|true_weak=6/6(100%)|弱:沪深300,创业板,科创50,中证500,恒生指数,恒生科技|MA↓:沪深300,恒生指数,恒生科技|死叉:6|⚠高确信弱市",defensive,,
2022-12-05,2022-12-06,False,False,True,"MA120|true_weak=3/6(50%)|弱:沪深300,创业板,科创50|MA↓:沪深300,恒生指数,恒生科技|死叉:6|⚠高确信弱市|确认弱市(连续2d)",defensive,,
2022-12-06,2022-12-07,False,False,True,"MA120|true_weak=3/6(50%)|弱:沪深300,创业板,科创50|MA↓:沪深300,恒生指数,恒生科技|死叉:6|⚠高确信弱市",defensive,,
2022-12-07,2022-12-08,False,False,True,"MA120|true_weak=4/6(67%)|弱:沪深300,创业板,科创50,恒生指数|MA↓:沪深300,科创50,恒生指数,恒生科技|死叉:6|⚠高确信弱市|确认弱市(连续2d)",defensive,,
2022-12-08,2022-12-09,False,False,True,"MA120|true_weak=3/6(50%)|弱:沪深300,创业板,科创50|MA↓:沪深300,科创50,恒生指数,恒生科技|死叉:6|⚠高确信弱市",defensive,,
2022-12-09,2022-12-12,False,False,True,"MA120|true_weak=3/6(50%)|弱:沪深300,创业板,科创50|MA↓:沪深300,创业板,科创50,恒生指数,恒生科技|死叉:6|⚠高确信弱市|确认弱市(连续2d)",defensive,,
2022-12-12,2022-12-13,False,False,True,"MA120|true_weak=4/6(67%)|弱:沪深300,创业板,科创50,中证500|MA↓:沪深300,创业板,科创50,恒生指数,恒生科技|死叉:6|⚠高确信弱市",defensive,,
2022-12-13,2022-12-14,False,False,True,"MA120|true_weak=4/6(67%)|弱:沪深300,创业板,科创50,中证500|MA↓:沪深300,创业板,科创50,恒生指数,恒生科技|死叉:6|⚠高确信弱市|确认弱市(连续2d)",defensive,,
2022-12-14,2022-12-15,False,False,True,"MA120|true_weak=4/6(67%)|弱:沪深300,创业板,科创50,中证500|MA↓:沪深300,创业板,科创50,恒生指数,恒生科技|死叉:6|⚠高确信弱市",defensive,,
2022-12-15,2022-12-16,False,False,True,"MA120|true_weak=4/6(67%)|弱:沪深300,创业板,科创50,中证500|MA↓:沪深300,创业板,科创50,恒生指数,恒生科技|死叉:6|⚠高确信弱市|确认弱市(连续2d)",defensive,,
2022-12-16,2022-12-19,False,False,True,"MA120|true_weak=4/6(67%)|弱:沪深300,创业板,科创50,中证500|MA↓:沪深300,创业板,科创50,恒生指数,恒生科技|死叉:6|⚠高确信弱市",defensive,,
2022-12-19,2022-12-20,False,False,True,"MA120|true_weak=4/6(67%)|弱:沪深300,创业板,科创50,中证500|MA↓:沪深300,创业板,科创50,恒生指数,恒生科技|死叉:6|⚠高确信弱市|确认弱市(连续2d)",defensive,,
2022-12-20,2022-12-21,False,False,True,"MA120|true_weak=4/6(67%)|弱:沪深300,创业板,科创50,中证500|MA↓:沪深300,创业板,科创50,恒生指数,恒生科技|死叉:6|⚠高确信弱市",defensive,,
2022-12-21,2022-12-22,False,False,True,"MA120|true_weak=4/6(67%)|弱:沪深300,创业板,科创50,中证500|MA↓:沪深300,创业板,科创50,恒生指数,恒生科技|死叉:6|⚠高确信弱市|确认弱市(连续2d)",defensive,,
2022-12-22,2022-12-23,False,False,True,"MA120|true_weak=4/6(67%)|弱:沪深300,创业板,科创50,中证500|MA↓:沪深300,创业板,科创50,恒生指数,恒生科技|死叉:6|⚠高确信弱市",defensive,,
2022-12-23,2022-12-26,False,False,True,"MA120|true_weak=4/6(67%)|弱:沪深300,创业板,科创50,中证500|MA↓:沪深300,创业板,科创50,中证500,恒生指数,恒生科技|死叉:6|⚠高确信弱市|确认弱市(连续2d)",defensive,,
2022-12-26,2022-12-27,False,False,True,"MA120|true_weak=4/4(100%)|弱:沪深300,创业板,科创50,中证500|MA↓:沪深300,创业板,科创50,中证500|死叉:4|⚠高确信弱市",defensive,,
2022-12-27,2022-12-28,False,False,True,"MA120|true_weak=4/4(100%)|弱:沪深300,创业板,科创50,中证500|MA↓:沪深300,创业板,科创50,中证500|死叉:4|⚠高确信弱市|确认弱市(连续2d)",defensive,,
2022-12-28,2022-12-29,False,False,True,"MA120|true_weak=4/6(67%)|弱:沪深300,创业板,科创50,中证500|MA↓:沪深300,创业板,科创50,中证500,恒生指数,恒生科技|死叉:6|⚠高确信弱市",defensive,,
2022-12-29,2022-12-30,False,False,True,"MA120|true_weak=4/6(67%)|弱:沪深300,创业板,科创50,中证500|MA↓:沪深300,创业板,科创50,中证500,恒生指数,恒生科技|死叉:6|⚠高确信弱市|确认弱市(连续2d)",defensive,,
2022-12-30,2023-01-03,False,False,True,"MA120|true_weak=4/6(67%)|弱:沪深300,创业板,科创50,中证500|MA↓:沪深300,创业板,科创50,中证500,恒生指数,恒生科技|死叉:6|⚠高确信弱市",defensive,,
2023-01-03,2023-01-04,False,False,True,"MA120|true_weak=4/6(67%)|弱:沪深300,创业板,科创50,中证500|MA↓:沪深300,创业板,科创50,中证500,恒生指数,恒生科技|死叉:6|⚠高确信弱市|确认弱市(连续2d)",defensive,,
2023-01-04,2023-01-05,True,False,True,"MA120|true_weak=4/6(67%)|弱:沪深300,创业板,科创50,中证500|MA↓:沪深300,创业板,科创50,中证500,恒生指数,恒生科技|死叉:6|⚠高确信弱市",defensive,,
2023-01-05,2023-01-06,False,False,True,"MA120|true_weak=3/6(50%)|弱:创业板,科创50,中证500|MA↓:沪深300,创业板,科创50,中证500,恒生指数,恒生科技|死叉:6|⚠高确信弱市|确认弱市(连续2d)",defensive,,
2023-01-06,2023-01-09,False,False,True,"MA120|true_weak=3/6(50%)|弱:创业板,科创50,中证500|MA↓:沪深300,创业板,科创50,中证500,恒生指数,恒生科技|死叉:6|⚠高确信弱市",defensive,,
2023-01-09,2023-01-10,False,False,True,"MA120|true_weak=3/6(50%)|弱:创业板,科创50,中证500|MA↓:沪深300,创业板,科创50,中证500,恒生指数,恒生科技|死叉:6|⚠高确信弱市|确认弱市(连续2d)",defensive,,
2023-01-10,2023-01-11,False,True,False,"MA120|true_weak=2/6(33%)|弱:科创50,中证500|MA↓:沪深300,创业板,科创50,中证500,恒生指数,恒生科技|死叉:6|确认强市(连续1d)",offensive,,
2023-01-11,2023-01-12,False,False,False,"MA120|true_weak=3/6(50%)|弱:创业板,科创50,中证500|MA↓:沪深300,创业板,科创50,中证500,恒生指数,恒生科技|死叉:6|⚠高确信弱市|冷却中(1/5d)→维持强",offensive,,
2023-01-12,2023-01-13,False,False,False,"MA120|true_weak=3/6(50%)|弱:创业板,科创50,中证500|MA↓:沪深300,创业板,科创50,中证500,恒生指数,恒生科技|死叉:4|⚠高确信弱市|冷却中(2/5d)→维持强",offensive,,
2023-01-13,2023-01-16,False,False,False,"MA120|true_weak=2/6(33%)|弱:科创50,中证500|MA↓:沪深300,创业板,科创50,中证500,恒生指数,恒生科技|死叉:4|冷却中(3/5d)→维持强",offensive,,
2023-01-16,2023-01-17,False,False,False,"MA120|true_weak=1/6(17%)|弱:科创50|MA↓:沪深300,创业板,科创50,中证500,恒生指数,恒生科技|死叉:4|冷却中(4/5d)→维持强",offensive,,
2023-01-17,2023-01-18,False,False,False,"MA120|true_weak=1/6(17%)|弱:科创50|MA↓:沪深300,创业板,科创50,中证500,恒生指数,恒生科技|死叉:4|确认强市(连续1d)",offensive,,
2023-01-18,2023-01-19,False,False,False,"MA120|true_weak=1/6(17%)|弱:科创50|MA↓:沪深300,创业板,科创50,中证500,恒生科技|死叉:4|确认强市(连续1d)",offensive,,
2023-01-19,2023-01-20,False,False,False,"MA120|true_weak=0/6(0%)|MA↓:沪深300,创业板,科创50,中证500,恒生科技|死叉:4|确认强市(连续1d)",offensive,,
2023-01-20,2023-01-30,False,False,False,"MA120|true_weak=0/6(0%)|MA↓:沪深300,创业板,科创50,中证500,恒生科技|死叉:4|确认强市(连续1d)",offensive,,
2023-01-30,2023-01-31,False,False,False,"MA120|true_weak=0/6(0%)|MA↓:沪深300,创业板,科创50,中证500|死叉:4|强:恒生指数|确认强市(连续1d)",offensive,,
2023-01-31,2023-02-01,False,False,False,"MA120|true_weak=1/6(17%)|弱:科创50|MA↓:沪深300,创业板,科创50,中证500|死叉:3|强:恒生指数|确认强市(连续1d)",offensive,,
2023-02-01,2023-02-02,False,False,False,"MA120|true_weak=0/6(0%)|MA↓:沪深300,创业板,科创50,中证500|死叉:3|强:恒生指数|确认强市(连续1d)",offensive,,
2023-02-02,2023-02-03,True,False,False,"MA120|true_weak=0/6(0%)|MA↓:沪深300,创业板,科创50,中证500|死叉:3|强:恒生指数|确认强市(连续1d)",offensive,,
2023-02-03,2023-02-06,False,False,False,"MA120|true_weak=0/6(0%)|MA↓:沪深300,创业板,科创50|死叉:3|强:恒生指数|确认强市(连续1d)",offensive,,
2023-02-06,2023-02-07,False,False,False,"MA120|true_weak=0/6(0%)|MA↓:沪深300,创业板,科创50|死叉:3|强:恒生指数,恒生科技|确认强市(连续1d)",offensive,,
2023-02-07,2023-02-08,False,False,False,"MA120|true_weak=0/6(0%)|MA↓:沪深300,创业板,科创50|死叉:3|强:恒生指数,恒生科技|确认强市(连续1d)",offensive,,
2023-02-08,2023-02-09,False,False,False,"MA120|true_weak=1/6(17%)|弱:科创50|MA↓:沪深300,创业板,科创50|死叉:3|强:恒生指数,恒生科技|确认强市(连续1d)",offensive,,
2023-02-09,2023-02-10,False,False,False,"MA120|true_weak=0/6(0%)|MA↓:创业板,科创50|死叉:3|强:恒生指数,恒生科技|确认强市(连续1d)",offensive,,
2023-02-10,2023-02-13,False,False,False,"MA120|true_weak=0/6(0%)|MA↓:创业板,科创50|死叉:2|强:恒生指数,恒生科技|确认强市(连续1d)",offensive,,
2023-02-13,2023-02-14,False,False,False,"MA120|true_weak=0/6(0%)|MA↓:创业板,科创50|死叉:2|强:恒生指数,恒生科技|确认强市(连续1d)",offensive,,
2023-02-14,2023-02-15,False,False,False,"MA120|true_weak=0/6(0%)|MA↓:创业板,科创50|死叉:2|强:恒生指数,恒生科技|确认强市(连续1d)",offensive,,
2023-02-15,2023-02-16,False,False,False,"MA120|true_weak=0/6(0%)|MA↓:创业板,科创50|死叉:1|强:恒生指数,恒生科技|确认强市(连续1d)",offensive,,
2023-02-16,2023-02-17,False,False,False,"MA120|true_weak=0/6(0%)|MA↓:创业板,科创50|死叉:1|强:恒生指数,恒生科技|确认强市(连续1d)",offensive,,
2023-02-17,2023-02-20,False,False,False,"MA120|true_weak=1/6(17%)|弱:科创50|MA↓:创业板,科创50|死叉:1|强:恒生指数,恒生科技|确认强市(连续1d)",offensive,,
2023-02-20,2023-02-21,False,False,False,"MA120|true_weak=1/6(17%)|弱:科创50|MA↓:创业板,科创50|死叉:1|强:恒生指数,恒生科技|确认强市(连续1d)",offensive,,
2023-02-21,2023-02-22,False,False,False,"MA120|true_weak=1/6(17%)|弱:科创50|MA↓:创业板,科创50|死叉:1|强:恒生指数,恒生科技|确认强市(连续1d)",offensive,,
2023-02-22,2023-02-23,False,False,False,"MA120|true_weak=1/6(17%)|弱:科创50|MA↓:创业板,科创50|死叉:1|强:恒生指数,恒生科技|确认强市(连续1d)",offensive,,
2023-02-23,2023-02-24,False,False,False,"MA120|true_weak=1/6(17%)|弱:科创50|MA↓:创业板,科创50|死叉:1|强:恒生指数,恒生科技|确认强市(连续1d)",offensive,,
2023-02-24,2023-02-27,False,False,False,"MA120|true_weak=1/6(17%)|弱:科创50|MA↓:创业板,科创50|死叉:1|强:恒生指数,恒生科技|确认强市(连续1d)",offensive,,
2023-02-27,2023-02-28,False,False,False,"MA120|true_weak=2/6(33%)|弱:创业板,科创50|MA↓:创业板,科创50|死叉:1|强:恒生指数|确认强市(连续1d)",offensive,,
2023-02-28,2023-03-01,False,False,False,"MA120|true_weak=1/6(17%)|弱:科创50|MA↓:创业板,科创50|死叉:1|强:恒生指数|确认强市(连续1d)",offensive,,
2023-03-01,2023-03-02,False,False,False,"MA120|true_weak=1/6(17%)|弱:科创50|MA↓:创业板,科创50|死叉:1|强:恒生指数|确认强市(连续1d)",offensive,,
2023-03-02,2023-03-03,True,False,False,"MA120|true_weak=2/6(33%)|弱:创业板,科创50|MA↓:创业板,科创50|死叉:1|强:恒生指数|确认强市(连续1d)",offensive,软件;游戏,515230:50.0%;159869:50.0%
2023-03-03,2023-03-06,False,False,False,"MA120|true_weak=0/6(0%)|MA↓:创业板,科创50|死叉:1|强:恒生指数|确认强市(连续1d)",offensive,,
2023-03-06,2023-03-07,False,False,False,"MA120|true_weak=0/6(0%)|MA↓:创业板,科创50|死叉:1|强:恒生指数|确认强市(连续1d)",offensive,,
2023-03-07,2023-03-08,False,False,False,"MA120|true_weak=2/6(33%)|弱:创业板,科创50|MA↓:创业板,科创50|死叉:1|强:恒生指数|确认强市(连续1d)",offensive,,
2023-03-08,2023-03-09,False,False,False,"MA120|true_weak=2/6(33%)|弱:创业板,科创50|MA↓:创业板,科创50|死叉:1|强:恒生指数|确认强市(连续1d)",offensive,,
2023-03-09,2023-03-10,False,False,False,"MA120|true_weak=1/6(17%)|弱:创业板|MA↓:创业板,科创50|强:恒生指数|确认强市(连续1d)",offensive,,
2023-03-10,2023-03-13,False,False,False,"MA120|true_weak=2/6(33%)|弱:创业板,科创50|MA↓:创业板,科创50|假弱(忽略):恒生科技|强:恒生指数|确认强市(连续1d)",offensive,,
2023-03-13,2023-03-14,False,False,False,"MA120|true_weak=1/6(17%)|弱:创业板|MA↓:创业板,科创50|假弱(忽略):恒生科技|强:恒生指数|确认强市(连续1d)",offensive,,
2023-03-14,2023-03-15,False,False,False,"MA120|true_weak=1/6(17%)|弱:创业板|MA↓:创业板,科创50|假弱(忽略):恒生科技|强:恒生指数|确认强市(连续1d)",offensive,,
2023-03-15,2023-03-16,False,False,False,"MA120|true_weak=1/6(17%)|弱:创业板|MA↓:创业板,科创50|假弱(忽略):恒生科技|强:恒生指数|确认强市(连续1d)",offensive,,
2023-03-16,2023-03-17,False,False,False,"MA120|true_weak=2/6(33%)|弱:创业板,科创50|MA↓:创业板,科创50|假弱(忽略):恒生科技|强:恒生指数|确认强市(连续1d)",offensive,,
2023-03-17,2023-03-20,False,False,False,"MA120|true_weak=1/6(17%)|弱:创业板|MA↓:创业板,科创50|强:恒生指数|确认强市(连续1d)",offensive,,
2023-03-20,2023-03-21,False,False,False,"MA120|true_weak=1/6(17%)|弱:创业板|MA↓:创业板,科创50|假弱(忽略):恒生指数,恒生科技|确认强市(连续1d)",offensive,,
2023-03-21,2023-03-22,False,False,False,"MA120|true_weak=1/6(17%)|弱:创业板|MA↓:创业板,科创50|强:恒生指数|确认强市(连续1d)",offensive,,
2023-03-22,2023-03-23,False,False,False,"MA120|true_weak=1/6(17%)|弱:创业板|MA↓:创业板,科创50|强:恒生指数|确认强市(连续1d)",offensive,,
2023-03-23,2023-03-24,False,False,False,MA120|true_weak=1/6(17%)|弱:创业板|MA↓:创业板|强:恒生指数|确认强市(连续1d),offensive,,
2023-03-24,2023-03-27,False,False,False,MA120|true_weak=1/6(17%)|弱:创业板|MA↓:创业板|强:恒生指数|确认强市(连续1d),offensive,,
2023-03-27,2023-03-28,False,False,False,"MA120|true_weak=1/6(17%)|弱:创业板|MA↓:创业板|强:恒生指数,恒生科技|确认强市(连续1d)",offensive,,
2023-03-28,2023-03-29,False,False,False,"MA120|true_weak=1/6(17%)|弱:创业板|MA↓:创业板|强:恒生指数,恒生科技|确认强市(连续1d)",offensive,,
2023-03-29,2023-03-30,False,False,False,"MA120|true_weak=1/6(17%)|弱:创业板|MA↓:创业板|强:恒生指数,恒生科技|确认强市(连续1d)",offensive,,
2023-03-30,2023-03-31,False,False,False,"MA120|true_weak=1/6(17%)|弱:创业板|MA↓:创业板|强:恒生指数,恒生科技|确认强市(连续1d)",offensive,,
2023-03-31,2023-04-03,False,False,False,"MA120|true_weak=1/6(17%)|弱:创业板|MA↓:创业板|强:中证500,恒生指数,恒生科技|确认强市(连续1d)",offensive,,
2023-04-03,2023-04-04,False,False,False,"MA120|true_weak=0/6(0%)|强:科创50,中证500,恒生指数,恒生科技|确认强市(连续1d)",offensive,,
2023-04-04,2023-04-06,True,False,False,"MA120|true_weak=0/6(0%)|强:科创50,中证500,恒生指数,恒生科技|确认强市(连续1d)",offensive,游戏;传媒,159869:50.0%;512980:50.0%
2023-04-06,2023-04-07,False,False,False,"MA120|true_weak=0/6(0%)|强:科创50,中证500,恒生指数,恒生科技|确认强市(连续1d)",offensive,,
2023-04-07,2023-04-10,False,False,False,"MA120|true_weak=0/4(0%)|强:科创50,中证500|确认强市(连续1d)",offensive,,
2023-04-10,2023-04-11,False,False,False,"MA120|true_weak=0/4(0%)|强:沪深300,科创50,中证500|确认强市(连续1d)",offensive,,
2023-04-11,2023-04-12,False,False,False,"MA120|true_weak=0/6(0%)|强:沪深300,科创50,中证500,恒生指数,恒生科技|确认强市(连续1d)",offensive,,
2023-04-12,2023-04-13,False,False,False,"MA120|true_weak=0/6(0%)|强:沪深300,科创50,中证500,恒生指数,恒生科技|确认强市(连续1d)",offensive,,
2023-04-13,2023-04-14,False,False,False,"MA120|true_weak=0/6(0%)|假弱(忽略):创业板|强:沪深300,科创50,中证500,恒生指数,恒生科技|确认强市(连续1d)",offensive,,
2023-04-14,2023-04-17,False,False,False,"MA120|true_weak=0/6(0%)|强:沪深300,科创50,中证500,恒生指数,恒生科技|确认强市(连续1d)",offensive,,
2023-04-17,2023-04-18,False,False,False,"MA120|true_weak=0/6(0%)|强:沪深300,科创50,中证500,恒生指数,恒生科技|确认强市(连续1d)",offensive,,
2023-04-18,2023-04-19,False,False,False,"MA120|true_weak=0/6(0%)|强:沪深300,科创50,中证500,恒生指数,恒生科技|确认强市(连续1d)",offensive,,
2023-04-19,2023-04-20,False,False,False,"MA120|true_weak=0/6(0%)|强:沪深300,科创50,中证500,恒生指数,恒生科技|确认强市(连续1d)",offensive,,
2023-04-20,2023-04-21,False,False,False,"MA120|true_weak=0/6(0%)|假弱(忽略):创业板|强:沪深300,科创50,中证500,恒生指数,恒生科技|确认强市(连续1d)",offensive,,
2023-04-21,2023-04-24,False,False,False,"MA120|true_weak=0/6(0%)|假弱(忽略):创业板,恒生科技|强:沪深300,科创50,中证500,恒生指数|确认强市(连续1d)",offensive,,
2023-04-24,2023-04-25,False,False,False,"MA120|true_weak=1/6(17%)|弱:创业板|死叉:1|假弱(忽略):恒生科技|强:沪深300,科创50,中证500,恒生指数|确认强市(连续1d)",offensive,,
2023-04-25,2023-04-26,False,False,False,"MA120|true_weak=1/6(17%)|弱:创业板|死叉:1|假弱(忽略):沪深300,中证500,恒生指数,恒生科技|强:科创50|确认强市(连续1d)",offensive,,
2023-04-26,2023-04-27,False,False,False,"MA120|true_weak=1/6(17%)|弱:创业板|死叉:1|假弱(忽略):沪深300,中证500,恒生科技|强:科创50,恒生指数|确认强市(连续1d)",offensive,,
2023-04-27,2023-04-28,False,False,False,"MA120|true_weak=1/6(17%)|弱:创业板|死叉:1|假弱(忽略):中证500,恒生科技|强:沪深300,科创50,恒生指数|确认强市(连续1d)",offensive,,
2023-04-28,2023-05-04,False,False,False,"MA120|true_weak=1/6(17%)|弱:创业板|死叉:1|假弱(忽略):恒生科技|强:沪深300,科创50,中证500,恒生指数|确认强市(连续1d)",offensive,,
2023-05-04,2023-05-05,False,False,False,"MA120|true_weak=2/6(33%)|弱:创业板,恒生科技|死叉:2|强:沪深300,科创50,中证500,恒生指数|确认强市(连续1d)",offensive,,
2023-05-05,2023-05-08,True,False,False,"MA120|true_weak=2/6(33%)|弱:创业板,恒生科技|死叉:2|假弱(忽略):中证500|强:沪深300,科创50,恒生指数|确认强市(连续1d)",offensive,游戏;传媒,159869:50.0%;512980:50.0%
2023-05-08,2023-05-09,False,False,False,"MA120|true_weak=2/6(33%)|弱:创业板,恒生科技|死叉:2|强:沪深300,科创50,中证500,恒生指数|确认强市(连续1d)",offensive,,
2023-05-09,2023-05-10,False,False,False,"MA120|true_weak=2/6(33%)|弱:创业板,恒生科技|死叉:2|假弱(忽略):中证500,恒生指数|强:沪深300,科创50|确认强市(连续1d)",offensive,,
2023-05-10,2023-05-11,False,False,False,"MA120|true_weak=3/6(50%)|弱:创业板,恒生指数,恒生科技|死叉:3|假弱(忽略):沪深300,中证500|强:科创50|⚠高确信弱市|待确认弱市(1/2d)",offensive,,
2023-05-11,2023-05-12,False,True,True,"MA120|true_weak=3/6(50%)|弱:创业板,恒生指数,恒生科技|死叉:3|假弱(忽略):沪深300,中证500|强:科创50|⚠高确信弱市|确认弱市(连续2d)",defensive,纳指;标普500,513100:50.0%;513500:50.0%
2023-05-12,2023-05-15,False,False,True,"MA120|true_weak=3/6(50%)|弱:创业板,恒生指数,恒生科技|死叉:3|假弱(忽略):沪深300,科创50,中证500|⚠高确信弱市|冷却中(1/5d)→维持弱",defensive,,
2023-05-15,2023-05-16,False,False,True,"MA120|true_weak=3/6(50%)|弱:创业板,恒生指数,恒生科技|死叉:3|假弱(忽略):沪深300,中证500|强:科创50|⚠高确信弱市|冷却中(2/5d)→维持弱",defensive,,
2023-05-16,2023-05-17,False,False,True,"MA120|true_weak=3/6(50%)|弱:创业板,恒生指数,恒生科技|死叉:3|假弱(忽略):沪深300,中证500|强:科创50|⚠高确信弱市|冷却中(3/5d)→维持弱",defensive,,
2023-05-17,2023-05-18,False,False,True,"MA120|true_weak=3/6(50%)|弱:创业板,恒生指数,恒生科技|死叉:3|假弱(忽略):沪深300,中证500|强:科创50|⚠高确信弱市|冷却中(4/5d)→维持弱",defensive,,
2023-05-18,2023-05-19,False,False,True,"MA120|true_weak=3/6(50%)|弱:创业板,恒生指数,恒生科技|死叉:3|假弱(忽略):沪深300,中证500|强:科创50|⚠高确信弱市",defensive,,
2023-05-19,2023-05-22,False,False,True,"MA120|true_weak=3/6(50%)|弱:创业板,恒生指数,恒生科技|MA↓:创业板|死叉:3|假弱(忽略):沪深300,中证500|强:科创50|⚠高确信弱市|确认弱市(连续2d)",defensive,,
2023-05-22,2023-05-23,False,False,True,"MA120|true_weak=3/6(50%)|弱:创业板,恒生指数,恒生科技|MA↓:创业板|死叉:3|假弱(忽略):沪深300,中证500|⚠高确信弱市",defensive,,
2023-05-23,2023-05-24,False,False,True,"MA120|true_weak=3/6(50%)|弱:创业板,恒生指数,恒生科技|MA↓:创业板|死叉:3|假弱(忽略):沪深300,科创50,中证500|⚠高确信弱市|确认弱市(连续2d)",defensive,,
2023-05-24,2023-05-25,False,False,True,"MA120|true_weak=3/6(50%)|弱:创业板,恒生指数,恒生科技|MA↓:创业板|死叉:3|假弱(忽略):沪深300,科创50,中证500|⚠高确信弱市",defensive,,
2023-05-25,2023-05-26,False,False,True,"MA120|true_weak=3/6(50%)|弱:创业板,恒生指数,恒生科技|MA↓:创业板|死叉:3|假弱(忽略):沪深300,科创50,中证500|⚠高确信弱市|确认弱市(连续2d)",defensive,,
2023-05-26,2023-05-29,False,False,True,"MA120|true_weak=2/4(50%)|弱:沪深300,创业板|MA↓:创业板|死叉:2|假弱(忽略):中证500|⚠高确信弱市",defensive,,
2023-05-29,2023-05-30,False,False,True,"MA120|true_weak=4/6(67%)|弱:沪深300,创业板,恒生指数,恒生科技|MA↓:创业板|死叉:4|假弱(忽略):中证500|⚠高确信弱市|确认弱市(连续2d)",defensive,,
2023-05-30,2023-05-31,False,False,True,"MA120|true_weak=4/6(67%)|弱:沪深300,创业板,恒生指数,恒生科技|MA↓:创业板|死叉:4|假弱(忽略):中证500|⚠高确信弱市",defensive,,
2023-05-31,2023-06-01,False,False,True,"MA120|true_weak=4/6(67%)|弱:沪深300,创业板,恒生指数,恒生科技|MA↓:创业板|死叉:4|假弱(忽略):中证500|⚠高确信弱市|确认弱市(连续2d)",defensive,,
2023-06-01,2023-06-02,False,False,True,"MA120|true_weak=4/6(67%)|弱:沪深300,创业板,恒生指数,恒生科技|MA↓:创业板|死叉:4|假弱(忽略):中证500|⚠高确信弱市",defensive,,
2023-06-02,2023-06-05,True,False,True,"MA120|true_weak=4/6(67%)|弱:沪深300,创业板,恒生指数,恒生科技|MA↓:创业板|死叉:4|假弱(忽略):中证500|⚠高确信弱市|确认弱市(连续2d)",defensive,纳指;标普500,513100:50.0%;513500:50.0%
2023-06-05,2023-06-06,False,False,True,"MA120|true_weak=4/6(67%)|弱:沪深300,创业板,恒生指数,恒生科技|MA↓:创业板|死叉:4|假弱(忽略):中证500|⚠高确信弱市",defensive,,
2023-06-06,2023-06-07,False,False,True,"MA120|true_weak=4/6(67%)|弱:沪深300,创业板,恒生指数,恒生科技|MA↓:创业板|死叉:4|假弱(忽略):科创50,中证500|⚠高确信弱市|确认弱市(连续2d)",defensive,,
2023-06-07,2023-06-08,False,False,True,"MA120|true_weak=4/6(67%)|弱:沪深300,创业板,恒生指数,恒生科技|MA↓:创业板|死叉:4|假弱(忽略):科创50,中证500|⚠高确信弱市",defensive,,
2023-06-08,2023-06-09,False,False,True,"MA120|true_weak=4/6(67%)|弱:沪深300,创业板,恒生指数,恒生科技|MA↓:创业板|死叉:4|假弱(忽略):科创50,中证500|⚠高确信弱市|确认弱市(连续2d)",defensive,,
2023-06-09,2023-06-12,False,False,True,"MA120|true_weak=4/6(67%)|弱:沪深300,创业板,恒生指数,恒生科技|MA↓:创业板|死叉:4|假弱(忽略):中证500|⚠高确信弱市",defensive,,
2023-06-12,2023-06-13,False,False,True,"MA120|true_weak=4/6(67%)|弱:沪深300,创业板,恒生指数,恒生科技|MA↓:创业板|死叉:4|假弱(忽略):科创50,中证500|⚠高确信弱市|确认弱市(连续2d)",defensive,,
2023-06-13,2023-06-14,False,False,True,"MA120|true_weak=4/6(67%)|弱:沪深300,创业板,恒生指数,恒生科技|MA↓:创业板|死叉:4|假弱(忽略):中证500|⚠高确信弱市",defensive,,
2023-06-14,2023-06-15,False,False,True,"MA120|true_weak=4/6(67%)|弱:沪深300,创业板,恒生指数,恒生科技|MA↓:创业板|死叉:4|假弱(忽略):中证500|⚠高确信弱市|确认弱市(连续2d)",defensive,,
2023-06-15,2023-06-16,False,False,True,"MA120|true_weak=4/6(67%)|弱:沪深300,创业板,中证500,恒生指数|MA↓:创业板|死叉:5|⚠高确信弱市",defensive,,
2023-06-16,2023-06-19,False,False,True,"MA120|true_weak=4/6(67%)|弱:沪深300,创业板,中证500,恒生指数|MA↓:创业板|死叉:5|强:科创50|⚠高确信弱市|确认弱市(连续2d)",defensive,,
2023-06-19,2023-06-20,False,False,True,"MA120|true_weak=4/6(67%)|弱:沪深300,创业板,中证500,恒生指数|MA↓:创业板|死叉:5|强:科创50|⚠高确信弱市",defensive,,
2023-06-20,2023-06-21,False,False,True,"MA120|true_weak=5/6(83%)|弱:沪深300,创业板,中证500,恒生指数,恒生科技|MA↓:创业板|死叉:5|强:科创50|⚠高确信弱市|确认弱市(连续2d)",defensive,,
2023-06-21,2023-06-26,False,False,True,"MA120|true_weak=5/6(83%)|弱:沪深300,创业板,中证500,恒生指数,恒生科技|MA↓:创业板|死叉:5|假弱(忽略):科创50|⚠高确信弱市",defensive,,
2023-06-26,2023-06-27,False,False,True,"MA120|true_weak=5/6(83%)|弱:沪深300,创业板,中证500,恒生指数,恒生科技|MA↓:创业板|死叉:5|假弱(忽略):科创50|⚠高确信弱市|确认弱市(连续2d)",defensive,,
2023-06-27,2023-06-28,False,False,True,"MA120|true_weak=5/6(83%)|弱:沪深300,创业板,中证500,恒生指数,恒生科技|MA↓:创业板,恒生科技|死叉:5|假弱(忽略):科创50|⚠高确信弱市",defensive,,
2023-06-28,2023-06-29,False,False,True,"MA120|true_weak=5/6(83%)|弱:沪深300,创业板,中证500,恒生指数,恒生科技|MA↓:创业板,恒生科技|死叉:5|假弱(忽略):科创50|⚠高确信弱市|确认弱市(连续2d)",defensive,,
2023-06-29,2023-06-30,False,False,True,"MA120|true_weak=5/6(83%)|弱:沪深300,创业板,中证500,恒生指数,恒生科技|MA↓:创业板,恒生科技|死叉:5|假弱(忽略):科创50|⚠高确信弱市",defensive,,
2023-06-30,2023-07-03,False,False,True,"MA120|true_weak=5/6(83%)|弱:沪深300,创业板,中证500,恒生指数,恒生科技|MA↓:创业板,恒生科技|死叉:5|假弱(忽略):科创50|⚠高确信弱市|确认弱市(连续2d)",defensive,,
2023-07-03,2023-07-04,False,False,True,"MA120|true_weak=5/6(83%)|弱:沪深300,创业板,中证500,恒生指数,恒生科技|MA↓:创业板,恒生科技|死叉:5|假弱(忽略):科创50|⚠高确信弱市",defensive,,
2023-07-04,2023-07-05,True,False,True,"MA120|true_weak=5/6(83%)|弱:沪深300,创业板,中证500,恒生指数,恒生科技|MA↓:创业板,恒生科技|死叉:5|假弱(忽略):科创50|⚠高确信弱市|确认弱市(连续2d)",defensive,纳指;标普500,513100:50.0%;513500:50.0%
2023-07-05,2023-07-06,False,False,True,"MA120|true_weak=5/6(83%)|弱:沪深300,创业板,中证500,恒生指数,恒生科技|MA↓:创业板,恒生科技|死叉:5|假弱(忽略):科创50|⚠高确信弱市",defensive,,
2023-07-06,2023-07-07,False,False,True,"MA120|true_weak=5/6(83%)|弱:沪深300,创业板,中证500,恒生指数,恒生科技|MA↓:创业板,恒生科技|死叉:5|假弱(忽略):科创50|⚠高确信弱市|确认弱市(连续2d)",defensive,,
2023-07-07,2023-07-10,False,False,True,"MA120|true_weak=6/6(100%)|弱:沪深300,创业板,科创50,中证500,恒生指数,恒生科技|MA↓:创业板,恒生指数,恒生科技|死叉:6|⚠高确信弱市",defensive,,
2023-07-10,2023-07-11,False,False,True,"MA120|true_weak=6/6(100%)|弱:沪深300,创业板,科创50,中证500,恒生指数,恒生科技|MA↓:创业板,恒生指数,恒生科技|死叉:6|⚠高确信弱市|确认弱市(连续2d)",defensive,,
2023-07-11,2023-07-12,False,False,True,"MA120|true_weak=6/6(100%)|弱:沪深300,创业板,科创50,中证500,恒生指数,恒生科技|MA↓:创业板,恒生指数,恒生科技|死叉:6|⚠高确信弱市",defensive,,
2023-07-12,2023-07-13,False,False,True,"MA120|true_weak=6/6(100%)|弱:沪深300,创业板,科创50,中证500,恒生指数,恒生科技|MA↓:创业板,恒生指数,恒生科技|死叉:6|⚠高确信弱市|确认弱市(连续2d)",defensive,,
2023-07-13,2023-07-14,False,False,True,"MA120|true_weak=5/6(83%)|弱:沪深300,创业板,科创50,中证500,恒生指数|MA↓:创业板,恒生指数,恒生科技|死叉:6|⚠高确信弱市",defensive,,
2023-07-14,2023-07-17,False,False,True,"MA120|true_weak=5/6(83%)|弱:沪深300,创业板,科创50,中证500,恒生指数|MA↓:创业板,恒生指数,恒生科技|死叉:6|⚠高确信弱市|确认弱市(连续2d)",defensive,,
2023-07-17,2023-07-18,False,False,True,"MA120|true_weak=5/6(83%)|弱:沪深300,创业板,科创50,中证500,恒生指数|MA↓:创业板,恒生指数,恒生科技|死叉:6|⚠高确信弱市",defensive,,
2023-07-18,2023-07-19,False,False,True,"MA120|true_weak=5/6(83%)|弱:沪深300,创业板,科创50,中证500,恒生指数|MA↓:创业板,恒生指数,恒生科技|死叉:6|⚠高确信弱市|确认弱市(连续2d)",defensive,,
2023-07-19,2023-07-20,False,False,True,"MA120|true_weak=5/6(83%)|弱:沪深300,创业板,科创50,中证500,恒生指数|MA↓:创业板,恒生指数,恒生科技|死叉:6|⚠高确信弱市",defensive,,
2023-07-20,2023-07-21,False,False,True,"MA120|true_weak=6/6(100%)|弱:沪深300,创业板,科创50,中证500,恒生指数,恒生科技|MA↓:创业板,恒生指数,恒生科技|死叉:6|⚠高确信弱市|确认弱市(连续2d)",defensive,,
2023-07-21,2023-07-24,False,False,True,"MA120|true_weak=5/6(83%)|弱:沪深300,创业板,科创50,中证500,恒生指数|MA↓:创业板,恒生指数,恒生科技|死叉:6|⚠高确信弱市",defensive,,
2023-07-24,2023-07-25,False,False,True,"MA120|true_weak=6/6(100%)|弱:沪深300,创业板,科创50,中证500,恒生指数,恒生科技|MA↓:沪深300,创业板,恒生指数,恒生科技|死叉:6|⚠高确信弱市|确认弱市(连续2d)",defensive,,
2023-07-25,2023-07-26,False,False,True,"MA120|true_weak=5/6(83%)|弱:沪深300,创业板,科创50,中证500,恒生指数|MA↓:沪深300,创业板,恒生指数,恒生科技|死叉:6|⚠高确信弱市",defensive,,
2023-07-26,2023-07-27,False,False,True,"MA120|true_weak=5/6(83%)|弱:沪深300,创业板,科创50,中证500,恒生指数|MA↓:沪深300,创业板,恒生指数,恒生科技|死叉:6|⚠高确信弱市|确认弱市(连续2d)",defensive,,
2023-07-27,2023-07-28,False,False,True,"MA120|true_weak=5/6(83%)|弱:沪深300,创业板,科创50,中证500,恒生指数|MA↓:沪深300,创业板,恒生指数,恒生科技|死叉:6|⚠高确信弱市",defensive,,
2023-07-28,2023-07-31,False,False,True,"MA120|true_weak=3/6(50%)|弱:创业板,科创50,中证500|MA↓:沪深300,创业板,恒生指数,恒生科技|死叉:6|⚠高确信弱市|确认弱市(连续2d)",defensive,,
2023-07-31,2023-08-01,False,False,True,"MA120|true_weak=3/6(50%)|弱:创业板,科创50,中证500|MA↓:沪深300,创业板,恒生指数,恒生科技|死叉:6|⚠高确信弱市",defensive,,
2023-08-01,2023-08-02,False,False,True,"MA120|true_weak=3/6(50%)|弱:创业板,科创50,中证500|MA↓:沪深300,创业板,恒生指数,恒生科技|死叉:6|⚠高确信弱市|确认弱市(连续2d)",defensive,,
2023-08-02,2023-08-03,True,False,True,"MA120|true_weak=5/6(83%)|弱:沪深300,创业板,科创50,中证500,恒生指数|MA↓:沪深300,创业板,恒生指数,恒生科技|死叉:6|⚠高确信弱市",defensive,纳指;标普500,513100:50.0%;513500:50.0%
2023-08-03,2023-08-04,False,False,True,"MA120|true_weak=4/6(67%)|弱:创业板,科创50,中证500,恒生指数|MA↓:沪深300,创业板,科创50,恒生指数,恒生科技|死叉:6|⚠高确信弱市|确认弱市(连续2d)",defensive,,
2023-08-04,2023-08-07,False,False,True,"MA120|true_weak=4/6(67%)|弱:创业板,科创50,中证500,恒生指数|MA↓:沪深300,创业板,科创50,恒生指数,恒生科技|死叉:5|⚠高确信弱市",defensive,,
2023-08-07,2023-08-08,False,False,True,"MA120|true_weak=4/6(67%)|弱:创业板,科创50,中证500,恒生指数|MA↓:沪深300,创业板,科创50,中证500,恒生指数,恒生科技|死叉:5|⚠高确信弱市|确认弱市(连续2d)",defensive,,
2023-08-08,2023-08-09,False,False,True,"MA120|true_weak=4/6(67%)|弱:创业板,科创50,中证500,恒生指数|MA↓:沪深300,创业板,科创50,中证500,恒生指数,恒生科技|死叉:5|⚠高确信弱市",defensive,,
2023-08-09,2023-08-10,False,False,True,"MA120|true_weak=5/6(83%)|弱:沪深300,创业板,科创50,中证500,恒生指数|MA↓:沪深300,创业板,科创50,中证500,恒生指数,恒生科技|死叉:5|⚠高确信弱市|确认弱市(连续2d)",defensive,,
2023-08-10,2023-08-11,False,False,True,"MA120|true_weak=4/6(67%)|弱:创业板,科创50,中证500,恒生指数|MA↓:沪深300,创业板,科创50,中证500,恒生指数,恒生科技|死叉:5|⚠高确信弱市",defensive,,
2023-08-11,2023-08-14,False,False,True,"MA120|true_weak=5/6(83%)|弱:沪深300,创业板,科创50,中证500,恒生指数|MA↓:沪深300,创业板,科创50,中证500,恒生指数,恒生科技|死叉:5|⚠高确信弱市|确认弱市(连续2d)",defensive,,
2023-08-14,2023-08-15,False,False,True,"MA120|true_weak=5/6(83%)|弱:沪深300,创业板,科创50,中证500,恒生指数|MA↓:沪深300,创业板,科创50,中证500,恒生指数,恒生科技|死叉:5|⚠高确信弱市",defensive,,
2023-08-15,2023-08-16,False,False,True,"MA120|true_weak=5/6(83%)|弱:沪深300,创业板,科创50,中证500,恒生指数|MA↓:沪深300,创业板,科创50,中证500,恒生指数,恒生科技|死叉:5|⚠高确信弱市|确认弱市(连续2d)",defensive,,
2023-08-16,2023-08-17,False,False,True,"MA120|true_weak=5/6(83%)|弱:沪深300,创业板,科创50,中证500,恒生指数|MA↓:沪深300,创业板,科创50,中证500,恒生指数,恒生科技|死叉:5|⚠高确信弱市",defensive,,
2023-08-17,2023-08-18,False,False,True,"MA120|true_weak=5/6(83%)|弱:沪深300,创业板,科创50,中证500,恒生指数|MA↓:沪深300,创业板,科创50,中证500,恒生指数,恒生科技|死叉:5|⚠高确信弱市|确认弱市(连续2d)",defensive,,
2023-08-18,2023-08-21,False,False,True,"MA120|true_weak=5/6(83%)|弱:沪深300,创业板,科创50,中证500,恒生指数|MA↓:沪深300,创业板,科创50,中证500,恒生指数|死叉:5|假弱(忽略):恒生科技|⚠高确信弱市",defensive,,
2023-08-21,2023-08-22,False,False,True,"MA120|true_weak=5/6(83%)|弱:沪深300,创业板,科创50,中证500,恒生指数|MA↓:沪深300,创业板,科创50,中证500,恒生指数|死叉:5|假弱(忽略):恒生科技|⚠高确信弱市|确认弱市(连续2d)",defensive,,
2023-08-22,2023-08-23,False,False,True,"MA120|true_weak=5/6(83%)|弱:沪深300,创业板,科创50,中证500,恒生指数|MA↓:沪深300,创业板,科创50,中证500,恒生指数|死叉:5|假弱(忽略):恒生科技|⚠高确信弱市",defensive,,
2023-08-23,2023-08-24,False,False,True,"MA120|true_weak=5/6(83%)|弱:沪深300,创业板,科创50,中证500,恒生指数|MA↓:沪深300,创业板,科创50,中证500,恒生指数|死叉:5|假弱(忽略):恒生科技|⚠高确信弱市|确认弱市(连续2d)",defensive,,
2023-08-24,2023-08-25,False,False,True,"MA120|true_weak=5/6(83%)|弱:沪深300,创业板,科创50,中证500,恒生指数|MA↓:沪深300,创业板,科创50,中证500,恒生指数|死叉:5|⚠高确信弱市",defensive,,
2023-08-25,2023-08-28,False,False,True,"MA120|true_weak=5/6(83%)|弱:沪深300,创业板,科创50,中证500,恒生指数|MA↓:沪深300,创业板,科创50,中证500,恒生指数|死叉:5|⚠高确信弱市|确认弱市(连续2d)",defensive,,
2023-08-28,2023-08-29,False,False,True,"MA120|true_weak=5/6(83%)|弱:沪深300,创业板,科创50,中证500,恒生指数|MA↓:沪深300,创业板,科创50,中证500,恒生指数|死叉:5|⚠高确信弱市",defensive,,
2023-08-29,2023-08-30,False,False,True,"MA120|true_weak=5/6(83%)|弱:沪深300,创业板,科创50,中证500,恒生指数|MA↓:沪深300,创业板,科创50,中证500,恒生指数|死叉:5|⚠高确信弱市|确认弱市(连续2d)",defensive,,
2023-08-30,2023-08-31,False,False,True,"MA120|true_weak=5/6(83%)|弱:沪深300,创业板,科创50,中证500,恒生指数|MA↓:沪深300,创业板,科创50,中证500,恒生指数|死叉:5|⚠高确信弱市",defensive,,
2023-08-31,2023-09-01,False,False,True,"MA120|true_weak=5/6(83%)|弱:沪深300,创业板,科创50,中证500,恒生指数|MA↓:沪深300,创业板,科创50,中证500,恒生指数|死叉:5|⚠高确信弱市|确认弱市(连续2d)",defensive,,
2023-09-01,2023-09-04,False,False,True,"MA120|true_weak=4/4(100%)|弱:沪深300,创业板,科创50,中证500|MA↓:沪深300,创业板,科创50,中证500|死叉:4|⚠高确信弱市",defensive,,
2023-09-04,2023-09-05,True,False,True,"MA120|true_weak=5/6(83%)|弱:沪深300,创业板,科创50,中证500,恒生指数|MA↓:沪深300,创业板,科创50,中证500,恒生指数|死叉:5|⚠高确信弱市|确认弱市(连续2d)",defensive,纳指;标普500,513100:50.0%;513500:50.0%
2023-09-05,2023-09-06,False,False,True,"MA120|true_weak=5/6(83%)|弱:沪深300,创业板,科创50,中证500,恒生指数|MA↓:沪深300,创业板,科创50,中证500,恒生指数|死叉:5|⚠高确信弱市",defensive,,
2023-09-06,2023-09-07,False,False,True,"MA120|true_weak=5/6(83%)|弱:沪深300,创业板,科创50,中证500,恒生指数|MA↓:沪深300,创业板,科创50,中证500,恒生指数|死叉:5|⚠高确信弱市|确认弱市(连续2d)",defensive,,
2023-09-07,2023-09-08,False,False,True,"MA120|true_weak=5/6(83%)|弱:沪深300,创业板,科创50,中证500,恒生指数|MA↓:沪深300,创业板,科创50,中证500,恒生指数|死叉:5|⚠高确信弱市",defensive,,
2023-09-08,2023-09-11,False,False,True,"MA120|true_weak=4/4(100%)|弱:沪深300,创业板,科创50,中证500|MA↓:沪深300,创业板,科创50,中证500|死叉:4|⚠高确信弱市|确认弱市(连续2d)",defensive,,
2023-09-11,2023-09-12,False,False,True,"MA120|true_weak=5/6(83%)|弱:沪深300,创业板,科创50,中证500,恒生指数|MA↓:沪深300,创业板,科创50,中证500,恒生指数|死叉:5|⚠高确信弱市",defensive,,
2023-09-12,2023-09-13,False,False,True,"MA120|true_weak=5/6(83%)|弱:沪深300,创业板,科创50,中证500,恒生指数|MA↓:沪深300,创业板,科创50,中证500,恒生指数|死叉:5|⚠高确信弱市|确认弱市(连续2d)",defensive,,
2023-09-13,2023-09-14,False,False,True,"MA120|true_weak=5/6(83%)|弱:沪深300,创业板,科创50,中证500,恒生指数|MA↓:沪深300,创业板,科创50,中证500,恒生指数|死叉:5|假弱(忽略):恒生科技|⚠高确信弱市",defensive,,
2023-09-14,2023-09-15,False,False,True,"MA120|true_weak=5/6(83%)|弱:沪深300,创业板,科创50,中证500,恒生指数|MA↓:沪深300,创业板,科创50,中证500,恒生指数|死叉:5|假弱(忽略):恒生科技|⚠高确信弱市|确认弱市(连续2d)",defensive,,
2023-09-15,2023-09-18,False,False,True,"MA120|true_weak=5/6(83%)|弱:沪深300,创业板,科创50,中证500,恒生指数|MA↓:沪深300,创业板,科创50,中证500,恒生指数|死叉:5|⚠高确信弱市",defensive,,
2023-09-18,2023-09-19,False,False,True,"MA120|true_weak=5/6(83%)|弱:沪深300,创业板,科创50,中证500,恒生指数|MA↓:沪深300,创业板,科创50,中证500,恒生指数|死叉:5|假弱(忽略):恒生科技|⚠高确信弱市|确认弱市(连续2d)",defensive,,
2023-09-19,2023-09-20,False,False,True,"MA120|true_weak=5/6(83%)|弱:沪深300,创业板,科创50,中证500,恒生指数|MA↓:沪深300,创业板,科创50,中证500,恒生指数|死叉:5|假弱(忽略):恒生科技|⚠高确信弱市",defensive,,
2023-09-20,2023-09-21,False,False,True,"MA120|true_weak=5/6(83%)|弱:沪深300,创业板,科创50,中证500,恒生指数|MA↓:沪深300,创业板,科创50,中证500,恒生指数|死叉:5|假弱(忽略):恒生科技|⚠高确信弱市|确认弱市(连续2d)",defensive,,
2023-09-21,2023-09-22,False,False,True,"MA120|true_weak=5/6(83%)|弱:沪深300,创业板,科创50,中证500,恒生指数|MA↓:沪深300,创业板,科创50,中证500,恒生指数|死叉:5|假弱(忽略):恒生科技|⚠高确信弱市",defensive,,
2023-09-22,2023-09-25,False,False,True,"MA120|true_weak=5/6(83%)|弱:沪深300,创业板,科创50,中证500,恒生指数|MA↓:沪深300,创业板,科创50,中证500,恒生指数|死叉:5|假弱(忽略):恒生科技|⚠高确信弱市|确认弱市(连续2d)",defensive,,
2023-09-25,2023-09-26,False,False,True,"MA120|true_weak=5/6(83%)|弱:沪深300,创业板,科创50,中证500,恒生指数|MA↓:沪深300,创业板,科创50,中证500,恒生指数|死叉:5|假弱(忽略):恒生科技|⚠高确信弱市",defensive,,
2023-09-26,2023-09-27,False,False,True,"MA120|true_weak=5/6(83%)|弱:沪深300,创业板,科创50,中证500,恒生指数|MA↓:沪深300,创业板,科创50,中证500,恒生指数|死叉:5|假弱(忽略):恒生科技|⚠高确信弱市|确认弱市(连续2d)",defensive,,
2023-09-27,2023-09-28,False,False,True,"MA120|true_weak=5/6(83%)|弱:沪深300,创业板,科创50,中证500,恒生指数|MA↓:沪深300,创业板,科创50,中证500,恒生指数|死叉:5|假弱(忽略):恒生科技|⚠高确信弱市",defensive,,
2023-09-28,2023-10-09,False,False,True,"MA120|true_weak=5/6(83%)|弱:沪深300,创业板,科创50,中证500,恒生指数|MA↓:沪深300,创业板,科创50,中证500,恒生指数|死叉:5|假弱(忽略):恒生科技|⚠高确信弱市|确认弱市(连续2d)",defensive,,
2023-10-09,2023-10-10,False,False,True,"MA120|true_weak=6/6(100%)|弱:沪深300,创业板,科创50,中证500,恒生指数,恒生科技|MA↓:沪深300,创业板,科创50,中证500,恒生指数,恒生科技|死叉:5|⚠高确信弱市",defensive,,
2023-10-10,2023-10-11,True,False,True,"MA120|true_weak=6/6(100%)|弱:沪深300,创业板,科创50,中证500,恒生指数,恒生科技|MA↓:沪深300,创业板,科创50,中证500,恒生指数,恒生科技|死叉:5|⚠高确信弱市|确认弱市(连续2d)",defensive,纳指;标普500,513100:50.0%;513500:50.0%
2023-10-11,2023-10-12,False,False,True,"MA120|true_weak=6/6(100%)|弱:沪深300,创业板,科创50,中证500,恒生指数,恒生科技|MA↓:沪深300,创业板,科创50,中证500,恒生指数,恒生科技|死叉:5|⚠高确信弱市",defensive,,
2023-10-12,2023-10-13,False,False,True,"MA120|true_weak=5/6(83%)|弱:沪深300,创业板,科创50,中证500,恒生指数|MA↓:沪深300,创业板,科创50,中证500,恒生指数,恒生科技|死叉:5|⚠高确信弱市|确认弱市(连续2d)",defensive,,
2023-10-13,2023-10-16,False,False,True,"MA120|true_weak=6/6(100%)|弱:沪深300,创业板,科创50,中证500,恒生指数,恒生科技|MA↓:沪深300,创业板,科创50,中证500,恒生指数,恒生科技|死叉:5|⚠高确信弱市",defensive,,
2023-10-16,2023-10-17,False,False,True,"MA120|true_weak=6/6(100%)|弱:沪深300,创业板,科创50,中证500,恒生指数,恒生科技|MA↓:沪深300,创业板,科创50,中证500,恒生指数,恒生科技|死叉:5|⚠高确信弱市|确认弱市(连续2d)",defensive,,
2023-10-17,2023-10-18,False,False,True,"MA120|true_weak=6/6(100%)|弱:沪深300,创业板,科创50,中证500,恒生指数,恒生科技|MA↓:沪深300,创业板,科创50,中证500,恒生指数,恒生科技|死叉:5|⚠高确信弱市",defensive,,
2023-10-18,2023-10-19,False,False,True,"MA120|true_weak=6/6(100%)|弱:沪深300,创业板,科创50,中证500,恒生指数,恒生科技|MA↓:沪深300,创业板,科创50,中证500,恒生指数,恒生科技|死叉:5|⚠高确信弱市|确认弱市(连续2d)",defensive,,
2023-10-19,2023-10-20,False,False,True,"MA120|true_weak=6/6(100%)|弱:沪深300,创业板,科创50,中证500,恒生指数,恒生科技|MA↓:沪深300,创业板,科创50,中证500,恒生指数,恒生科技|死叉:5|⚠高确信弱市",defensive,,
2023-10-20,2023-10-23,False,False,True,"MA120|true_weak=6/6(100%)|弱:沪深300,创业板,科创50,中证500,恒生指数,恒生科技|MA↓:沪深300,创业板,科创50,中证500,恒生指数,恒生科技|死叉:6|⚠高确信弱市|确认弱市(连续2d)",defensive,,
2023-10-23,2023-10-24,False,False,True,"MA120|true_weak=4/4(100%)|弱:沪深300,创业板,科创50,中证500|MA↓:沪深300,创业板,科创50,中证500|死叉:4|⚠高确信弱市",defensive,,
2023-10-24,2023-10-25,False,False,True,"MA120|true_weak=6/6(100%)|弱:沪深300,创业板,科创50,中证500,恒生指数,恒生科技|MA↓:沪深300,创业板,科创50,中证500,恒生指数,恒生科技|死叉:6|⚠高确信弱市|确认弱市(连续2d)",defensive,,
2023-10-25,2023-10-26,False,False,True,"MA120|true_weak=6/6(100%)|弱:沪深300,创业板,科创50,中证500,恒生指数,恒生科技|MA↓:沪深300,创业板,科创50,中证500,恒生指数,恒生科技|死叉:6|⚠高确信弱市",defensive,,
2023-10-26,2023-10-27,False,False,True,"MA120|true_weak=6/6(100%)|弱:沪深300,创业板,科创50,中证500,恒生指数,恒生科技|MA↓:沪深300,创业板,科创50,中证500,恒生指数,恒生科技|死叉:6|⚠高确信弱市|确认弱市(连续2d)",defensive,,
2023-10-27,2023-10-30,False,False,True,"MA120|true_weak=6/6(100%)|弱:沪深300,创业板,科创50,中证500,恒生指数,恒生科技|MA↓:沪深300,创业板,科创50,中证500,恒生指数,恒生科技|死叉:6|⚠高确信弱市",defensive,,
2023-10-30,2023-10-31,False,False,True,"MA120|true_weak=6/6(100%)|弱:沪深300,创业板,科创50,中证500,恒生指数,恒生科技|MA↓:沪深300,创业板,科创50,中证500,恒生指数,恒生科技|死叉:6|⚠高确信弱市|确认弱市(连续2d)",defensive,,
2023-10-31,2023-11-01,False,False,True,"MA120|true_weak=6/6(100%)|弱:沪深300,创业板,科创50,中证500,恒生指数,恒生科技|MA↓:沪深300,创业板,科创50,中证500,恒生指数,恒生科技|死叉:6|⚠高确信弱市",defensive,,
2023-11-01,2023-11-02,False,False,True,"MA120|true_weak=6/6(100%)|弱:沪深300,创业板,科创50,中证500,恒生指数,恒生科技|MA↓:沪深300,创业板,科创50,中证500,恒生指数,恒生科技|死叉:6|⚠高确信弱市|确认弱市(连续2d)",defensive,,
2023-11-02,2023-11-03,True,False,True,"MA120|true_weak=6/6(100%)|弱:沪深300,创业板,科创50,中证500,恒生指数,恒生科技|MA↓:沪深300,创业板,科创50,中证500,恒生指数,恒生科技|死叉:6|⚠高确信弱市",defensive,纳指;标普500,513100:50.0%;513500:50.0%
2023-11-03,2023-11-06,False,False,True,"MA120|true_weak=6/6(100%)|弱:沪深300,创业板,科创50,中证500,恒生指数,恒生科技|MA↓:沪深300,创业板,科创50,中证500,恒生指数,恒生科技|死叉:6|⚠高确信弱市|确认弱市(连续2d)",defensive,,
2023-11-06,2023-11-07,False,False,True,"MA120|true_weak=5/6(83%)|弱:沪深300,创业板,科创50,中证500,恒生指数|MA↓:沪深300,创业板,科创50,中证500,恒生指数,恒生科技|死叉:6|⚠高确信弱市",defensive,,
2023-11-07,2023-11-08,False,False,True,"MA120|true_weak=5/6(83%)|弱:沪深300,创业板,科创50,中证500,恒生指数|MA↓:沪深300,创业板,科创50,中证500,恒生指数|死叉:6|⚠高确信弱市|确认弱市(连续2d)",defensive,,
2023-11-08,2023-11-09,False,False,True,"MA120|true_weak=5/6(83%)|弱:沪深300,创业板,科创50,中证500,恒生指数|MA↓:沪深300,创业板,科创50,中证500,恒生指数|死叉:6|⚠高确信弱市",defensive,,
2023-11-09,2023-11-10,False,False,True,"MA120|true_weak=5/6(83%)|弱:沪深300,创业板,科创50,中证500,恒生指数|MA↓:沪深300,创业板,科创50,中证500,恒生指数|死叉:6|⚠高确信弱市|确认弱市(连续2d)",defensive,,
2023-11-10,2023-11-13,False,False,True,"MA120|true_weak=6/6(100%)|弱:沪深300,创业板,科创50,中证500,恒生指数,恒生科技|MA↓:沪深300,创业板,科创50,中证500,恒生指数|死叉:6|⚠高确信弱市",defensive,,
2023-11-13,2023-11-14,False,False,True,"MA120|true_weak=6/6(100%)|弱:沪深300,创业板,科创50,中证500,恒生指数,恒生科技|MA↓:沪深300,创业板,科创50,中证500,恒生指数|死叉:6|⚠高确信弱市|确认弱市(连续2d)",defensive,,
2023-11-14,2023-11-15,False,False,True,"MA120|true_weak=6/6(100%)|弱:沪深300,创业板,科创50,中证500,恒生指数,恒生科技|MA↓:沪深300,创业板,科创50,中证500,恒生指数|死叉:6|⚠高确信弱市",defensive,,
2023-11-15,2023-11-16,False,False,True,"MA120|true_weak=5/6(83%)|弱:沪深300,创业板,科创50,中证500,恒生指数|MA↓:沪深300,创业板,科创50,中证500,恒生指数|死叉:6|⚠高确信弱市|确认弱市(连续2d)",defensive,,
2023-11-16,2023-11-17,False,False,True,"MA120|true_weak=5/6(83%)|弱:沪深300,创业板,科创50,中证500,恒生指数|MA↓:沪深300,创业板,科创50,中证500,恒生指数|死叉:6|⚠高确信弱市",defensive,,
2023-11-17,2023-11-20,False,False,True,"MA120|true_weak=6/6(100%)|弱:沪深300,创业板,科创50,中证500,恒生指数,恒生科技|MA↓:沪深300,创业板,科创50,中证500,恒生指数|死叉:6|⚠高确信弱市|确认弱市(连续2d)",defensive,,
2023-11-20,2023-11-21,False,False,True,"MA120|true_weak=5/6(83%)|弱:沪深300,创业板,科创50,中证500,恒生指数|MA↓:沪深300,创业板,科创50,中证500,恒生指数|死叉:6|⚠高确信弱市",defensive,,
2023-11-21,2023-11-22,False,False,True,"MA120|true_weak=5/6(83%)|弱:沪深300,创业板,科创50,中证500,恒生指数|MA↓:沪深300,创业板,科创50,中证500,恒生指数|死叉:6|⚠高确信弱市|确认弱市(连续2d)",defensive,,
2023-11-22,2023-11-23,False,False,True,"MA120|true_weak=5/6(83%)|弱:沪深300,创业板,科创50,中证500,恒生指数|MA↓:沪深300,创业板,科创50,中证500,恒生指数|死叉:6|强:恒生科技|⚠高确信弱市",defensive,,
2023-11-23,2023-11-24,False,False,True,"MA120|true_weak=5/6(83%)|弱:沪深300,创业板,科创50,中证500,恒生指数|MA↓:沪深300,创业板,科创50,中证500,恒生指数|死叉:6|强:恒生科技|⚠高确信弱市|确认弱市(连续2d)",defensive,,
2023-11-24,2023-11-27,False,False,True,"MA120|true_weak=6/6(100%)|弱:沪深300,创业板,科创50,中证500,恒生指数,恒生科技|MA↓:沪深300,创业板,科创50,中证500,恒生指数|死叉:6|⚠高确信弱市",defensive,,
2023-11-27,2023-11-28,False,False,True,"MA120|true_weak=6/6(100%)|弱:沪深300,创业板,科创50,中证500,恒生指数,恒生科技|MA↓:沪深300,创业板,科创50,中证500,恒生指数|死叉:6|⚠高确信弱市|确认弱市(连续2d)",defensive,,
2023-11-28,2023-11-29,False,False,True,"MA120|true_weak=6/6(100%)|弱:沪深300,创业板,科创50,中证500,恒生指数,恒生科技|MA↓:沪深300,创业板,科创50,中证500,恒生指数|死叉:6|⚠高确信弱市",defensive,,
2023-11-29,2023-11-30,False,False,True,"MA120|true_weak=6/6(100%)|弱:沪深300,创业板,科创50,中证500,恒生指数,恒生科技|MA↓:沪深300,创业板,科创50,中证500,恒生指数|死叉:6|⚠高确信弱市|确认弱市(连续2d)",defensive,,
2023-11-30,2023-12-01,False,False,True,"MA120|true_weak=6/6(100%)|弱:沪深300,创业板,科创50,中证500,恒生指数,恒生科技|MA↓:沪深300,创业板,科创50,中证500,恒生指数|死叉:6|⚠高确信弱市",defensive,,
2023-12-01,2023-12-04,False,False,True,"MA120|true_weak=6/6(100%)|弱:沪深300,创业板,科创50,中证500,恒生指数,恒生科技|MA↓:沪深300,创业板,科创50,中证500,恒生指数|死叉:6|⚠高确信弱市|确认弱市(连续2d)",defensive,,
2023-12-04,2023-12-05,True,False,True,"MA120|true_weak=6/6(100%)|弱:沪深300,创业板,科创50,中证500,恒生指数,恒生科技|MA↓:沪深300,创业板,科创50,中证500,恒生指数|死叉:6|⚠高确信弱市",defensive,纳指;标普500,513100:50.0%;513500:50.0%
2023-12-05,2023-12-06,False,False,True,"MA120|true_weak=6/6(100%)|弱:沪深300,创业板,科创50,中证500,恒生指数,恒生科技|MA↓:沪深300,创业板,科创50,中证500,恒生指数|死叉:6|⚠高确信弱市|确认弱市(连续2d)",defensive,,
2023-12-06,2023-12-07,False,False,True,"MA120|true_weak=6/6(100%)|弱:沪深300,创业板,科创50,中证500,恒生指数,恒生科技|MA↓:沪深300,创业板,科创50,中证500,恒生指数|死叉:6|⚠高确信弱市",defensive,,
2023-12-07,2023-12-08,False,False,True,"MA120|true_weak=6/6(100%)|弱:沪深300,创业板,科创50,中证500,恒生指数,恒生科技|MA↓:沪深300,创业板,科创50,中证500,恒生指数|死叉:6|⚠高确信弱市|确认弱市(连续2d)",defensive,,
2023-12-08,2023-12-11,False,False,True,"MA120|true_weak=6/6(100%)|弱:沪深300,创业板,科创50,中证500,恒生指数,恒生科技|MA↓:沪深300,创业板,科创50,中证500,恒生指数|死叉:6|⚠高确信弱市",defensive,,
2023-12-11,2023-12-12,False,False,True,"MA120|true_weak=6/6(100%)|弱:沪深300,创业板,科创50,中证500,恒生指数,恒生科技|MA↓:沪深300,创业板,科创50,中证500,恒生指数|死叉:6|⚠高确信弱市|确认弱市(连续2d)",defensive,,
2023-12-12,2023-12-13,False,False,True,"MA120|true_weak=6/6(100%)|弱:沪深300,创业板,科创50,中证500,恒生指数,恒生科技|MA↓:沪深300,创业板,科创50,中证500,恒生指数|死叉:6|⚠高确信弱市",defensive,,
2023-12-13,2023-12-14,False,False,True,"MA120|true_weak=6/6(100%)|弱:沪深300,创业板,科创50,中证500,恒生指数,恒生科技|MA↓:沪深300,创业板,科创50,中证500,恒生指数|死叉:6|⚠高确信弱市|确认弱市(连续2d)",defensive,,
2023-12-14,2023-12-15,False,False,True,"MA120|true_weak=6/6(100%)|弱:沪深300,创业板,科创50,中证500,恒生指数,恒生科技|MA↓:沪深300,创业板,科创50,中证500,恒生指数|死叉:6|⚠高确信弱市",defensive,,
2023-12-15,2023-12-18,False,False,True,"MA120|true_weak=6/6(100%)|弱:沪深300,创业板,科创50,中证500,恒生指数,恒生科技|MA↓:沪深300,创业板,科创50,中证500,恒生指数|死叉:6|⚠高确信弱市|确认弱市(连续2d)",defensive,,
2023-12-18,2023-12-19,False,False,True,"MA120|true_weak=6/6(100%)|弱:沪深300,创业板,科创50,中证500,恒生指数,恒生科技|MA↓:沪深300,创业板,科创50,中证500,恒生指数|死叉:6|⚠高确信弱市",defensive,,
2023-12-19,2023-12-20,False,False,True,"MA120|true_weak=6/6(100%)|弱:沪深300,创业板,科创50,中证500,恒生指数,恒生科技|MA↓:沪深300,创业板,科创50,中证500,恒生指数,恒生科技|死叉:6|⚠高确信弱市|确认弱市(连续2d)",defensive,,
2023-12-20,2023-12-21,False,False,True,"MA120|true_weak=6/6(100%)|弱:沪深300,创业板,科创50,中证500,恒生指数,恒生科技|MA↓:沪深300,创业板,科创50,中证500,恒生指数,恒生科技|死叉:6|⚠高确信弱市",defensive,,
2023-12-21,2023-12-22,False,False,True,"MA120|true_weak=6/6(100%)|弱:沪深300,创业板,科创50,中证500,恒生指数,恒生科技|MA↓:沪深300,创业板,科创50,中证500,恒生指数,恒生科技|死叉:6|⚠高确信弱市|确认弱市(连续2d)",defensive,,
2023-12-22,2023-12-25,False,False,True,"MA120|true_weak=6/6(100%)|弱:沪深300,创业板,科创50,中证500,恒生指数,恒生科技|MA↓:沪深300,创业板,科创50,中证500,恒生指数,恒生科技|死叉:6|⚠高确信弱市",defensive,,
2023-12-25,2023-12-26,False,False,True,"MA120|true_weak=4/4(100%)|弱:沪深300,创业板,科创50,中证500|MA↓:沪深300,创业板,科创50,中证500|死叉:4|⚠高确信弱市|确认弱市(连续2d)",defensive,,
2023-12-26,2023-12-27,False,False,True,"MA120|true_weak=4/4(100%)|弱:沪深300,创业板,科创50,中证500|MA↓:沪深300,创业板,科创50,中证500|死叉:4|⚠高确信弱市",defensive,,
2023-12-27,2023-12-28,False,False,True,"MA120|true_weak=6/6(100%)|弱:沪深300,创业板,科创50,中证500,恒生指数,恒生科技|MA↓:沪深300,创业板,科创50,中证500,恒生指数,恒生科技|死叉:6|⚠高确信弱市|确认弱市(连续2d)",defensive,,
2023-12-28,2023-12-29,False,False,True,"MA120|true_weak=6/6(100%)|弱:沪深300,创业板,科创50,中证500,恒生指数,恒生科技|MA↓:沪深300,创业板,科创50,中证500,恒生指数,恒生科技|死叉:6|⚠高确信弱市",defensive,,
2023-12-29,2024-01-02,False,False,True,"MA120|true_weak=6/6(100%)|弱:沪深300,创业板,科创50,中证500,恒生指数,恒生科技|MA↓:沪深300,创业板,科创50,中证500,恒生指数,恒生科技|死叉:6|⚠高确信弱市|确认弱市(连续2d)",defensive,,
2024-01-02,2024-01-03,False,False,True,"MA120|true_weak=6/6(100%)|弱:沪深300,创业板,科创50,中证500,恒生指数,恒生科技|MA↓:沪深300,创业板,科创50,中证500,恒生指数,恒生科技|死叉:6|⚠高确信弱市",defensive,,
2024-01-03,2024-01-04,True,False,True,"MA120|true_weak=6/6(100%)|弱:沪深300,创业板,科创50,中证500,恒生指数,恒生科技|MA↓:沪深300,创业板,科创50,中证500,恒生指数,恒生科技|死叉:6|⚠高确信弱市|确认弱市(连续2d)",defensive,纳指;标普500,513100:50.0%;513500:50.0%
2024-01-04,2024-01-05,False,False,True,"MA120|true_weak=6/6(100%)|弱:沪深300,创业板,科创50,中证500,恒生指数,恒生科技|MA↓:沪深300,创业板,科创50,中证500,恒生指数,恒生科技|死叉:6|⚠高确信弱市",defensive,,
2024-01-05,2024-01-08,False,False,True,"MA120|true_weak=6/6(100%)|弱:沪深300,创业板,科创50,中证500,恒生指数,恒生科技|MA↓:沪深300,创业板,科创50,中证500,恒生指数,恒生科技|死叉:6|⚠高确信弱市|确认弱市(连续2d)",defensive,,
2024-01-08,2024-01-09,False,False,True,"MA120|true_weak=6/6(100%)|弱:沪深300,创业板,科创50,中证500,恒生指数,恒生科技|MA↓:沪深300,创业板,科创50,中证500,恒生指数,恒生科技|死叉:6|⚠高确信弱市",defensive,,
2024-01-09,2024-01-10,False,False,True,"MA120|true_weak=6/6(100%)|弱:沪深300,创业板,科创50,中证500,恒生指数,恒生科技|MA↓:沪深300,创业板,科创50,中证500,恒生指数,恒生科技|死叉:6|⚠高确信弱市|确认弱市(连续2d)",defensive,,
2024-01-10,2024-01-11,False,False,True,"MA120|true_weak=6/6(100%)|弱:沪深300,创业板,科创50,中证500,恒生指数,恒生科技|MA↓:沪深300,创业板,科创50,中证500,恒生指数,恒生科技|死叉:6|⚠高确信弱市",defensive,,
2024-01-11,2024-01-12,False,False,True,"MA120|true_weak=6/6(100%)|弱:沪深300,创业板,科创50,中证500,恒生指数,恒生科技|MA↓:沪深300,创业板,科创50,中证500,恒生指数,恒生科技|死叉:6|⚠高确信弱市|确认弱市(连续2d)",defensive,,
2024-01-12,2024-01-15,False,False,True,"MA120|true_weak=6/6(100%)|弱:沪深300,创业板,科创50,中证500,恒生指数,恒生科技|MA↓:沪深300,创业板,科创50,中证500,恒生指数,恒生科技|死叉:6|⚠高确信弱市",defensive,,
2024-01-15,2024-01-16,False,False,True,"MA120|true_weak=6/6(100%)|弱:沪深300,创业板,科创50,中证500,恒生指数,恒生科技|MA↓:沪深300,创业板,科创50,中证500,恒生指数,恒生科技|死叉:6|⚠高确信弱市|确认弱市(连续2d)",defensive,,
2024-01-16,2024-01-17,False,False,True,"MA120|true_weak=6/6(100%)|弱:沪深300,创业板,科创50,中证500,恒生指数,恒生科技|MA↓:沪深300,创业板,科创50,中证500,恒生指数,恒生科技|死叉:6|⚠高确信弱市",defensive,,
2024-01-17,2024-01-18,False,False,True,"MA120|true_weak=6/6(100%)|弱:沪深300,创业板,科创50,中证500,恒生指数,恒生科技|MA↓:沪深300,创业板,科创50,中证500,恒生指数,恒生科技|死叉:6|⚠高确信弱市|确认弱市(连续2d)",defensive,,
2024-01-18,2024-01-19,False,False,True,"MA120|true_weak=6/6(100%)|弱:沪深300,创业板,科创50,中证500,恒生指数,恒生科技|MA↓:沪深300,创业板,科创50,中证500,恒生指数,恒生科技|死叉:6|⚠高确信弱市",defensive,,
2024-01-19,2024-01-22,False,False,True,"MA120|true_weak=6/6(100%)|弱:沪深300,创业板,科创50,中证500,恒生指数,恒生科技|MA↓:沪深300,创业板,科创50,中证500,恒生指数,恒生科技|死叉:6|⚠高确信弱市|确认弱市(连续2d)",defensive,,
2024-01-22,2024-01-23,False,False,True,"MA120|true_weak=6/6(100%)|弱:沪深300,创业板,科创50,中证500,恒生指数,恒生科技|MA↓:沪深300,创业板,科创50,中证500,恒生指数,恒生科技|死叉:6|⚠高确信弱市",defensive,,
2024-01-23,2024-01-24,False,False,True,"MA120|true_weak=6/6(100%)|弱:沪深300,创业板,科创50,中证500,恒生指数,恒生科技|MA↓:沪深300,创业板,科创50,中证500,恒生指数,恒生科技|死叉:6|⚠高确信弱市|确认弱市(连续2d)",defensive,,
2024-01-24,2024-01-25,False,False,True,"MA120|true_weak=6/6(100%)|弱:沪深300,创业板,科创50,中证500,恒生指数,恒生科技|MA↓:沪深300,创业板,科创50,中证500,恒生指数,恒生科技|死叉:6|⚠高确信弱市",defensive,,
2024-01-25,2024-01-26,False,False,True,"MA120|true_weak=6/6(100%)|弱:沪深300,创业板,科创50,中证500,恒生指数,恒生科技|MA↓:沪深300,创业板,科创50,中证500,恒生指数,恒生科技|死叉:6|⚠高确信弱市|确认弱市(连续2d)",defensive,,
2024-01-26,2024-01-29,False,False,True,"MA120|true_weak=6/6(100%)|弱:沪深300,创业板,科创50,中证500,恒生指数,恒生科技|MA↓:沪深300,创业板,科创50,中证500,恒生指数,恒生科技|死叉:6|⚠高确信弱市",defensive,,
2024-01-29,2024-01-30,False,False,True,"MA120|true_weak=6/6(100%)|弱:沪深300,创业板,科创50,中证500,恒生指数,恒生科技|MA↓:沪深300,创业板,科创50,中证500,恒生指数,恒生科技|死叉:6|⚠高确信弱市|确认弱市(连续2d)",defensive,,
2024-01-30,2024-01-31,False,False,True,"MA120|true_weak=6/6(100%)|弱:沪深300,创业板,科创50,中证500,恒生指数,恒生科技|MA↓:沪深300,创业板,科创50,中证500,恒生指数,恒生科技|死叉:6|⚠高确信弱市",defensive,,
2024-01-31,2024-02-01,False,False,True,"MA120|true_weak=6/6(100%)|弱:沪深300,创业板,科创50,中证500,恒生指数,恒生科技|MA↓:沪深300,创业板,科创50,中证500,恒生指数,恒生科技|死叉:6|⚠高确信弱市|确认弱市(连续2d)",defensive,,
2024-02-01,2024-02-02,False,False,True,"MA120|true_weak=6/6(100%)|弱:沪深300,创业板,科创50,中证500,恒生指数,恒生科技|MA↓:沪深300,创业板,科创50,中证500,恒生指数,恒生科技|死叉:6|⚠高确信弱市",defensive,,
2024-02-02,2024-02-05,True,False,True,"MA120|true_weak=6/6(100%)|弱:沪深300,创业板,科创50,中证500,恒生指数,恒生科技|MA↓:沪深300,创业板,科创50,中证500,恒生指数,恒生科技|死叉:6|⚠高确信弱市|确认弱市(连续2d)",defensive,纳指;标普500,513100:50.0%;513500:50.0%
2024-02-05,2024-02-06,False,False,True,"MA120|true_weak=6/6(100%)|弱:沪深300,创业板,科创50,中证500,恒生指数,恒生科技|MA↓:沪深300,创业板,科创50,中证500,恒生指数,恒生科技|死叉:6|⚠高确信弱市",defensive,,
2024-02-06,2024-02-07,False,False,True,"MA120|true_weak=6/6(100%)|弱:沪深300,创业板,科创50,中证500,恒生指数,恒生科技|MA↓:沪深300,创业板,科创50,中证500,恒生指数,恒生科技|死叉:6|⚠高确信弱市|确认弱市(连续2d)",defensive,,
2024-02-07,2024-02-08,False,False,True,"MA120|true_weak=6/6(100%)|弱:沪深300,创业板,科创50,中证500,恒生指数,恒生科技|MA↓:沪深300,创业板,科创50,中证500,恒生指数,恒生科技|死叉:6|⚠高确信弱市",defensive,,
2024-02-08,2024-02-19,False,False,True,"MA120|true_weak=6/6(100%)|弱:沪深300,创业板,科创50,中证500,恒生指数,恒生科技|MA↓:沪深300,创业板,科创50,中证500,恒生指数,恒生科技|死叉:6|⚠高确信弱市|确认弱市(连续2d)",defensive,,
2024-02-19,2024-02-20,False,False,True,"MA120|true_weak=6/6(100%)|弱:沪深300,创业板,科创50,中证500,恒生指数,恒生科技|MA↓:沪深300,创业板,科创50,中证500,恒生指数,恒生科技|死叉:6|⚠高确信弱市",defensive,,
2024-02-20,2024-02-21,False,False,True,"MA120|true_weak=6/6(100%)|弱:沪深300,创业板,科创50,中证500,恒生指数,恒生科技|MA↓:沪深300,创业板,科创50,中证500,恒生指数,恒生科技|死叉:6|⚠高确信弱市|确认弱市(连续2d)",defensive,,
2024-02-21,2024-02-22,False,False,True,"MA120|true_weak=6/6(100%)|弱:沪深300,创业板,科创50,中证500,恒生指数,恒生科技|MA↓:沪深300,创业板,科创50,中证500,恒生指数,恒生科技|死叉:6|⚠高确信弱市",defensive,,
2024-02-22,2024-02-23,False,False,True,"MA120|true_weak=6/6(100%)|弱:沪深300,创业板,科创50,中证500,恒生指数,恒生科技|MA↓:沪深300,创业板,科创50,中证500,恒生指数,恒生科技|死叉:6|⚠高确信弱市|确认弱市(连续2d)",defensive,,
2024-02-23,2024-02-26,False,False,True,"MA120|true_weak=6/6(100%)|弱:沪深300,创业板,科创50,中证500,恒生指数,恒生科技|MA↓:沪深300,创业板,科创50,中证500,恒生指数,恒生科技|死叉:6|⚠高确信弱市",defensive,,
2024-02-26,2024-02-27,False,False,True,"MA120|true_weak=6/6(100%)|弱:沪深300,创业板,科创50,中证500,恒生指数,恒生科技|MA↓:沪深300,创业板,科创50,中证500,恒生指数,恒生科技|死叉:6|⚠高确信弱市|确认弱市(连续2d)",defensive,,
2024-02-27,2024-02-28,False,False,True,"MA120|true_weak=6/6(100%)|弱:沪深300,创业板,科创50,中证500,恒生指数,恒生科技|MA↓:沪深300,创业板,科创50,中证500,恒生指数,恒生科技|死叉:6|⚠高确信弱市",defensive,,
2024-02-28,2024-02-29,False,False,True,"MA120|true_weak=6/6(100%)|弱:沪深300,创业板,科创50,中证500,恒生指数,恒生科技|MA↓:沪深300,创业板,科创50,中证500,恒生指数,恒生科技|死叉:6|⚠高确信弱市|确认弱市(连续2d)",defensive,,
2024-02-29,2024-03-01,False,False,True,"MA120|true_weak=5/6(83%)|弱:创业板,科创50,中证500,恒生指数,恒生科技|MA↓:沪深300,创业板,科创50,中证500,恒生指数,恒生科技|死叉:6|⚠高确信弱市",defensive,,
2024-03-01,2024-03-04,False,False,True,"MA120|true_weak=5/6(83%)|弱:创业板,科创50,中证500,恒生指数,恒生科技|MA↓:沪深300,创业板,科创50,中证500,恒生指数,恒生科技|死叉:6|⚠高确信弱市|确认弱市(连续2d)",defensive,,
2024-03-04,2024-03-05,True,False,True,"MA120|true_weak=5/6(83%)|弱:创业板,科创50,中证500,恒生指数,恒生科技|MA↓:沪深300,创业板,科创50,中证500,恒生指数,恒生科技|死叉:6|⚠高确信弱市",defensive,纳指;标普500,513100:50.0%;513500:50.0%
2024-03-05,2024-03-06,False,False,True,"MA120|true_weak=5/6(83%)|弱:创业板,科创50,中证500,恒生指数,恒生科技|MA↓:沪深300,创业板,科创50,中证500,恒生指数,恒生科技|死叉:6|⚠高确信弱市|确认弱市(连续2d)",defensive,,
2024-03-06,2024-03-07,False,False,True,"MA120|true_weak=5/6(83%)|弱:创业板,科创50,中证500,恒生指数,恒生科技|MA↓:沪深300,创业板,科创50,中证500,恒生指数,恒生科技|死叉:6|⚠高确信弱市",defensive,,
2024-03-07,2024-03-08,False,False,True,"MA120|true_weak=5/6(83%)|弱:创业板,科创50,中证500,恒生指数,恒生科技|MA↓:沪深300,创业板,科创50,中证500,恒生指数,恒生科技|死叉:6|⚠高确信弱市|确认弱市(连续2d)",defensive,,
2024-03-08,2024-03-11,False,False,True,"MA120|true_weak=5/6(83%)|弱:创业板,科创50,中证500,恒生指数,恒生科技|MA↓:沪深300,创业板,科创50,中证500,恒生指数,恒生科技|死叉:6|⚠高确信弱市",defensive,,
2024-03-11,2024-03-12,False,False,True,"MA120|true_weak=3/6(50%)|弱:科创50,恒生指数,恒生科技|MA↓:沪深300,创业板,科创50,中证500,恒生指数,恒生科技|死叉:6|⚠高确信弱市|确认弱市(连续2d)",defensive,,
2024-03-12,2024-03-13,False,True,False,"MA120|true_weak=1/6(17%)|弱:科创50|MA↓:沪深300,创业板,科创50,中证500,恒生指数,恒生科技|死叉:6|确认强市(连续1d)",offensive,纳指;标普500,513100:50.0%;513500:50.0%
2024-03-13,2024-03-14,False,False,False,"MA120|true_weak=1/6(17%)|弱:科创50|MA↓:沪深300,创业板,科创50,中证500,恒生指数,恒生科技|死叉:6|冷却中(1/5d)→维持强",offensive,,
2024-03-14,2024-03-15,False,False,False,"MA120|true_weak=2/6(33%)|弱:科创50,恒生科技|MA↓:沪深300,创业板,科创50,中证500,恒生指数,恒生科技|死叉:6|冷却中(2/5d)→维持强",offensive,,
2024-03-15,2024-03-18,False,False,False,"MA120|true_weak=3/6(50%)|弱:科创50,恒生指数,恒生科技|MA↓:沪深300,创业板,科创50,中证500,恒生指数,恒生科技|死叉:6|⚠高确信弱市|冷却中(3/5d)→维持强",offensive,,
2024-03-18,2024-03-19,False,False,False,"MA120|true_weak=3/6(50%)|弱:科创50,恒生指数,恒生科技|MA↓:沪深300,创业板,科创50,中证500,恒生指数,恒生科技|死叉:6|⚠高确信弱市|冷却中(4/5d)→维持强",offensive,,
2024-03-19,2024-03-20,False,False,False,"MA120|true_weak=3/6(50%)|弱:科创50,恒生指数,恒生科技|MA↓:沪深300,创业板,科创50,中证500,恒生指数,恒生科技|死叉:6|⚠高确信弱市|待确认弱市(1/2d)",offensive,,
2024-03-20,2024-03-21,False,True,True,"MA120|true_weak=3/6(50%)|弱:科创50,恒生指数,恒生科技|MA↓:沪深300,创业板,科创50,中证500,恒生指数,恒生科技|死叉:6|⚠高确信弱市|确认弱市(连续2d)",defensive,纳指;标普500,513100:50.0%;513500:50.0%
2024-03-21,2024-03-22,False,False,True,"MA120|true_weak=2/6(33%)|弱:科创50,恒生科技|MA↓:沪深300,创业板,科创50,中证500,恒生指数,恒生科技|死叉:6|冷却中(1/5d)→维持弱",defensive,,
2024-03-22,2024-03-25,False,False,True,"MA120|true_weak=3/6(50%)|弱:科创50,恒生指数,恒生科技|MA↓:沪深300,创业板,科创50,中证500,恒生指数,恒生科技|死叉:6|⚠高确信弱市|冷却中(2/5d)→维持弱",defensive,,
2024-03-25,2024-03-26,False,False,True,"MA120|true_weak=5/6(83%)|弱:创业板,科创50,中证500,恒生指数,恒生科技|MA↓:沪深300,创业板,科创50,中证500,恒生指数,恒生科技|死叉:6|⚠高确信弱市|冷却中(3/5d)→维持弱",defensive,,
2024-03-26,2024-03-27,False,False,True,"MA120|true_weak=5/6(83%)|弱:创业板,科创50,中证500,恒生指数,恒生科技|MA↓:沪深300,创业板,科创50,中证500,恒生指数,恒生科技|死叉:6|⚠高确信弱市|冷却中(4/5d)→维持弱",defensive,,
2024-03-27,2024-03-28,False,False,True,"MA120|true_weak=5/6(83%)|弱:创业板,科创50,中证500,恒生指数,恒生科技|MA↓:沪深300,创业板,科创50,中证500,恒生指数,恒生科技|死叉:6|⚠高确信弱市",defensive,,
2024-03-28,2024-03-29,False,False,True,"MA120|true_weak=5/6(83%)|弱:创业板,科创50,中证500,恒生指数,恒生科技|MA↓:沪深300,创业板,科创50,中证500,恒生指数,恒生科技|死叉:6|⚠高确信弱市|确认弱市(连续2d)",defensive,,
2024-03-29,2024-04-01,False,False,True,"MA120|true_weak=3/4(75%)|弱:创业板,科创50,中证500|MA↓:沪深300,创业板,科创50,中证500|死叉:4|⚠高确信弱市",defensive,,
2024-04-01,2024-04-02,False,True,False,"MA120|true_weak=1/4(25%)|弱:科创50|MA↓:沪深300,创业板,科创50,中证500|死叉:4|确认强市(连续1d)",offensive,纳指;标普500,513100:50.0%;513500:50.0%
2024-04-02,2024-04-03,True,False,False,"MA120|true_weak=2/6(33%)|弱:科创50,恒生科技|MA↓:沪深300,创业板,科创50,中证500,恒生指数,恒生科技|死叉:6|冷却中(1/5d)→维持强",offensive,纳指;标普500,513100:50.0%;513500:50.0%
2024-04-03,2024-04-08,False,False,False,"MA120|true_weak=3/6(50%)|弱:创业板,科创50,恒生科技|MA↓:沪深300,创业板,科创50,中证500,恒生指数,恒生科技|死叉:6|⚠高确信弱市|冷却中(2/5d)→维持强",offensive,,
2024-04-08,2024-04-09,False,False,False,"MA120|true_weak=4/6(67%)|弱:创业板,科创50,中证500,恒生科技|MA↓:沪深300,创业板,科创50,中证500,恒生指数,恒生科技|死叉:6|⚠高确信弱市|冷却中(3/5d)→维持强",offensive,,
2024-04-09,2024-04-10,False,False,False,"MA120|true_weak=3/6(50%)|弱:创业板,科创50,恒生科技|MA↓:沪深300,创业板,科创50,中证500,恒生指数,恒生科技|死叉:6|⚠高确信弱市|冷却中(4/5d)→维持强",offensive,,
2024-04-10,2024-04-11,False,False,False,"MA120|true_weak=4/6(67%)|弱:创业板,科创50,中证500,恒生科技|MA↓:沪深300,创业板,科创50,中证500,恒生指数,恒生科技|死叉:5|⚠高确信弱市|待确认弱市(1/2d)",offensive,,
2024-04-11,2024-04-12,False,True,True,"MA120|true_weak=4/6(67%)|弱:创业板,科创50,中证500,恒生科技|MA↓:沪深300,创业板,科创50,中证500,恒生指数,恒生科技|死叉:5|⚠高确信弱市|确认弱市(连续2d)",defensive,纳指;标普500,513100:50.0%;513500:50.0%
2024-04-12,2024-04-15,False,False,True,"MA120|true_weak=4/6(67%)|弱:创业板,科创50,中证500,恒生科技|MA↓:沪深300,创业板,科创50,中证500,恒生指数,恒生科技|死叉:5|⚠高确信弱市|冷却中(1/5d)→维持弱",defensive,,
2024-04-15,2024-04-16,False,False,True,"MA120|true_weak=4/6(67%)|弱:创业板,科创50,恒生指数,恒生科技|MA↓:沪深300,创业板,科创50,中证500,恒生指数,恒生科技|死叉:5|⚠高确信弱市|冷却中(2/5d)→维持弱",defensive,,
2024-04-16,2024-04-17,False,False,True,"MA120|true_weak=5/6(83%)|弱:创业板,科创50,中证500,恒生指数,恒生科技|MA↓:沪深300,创业板,科创50,中证500,恒生指数,恒生科技|死叉:5|⚠高确信弱市|冷却中(3/5d)→维持弱",defensive,,
2024-04-17,2024-04-18,False,False,True,"MA120|true_weak=4/6(67%)|弱:创业板,科创50,恒生指数,恒生科技|MA↓:沪深300,创业板,科创50,中证500,恒生指数,恒生科技|死叉:5|⚠高确信弱市|冷却中(4/5d)→维持弱",defensive,,
2024-04-18,2024-04-19,False,False,True,"MA120|true_weak=4/6(67%)|弱:创业板,科创50,恒生指数,恒生科技|MA↓:沪深300,创业板,科创50,中证500,恒生指数,恒生科技|死叉:5|⚠高确信弱市",defensive,,
2024-04-19,2024-04-22,False,False,True,"MA120|true_weak=5/6(83%)|弱:创业板,科创50,中证500,恒生指数,恒生科技|MA↓:沪深300,创业板,科创50,中证500,恒生指数,恒生科技|死叉:5|⚠高确信弱市|确认弱市(连续2d)",defensive,,
2024-04-22,2024-04-23,False,False,True,"MA120|true_weak=5/6(83%)|弱:创业板,科创50,中证500,恒生指数,恒生科技|MA↓:沪深300,创业板,科创50,中证500,恒生指数,恒生科技|死叉:5|⚠高确信弱市",defensive,,
2024-04-23,2024-04-24,False,False,True,"MA120|true_weak=4/6(67%)|弱:创业板,科创50,中证500,恒生科技|MA↓:创业板,科创50,中证500,恒生指数,恒生科技|死叉:5|⚠高确信弱市|确认弱市(连续2d)",defensive,,
2024-04-24,2024-04-25,False,False,True,"MA120|true_weak=3/6(50%)|弱:创业板,科创50,中证500|MA↓:创业板,科创50,中证500,恒生指数,恒生科技|死叉:5|⚠高确信弱市",defensive,,
2024-04-25,2024-04-26,False,False,True,"MA120|true_weak=3/6(50%)|弱:创业板,科创50,中证500|MA↓:创业板,科创50,中证500,恒生指数,恒生科技|死叉:5|⚠高确信弱市|确认弱市(连续2d)",defensive,,
2024-04-26,2024-04-29,False,True,False,"MA120|true_weak=2/6(33%)|弱:创业板,科创50|MA↓:创业板,科创50,中证500,恒生指数,恒生科技|死叉:4|确认强市(连续1d)",offensive,纳指;标普500,513100:50.0%;513500:50.0%
2024-04-29,2024-04-30,False,False,False,"MA120|true_weak=1/6(17%)|弱:科创50|MA↓:创业板,科创50,中证500,恒生指数,恒生科技|死叉:4|冷却中(1/5d)→维持强",offensive,,
2024-04-30,2024-05-06,False,False,False,"MA120|true_weak=1/6(17%)|弱:科创50|MA↓:创业板,科创50,中证500,恒生指数,恒生科技|死叉:3|冷却中(2/5d)→维持强",offensive,,
2024-05-06,2024-05-07,False,False,False,"MA120|true_weak=1/6(17%)|弱:科创50|MA↓:创业板,科创50,中证500,恒生科技|死叉:3|冷却中(3/5d)→维持强",offensive,,
2024-05-07,2024-05-08,True,False,False,"MA120|true_weak=1/6(17%)|弱:科创50|MA↓:创业板,科创50,中证500,恒生科技|死叉:3|冷却中(4/5d)→维持强",offensive,纳指;标普500,513100:50.0%;513500:50.0%
2024-05-08,2024-05-09,False,False,False,"MA120|true_weak=1/6(17%)|弱:科创50|MA↓:创业板,科创50,中证500,恒生科技|死叉:2|确认强市(连续1d)",offensive,,
2024-05-09,2024-05-10,False,False,False,"MA120|true_weak=1/6(17%)|弱:科创50|MA↓:创业板,科创50,恒生科技|死叉:2|确认强市(连续1d)",offensive,,
2024-05-10,2024-05-13,False,False,False,"MA120|true_weak=1/6(17%)|弱:科创50|MA↓:创业板,科创50,恒生科技|死叉:1|确认强市(连续1d)",offensive,,
2024-05-13,2024-05-14,False,False,False,"MA120|true_weak=1/6(17%)|弱:科创50|MA↓:创业板,科创50,恒生科技|死叉:1|确认强市(连续1d)",offensive,,
2024-05-14,2024-05-15,False,False,False,"MA120|true_weak=1/6(17%)|弱:科创50|MA↓:创业板,科创50,恒生科技|死叉:1|确认强市(连续1d)",offensive,,
2024-05-15,2024-05-16,False,False,False,"MA120|true_weak=1/4(25%)|弱:科创50|MA↓:创业板,科创50|死叉:1|确认强市(连续1d)",offensive,,
2024-05-16,2024-05-17,False,False,False,"MA120|true_weak=1/6(17%)|弱:科创50|MA↓:创业板,科创50,恒生科技|死叉:1|确认强市(连续1d)",offensive,,
2024-05-17,2024-05-20,False,False,False,"MA120|true_weak=1/6(17%)|弱:科创50|MA↓:创业板,科创50,恒生科技|死叉:1|强:恒生指数|确认强市(连续1d)",offensive,,
2024-05-20,2024-05-21,False,False,False,"MA120|true_weak=1/6(17%)|弱:科创50|MA↓:创业板,科创50|死叉:1|强:恒生指数|确认强市(连续1d)",offensive,,
2024-05-21,2024-05-22,False,False,False,"MA120|true_weak=1/6(17%)|弱:科创50|MA↓:创业板,科创50|死叉:1|强:恒生指数|确认强市(连续1d)",offensive,,
2024-05-22,2024-05-23,False,False,False,"MA120|true_weak=1/6(17%)|弱:科创50|MA↓:创业板,科创50|死叉:1|强:恒生指数|确认强市(连续1d)",offensive,,
2024-05-23,2024-05-24,False,False,False,"MA120|true_weak=1/6(17%)|弱:科创50|MA↓:创业板,科创50|死叉:1|强:恒生指数|确认强市(连续1d)",offensive,,
2024-05-24,2024-05-27,False,False,False,"MA120|true_weak=1/6(17%)|弱:科创50|MA↓:创业板,科创50|死叉:1|强:恒生指数|确认强市(连续1d)",offensive,,
2024-05-27,2024-05-28,False,False,False,"MA120|true_weak=1/6(17%)|弱:科创50|MA↓:创业板,科创50|死叉:1|强:恒生指数|确认强市(连续1d)",offensive,,
2024-05-28,2024-05-29,False,False,False,"MA120|true_weak=2/6(33%)|弱:创业板,科创50|MA↓:创业板,科创50|死叉:1|强:恒生指数|确认强市(连续1d)",offensive,,
2024-05-29,2024-05-30,False,False,False,"MA120|true_weak=1/6(17%)|弱:科创50|MA↓:创业板,科创50|死叉:1|强:恒生指数|确认强市(连续1d)",offensive,,
2024-05-30,2024-05-31,False,False,False,"MA120|true_weak=1/6(17%)|弱:科创50|MA↓:创业板,科创50|死叉:1|强:恒生指数|确认强市(连续1d)",offensive,,
2024-05-31,2024-06-03,False,False,False,"MA120|true_weak=2/6(33%)|弱:创业板,科创50|MA↓:创业板,科创50|死叉:1|强:恒生指数|确认强市(连续1d)",offensive,,
2024-06-03,2024-06-04,False,False,False,"MA120|true_weak=2/6(33%)|弱:科创50,中证500|MA↓:创业板,科创50,中证500|死叉:1|强:恒生指数|确认强市(连续1d)",offensive,,
2024-06-04,2024-06-05,True,False,False,"MA120|true_weak=1/6(17%)|弱:科创50|MA↓:创业板,科创50,中证500|死叉:1|强:恒生指数|确认强市(连续1d)",offensive,纳指;标普500,513100:50.0%;513500:50.0%
2024-06-05,2024-06-06,False,False,False,"MA120|true_weak=2/6(33%)|弱:科创50,中证500|MA↓:创业板,科创50,中证500|死叉:1|强:恒生指数|确认强市(连续1d)",offensive,,
2024-06-06,2024-06-07,False,False,False,"MA120|true_weak=2/6(33%)|弱:科创50,中证500|MA↓:创业板,科创50,中证500|死叉:1|强:恒生指数|确认强市(连续1d)",offensive,,
2024-06-07,2024-06-11,False,False,False,"MA120|true_weak=3/6(50%)|弱:创业板,科创50,中证500|MA↓:创业板,科创50,中证500|死叉:1|强:恒生指数|⚠高确信弱市|待确认弱市(1/2d)",offensive,,
2024-06-11,2024-06-12,False,True,True,"MA120|true_weak=3/6(50%)|弱:创业板,科创50,中证500|MA↓:创业板,科创50,中证500|死叉:1|强:恒生指数|⚠高确信弱市|确认弱市(连续2d)",defensive,纳指;标普500,513100:50.0%;513500:50.0%
2024-06-12,2024-06-13,False,False,True,"MA120|true_weak=3/6(50%)|弱:创业板,科创50,中证500|MA↓:创业板,科创50,中证500|死叉:1|强:恒生指数|⚠高确信弱市|冷却中(1/5d)→维持弱",defensive,,
2024-06-13,2024-06-14,False,False,True,"MA120|true_weak=3/6(50%)|弱:创业板,科创50,中证500|MA↓:创业板,科创50,中证500|死叉:1|强:沪深300,恒生指数|⚠高确信弱市|冷却中(2/5d)→维持弱",defensive,,
2024-06-14,2024-06-17,False,False,True,"MA120|true_weak=3/6(50%)|弱:创业板,科创50,中证500|MA↓:创业板,科创50,中证500|死叉:1|强:沪深300,恒生指数|⚠高确信弱市|冷却中(3/5d)→维持弱",defensive,,
2024-06-17,2024-06-18,False,False,True,"MA120|true_weak=2/6(33%)|弱:科创50,中证500|MA↓:创业板,科创50,中证500|死叉:1|强:沪深300,恒生指数|冷却中(4/5d)→维持弱",defensive,,
2024-06-18,2024-06-19,False,True,False,"MA120|true_weak=2/6(33%)|弱:科创50,中证500|MA↓:创业板,科创50,中证500|死叉:1|强:沪深300,恒生指数|确认强市(连续1d)",offensive,纳指;标普500,513100:50.0%;513500:50.0%
2024-06-19,2024-06-20,False,False,False,"MA120|true_weak=3/6(50%)|弱:创业板,科创50,中证500|MA↓:创业板,科创50,中证500|死叉:1|强:沪深300,恒生指数|⚠高确信弱市|冷却中(1/5d)→维持强",offensive,,
2024-06-20,2024-06-21,False,False,False,"MA120|true_weak=3/6(50%)|弱:创业板,科创50,中证500|MA↓:创业板,科创50,中证500|死叉:1|强:沪深300,恒生指数|⚠高确信弱市|冷却中(2/5d)→维持强",offensive,,
2024-06-21,2024-06-24,False,False,False,"MA120|true_weak=3/6(50%)|弱:创业板,科创50,中证500|MA↓:创业板,科创50,中证500|死叉:1|强:沪深300,恒生指数|⚠高确信弱市|冷却中(3/5d)→维持强",offensive,,
2024-06-24,2024-06-25,False,False,False,"MA120|true_weak=3/6(50%)|弱:创业板,科创50,中证500|MA↓:创业板,科创50,中证500|死叉:1|假弱(忽略):沪深300|强:恒生指数|⚠高确信弱市|冷却中(4/5d)→维持强",offensive,,
2024-06-25,2024-06-26,False,False,False,"MA120|true_weak=3/6(50%)|弱:创业板,科创50,中证500|MA↓:创业板,科创50,中证500|死叉:1|假弱(忽略):沪深300|强:恒生指数|⚠高确信弱市|待确认弱市(1/2d)",offensive,,
2024-06-26,2024-06-27,False,True,True,"MA120|true_weak=3/6(50%)|弱:创业板,科创50,中证500|MA↓:创业板,科创50,中证500|死叉:1|假弱(忽略):沪深300|强:恒生指数|⚠高确信弱市|确认弱市(连续2d)",defensive,纳指;标普500,513100:50.0%;513500:50.0%
2024-06-27,2024-06-28,False,False,True,"MA120|true_weak=3/6(50%)|弱:创业板,科创50,中证500|MA↓:创业板,科创50,中证500|死叉:1|假弱(忽略):沪深300|强:恒生指数|⚠高确信弱市|冷却中(1/5d)→维持弱",defensive,,
2024-06-28,2024-07-01,False,False,True,"MA120|true_weak=3/6(50%)|弱:创业板,科创50,中证500|MA↓:创业板,科创50,中证500|死叉:1|假弱(忽略):沪深300|强:恒生指数|⚠高确信弱市|冷却中(2/5d)→维持弱",defensive,,
2024-07-01,2024-07-02,False,False,True,"MA120|true_weak=3/4(75%)|弱:创业板,科创50,中证500|MA↓:创业板,科创50,中证500|死叉:1|假弱(忽略):沪深300|⚠高确信弱市|冷却中(3/5d)→维持弱",defensive,,
2024-07-02,2024-07-03,True,False,True,"MA120|true_weak=3/6(50%)|弱:创业板,科创50,中证500|MA↓:创业板,科创50,中证500|死叉:1|假弱(忽略):沪深300|强:恒生指数|⚠高确信弱市|冷却中(4/5d)→维持弱",defensive,标普500;纳指,513500:50.0%;513100:50.0%
2024-07-03,2024-07-04,False,False,True,"MA120|true_weak=3/6(50%)|弱:创业板,科创50,中证500|MA↓:创业板,科创50,中证500|死叉:1|假弱(忽略):沪深300|强:恒生指数|⚠高确信弱市",defensive,,
2024-07-04,2024-07-05,False,False,True,"MA120|true_weak=3/6(50%)|弱:创业板,科创50,中证500|MA↓:创业板,科创50,中证500|死叉:1|假弱(忽略):沪深300|强:恒生指数|⚠高确信弱市|确认弱市(连续2d)",defensive,,
2024-07-05,2024-07-08,False,False,True,"MA120|true_weak=3/6(50%)|弱:创业板,科创50,中证500|MA↓:创业板,科创50,中证500|死叉:1|假弱(忽略):沪深300|强:恒生指数|⚠高确信弱市",defensive,,
2024-07-08,2024-07-09,False,False,True,"MA120|true_weak=3/6(50%)|弱:创业板,科创50,中证500|MA↓:创业板,科创50,中证500|死叉:1|假弱(忽略):沪深300|强:恒生指数|⚠高确信弱市|确认弱市(连续2d)",defensive,,
2024-07-09,2024-07-10,False,False,True,"MA120|true_weak=3/6(50%)|弱:创业板,科创50,中证500|MA↓:创业板,科创50,中证500|死叉:1|假弱(忽略):沪深300|强:恒生指数|⚠高确信弱市",defensive,,
2024-07-10,2024-07-11,False,False,True,"MA120|true_weak=3/6(50%)|弱:创业板,科创50,中证500|MA↓:创业板,科创50,中证500|死叉:1|假弱(忽略):沪深300|强:恒生指数|⚠高确信弱市|确认弱市(连续2d)",defensive,,
2024-07-11,2024-07-12,False,False,True,"MA120|true_weak=3/6(50%)|弱:创业板,科创50,中证500|MA↓:创业板,科创50,中证500|死叉:1|假弱(忽略):沪深300|强:恒生指数|⚠高确信弱市",defensive,,
2024-07-12,2024-07-15,False,False,True,"MA120|true_weak=3/6(50%)|弱:创业板,科创50,中证500|MA↓:创业板,科创50,中证500|死叉:1|假弱(忽略):沪深300|强:恒生指数|⚠高确信弱市|确认弱市(连续2d)",defensive,,
2024-07-15,2024-07-16,False,False,True,"MA120|true_weak=3/6(50%)|弱:创业板,科创50,中证500|MA↓:创业板,科创50,中证500|死叉:2|假弱(忽略):沪深300|强:恒生指数|⚠高确信弱市",defensive,,
2024-07-16,2024-07-17,False,False,True,"MA120|true_weak=3/6(50%)|弱:创业板,科创50,中证500|MA↓:创业板,科创50,中证500|死叉:3|假弱(忽略):沪深300|强:恒生指数|⚠高确信弱市|确认弱市(连续2d)",defensive,,
2024-07-17,2024-07-18,False,False,True,"MA120|true_weak=3/6(50%)|弱:创业板,科创50,中证500|MA↓:创业板,科创50,中证500|死叉:3|假弱(忽略):沪深300|强:恒生指数,恒生科技|⚠高确信弱市",defensive,,
2024-07-18,2024-07-19,False,False,True,"MA120|true_weak=3/6(50%)|弱:创业板,科创50,中证500|MA↓:创业板,科创50,中证500|死叉:3|强:沪深300,恒生指数,恒生科技|⚠高确信弱市|确认弱市(连续2d)",defensive,,
2024-07-19,2024-07-22,False,False,True,"MA120|true_weak=3/6(50%)|弱:创业板,科创50,中证500|MA↓:创业板,科创50,中证500|死叉:3|假弱(忽略):恒生科技|强:沪深300,恒生指数|⚠高确信弱市",defensive,,
2024-07-22,2024-07-23,False,False,True,"MA120|true_weak=3/6(50%)|弱:创业板,科创50,中证500|MA↓:创业板,科创50,中证500|死叉:3|强:沪深300,恒生指数,恒生科技|⚠高确信弱市|确认弱市(连续2d)",defensive,,
2024-07-23,2024-07-24,False,False,True,"MA120|true_weak=3/6(50%)|弱:创业板,科创50,中证500|MA↓:创业板,科创50,中证500|死叉:3|假弱(忽略):沪深300,恒生科技|强:恒生指数|⚠高确信弱市",defensive,,
2024-07-24,2024-07-25,False,False,True,"MA120|true_weak=3/6(50%)|弱:创业板,科创50,中证500|MA↓:创业板,科创50,中证500|死叉:3|假弱(忽略):沪深300,恒生指数,恒生科技|⚠高确信弱市|确认弱市(连续2d)",defensive,,
2024-07-25,2024-07-26,False,False,True,"MA120|true_weak=3/6(50%)|弱:创业板,科创50,中证500|MA↓:创业板,科创50,中证500|死叉:3|假弱(忽略):沪深300,恒生指数,恒生科技|⚠高确信弱市",defensive,,
2024-07-26,2024-07-29,False,False,True,"MA120|true_weak=3/6(50%)|弱:创业板,科创50,中证500|MA↓:创业板,科创50,中证500|死叉:3|假弱(忽略):沪深300,恒生指数,恒生科技|⚠高确信弱市|确认弱市(连续2d)",defensive,,
2024-07-29,2024-07-30,False,False,True,"MA120|true_weak=3/6(50%)|弱:创业板,科创50,中证500|MA↓:创业板,科创50,中证500|死叉:3|假弱(忽略):沪深300,恒生指数,恒生科技|⚠高确信弱市",defensive,,
2024-07-30,2024-07-31,False,False,True,"MA120|true_weak=4/6(67%)|弱:沪深300,创业板,科创50,中证500|MA↓:创业板,科创50,中证500|死叉:4|假弱(忽略):恒生指数,恒生科技|⚠高确信弱市|确认弱市(连续2d)",defensive,,
2024-07-31,2024-08-01,False,False,True,"MA120|true_weak=4/6(67%)|弱:沪深300,创业板,科创50,中证500|MA↓:创业板,科创50,中证500|死叉:4|假弱(忽略):恒生指数,恒生科技|⚠高确信弱市",defensive,,
2024-08-01,2024-08-02,False,False,True,"MA120|true_weak=4/6(67%)|弱:沪深300,创业板,科创50,中证500|MA↓:科创50,中证500|死叉:4|假弱(忽略):恒生指数,恒生科技|⚠高确信弱市|确认弱市(连续2d)",defensive,,
2024-08-02,2024-08-05,True,False,True,"MA120|true_weak=4/6(67%)|弱:沪深300,创业板,科创50,中证500|MA↓:科创50,中证500|死叉:4|假弱(忽略):恒生指数,恒生科技|⚠高确信弱市",defensive,标普500;纳指,513500:50.0%;513100:50.0%
2024-08-05,2024-08-06,False,False,True,"MA120|true_weak=4/6(67%)|弱:沪深300,创业板,科创50,中证500|MA↓:科创50,中证500|死叉:4|假弱(忽略):恒生指数,恒生科技|⚠高确信弱市|确认弱市(连续2d)",defensive,,
2024-08-06,2024-08-07,False,False,True,"MA120|true_weak=4/6(67%)|弱:沪深300,创业板,科创50,中证500|MA↓:科创50,中证500|死叉:4|假弱(忽略):恒生指数,恒生科技|⚠高确信弱市",defensive,,
2024-08-07,2024-08-08,False,False,True,"MA120|true_weak=4/6(67%)|弱:沪深300,创业板,科创50,中证500|死叉:4|假弱(忽略):恒生指数,恒生科技|⚠高确信弱市|确认弱市(连续2d)",defensive,,
2024-08-08,2024-08-09,False,False,True,"MA120|true_weak=4/6(67%)|弱:沪深300,创业板,科创50,中证500|死叉:4|假弱(忽略):恒生指数,恒生科技|⚠高确信弱市",defensive,,
2024-08-09,2024-08-12,False,False,True,"MA120|true_weak=4/6(67%)|弱:沪深300,创业板,科创50,中证500|死叉:4|假弱(忽略):恒生指数,恒生科技|⚠高确信弱市|确认弱市(连续2d)",defensive,,
2024-08-12,2024-08-13,False,False,True,"MA120|true_weak=4/6(67%)|弱:沪深300,创业板,科创50,中证500|MA↓:中证500|死叉:4|假弱(忽略):恒生指数,恒生科技|⚠高确信弱市",defensive,,
2024-08-13,2024-08-14,False,False,True,"MA120|true_weak=5/6(83%)|弱:沪深300,创业板,科创50,中证500,恒生科技|MA↓:中证500|死叉:5|假弱(忽略):恒生指数|⚠高确信弱市|确认弱市(连续2d)",defensive,,
2024-08-14,2024-08-15,False,False,True,"MA120|true_weak=5/6(83%)|弱:沪深300,创业板,科创50,中证500,恒生科技|MA↓:中证500|死叉:5|假弱(忽略):恒生指数|⚠高确信弱市",defensive,,
2024-08-15,2024-08-16,False,False,True,"MA120|true_weak=5/6(83%)|弱:沪深300,创业板,科创50,中证500,恒生科技|MA↓:中证500|死叉:5|假弱(忽略):恒生指数|⚠高确信弱市|确认弱市(连续2d)",defensive,,
2024-08-16,2024-08-19,False,False,True,"MA120|true_weak=5/6(83%)|弱:沪深300,创业板,科创50,中证500,恒生科技|MA↓:中证500|死叉:5|假弱(忽略):恒生指数|⚠高确信弱市",defensive,,
2024-08-19,2024-08-20,False,False,True,"MA120|true_weak=5/6(83%)|弱:沪深300,创业板,科创50,中证500,恒生科技|MA↓:中证500|死叉:5|强:恒生指数|⚠高确信弱市|确认弱市(连续2d)",defensive,,
2024-08-20,2024-08-21,False,False,True,"MA120|true_weak=5/6(83%)|弱:沪深300,创业板,科创50,中证500,恒生科技|MA↓:创业板,中证500|死叉:5|假弱(忽略):恒生指数|⚠高确信弱市",defensive,,
2024-08-21,2024-08-22,False,False,True,"MA120|true_weak=5/6(83%)|弱:沪深300,创业板,科创50,中证500,恒生科技|MA↓:创业板,科创50,中证500|死叉:5|假弱(忽略):恒生指数|⚠高确信弱市|确认弱市(连续2d)",defensive,,
2024-08-22,2024-08-23,False,False,True,"MA120|true_weak=5/6(83%)|弱:沪深300,创业板,科创50,中证500,恒生科技|MA↓:创业板,科创50,中证500|死叉:5|强:恒生指数|⚠高确信弱市",defensive,,
2024-08-23,2024-08-26,False,False,True,"MA120|true_weak=5/6(83%)|弱:沪深300,创业板,科创50,中证500,恒生科技|MA↓:创业板,科创50,中证500|死叉:5|强:恒生指数|⚠高确信弱市|确认弱市(连续2d)",defensive,,
2024-08-26,2024-08-27,False,False,True,"MA120|true_weak=5/6(83%)|弱:沪深300,创业板,科创50,中证500,恒生科技|MA↓:创业板,科创50,中证500|死叉:6|强:恒生指数|⚠高确信弱市",defensive,,
2024-08-27,2024-08-28,False,False,True,"MA120|true_weak=5/6(83%)|弱:沪深300,创业板,科创50,中证500,恒生科技|MA↓:创业板,科创50,中证500|死叉:6|强:恒生指数|⚠高确信弱市|确认弱市(连续2d)",defensive,,
2024-08-28,2024-08-29,False,False,True,"MA120|true_weak=5/6(83%)|弱:沪深300,创业板,科创50,中证500,恒生科技|MA↓:创业板,科创50,中证500|死叉:6|强:恒生指数|⚠高确信弱市",defensive,,
2024-08-29,2024-08-30,False,False,True,"MA120|true_weak=5/6(83%)|弱:沪深300,创业板,科创50,中证500,恒生科技|MA↓:创业板,科创50,中证500|死叉:6|强:恒生指数|⚠高确信弱市|确认弱市(连续2d)",defensive,,
2024-08-30,2024-09-02,False,False,True,"MA120|true_weak=5/6(83%)|弱:沪深300,创业板,科创50,中证500,恒生科技|MA↓:创业板,科创50,中证500|死叉:6|强:恒生指数|⚠高确信弱市",defensive,,
2024-09-02,2024-09-03,False,False,True,"MA120|true_weak=5/6(83%)|弱:沪深300,创业板,科创50,中证500,恒生科技|MA↓:沪深300,创业板,科创50,中证500|死叉:6|强:恒生指数|⚠高确信弱市|确认弱市(连续2d)",defensive,,
2024-09-03,2024-09-04,True,False,True,"MA120|true_weak=5/6(83%)|弱:沪深300,创业板,科创50,中证500,恒生科技|MA↓:沪深300,创业板,科创50,中证500|死叉:6|强:恒生指数|⚠高确信弱市",defensive,标普500;纳指,513500:50.0%;513100:50.0%
2024-09-04,2024-09-05,False,False,True,"MA120|true_weak=6/6(100%)|弱:沪深300,创业板,科创50,中证500,恒生指数,恒生科技|MA↓:沪深300,创业板,科创50,中证500|死叉:6|⚠高确信弱市|确认弱市(连续2d)",defensive,,
2024-09-05,2024-09-06,False,False,True,"MA120|true_weak=6/6(100%)|弱:沪深300,创业板,科创50,中证500,恒生指数,恒生科技|MA↓:沪深300,创业板,科创50,中证500|死叉:6|⚠高确信弱市",defensive,,
2024-09-06,2024-09-09,False,False,True,"MA120|true_weak=4/4(100%)|弱:沪深300,创业板,科创50,中证500|MA↓:沪深300,创业板,科创50,中证500|死叉:4|⚠高确信弱市|确认弱市(连续2d)",defensive,,
2024-09-09,2024-09-10,False,False,True,"MA120|true_weak=6/6(100%)|弱:沪深300,创业板,科创50,中证500,恒生指数,恒生科技|MA↓:沪深300,创业板,科创50,中证500|死叉:6|⚠高确信弱市",defensive,,
2024-09-10,2024-09-11,False,False,True,"MA120|true_weak=6/6(100%)|弱:沪深300,创业板,科创50,中证500,恒生指数,恒生科技|MA↓:沪深300,创业板,科创50,中证500|死叉:6|⚠高确信弱市|确认弱市(连续2d)",defensive,,
2024-09-11,2024-09-12,False,False,True,"MA120|true_weak=6/6(100%)|弱:沪深300,创业板,科创50,中证500,恒生指数,恒生科技|MA↓:沪深300,创业板,科创50,中证500|死叉:6|⚠高确信弱市",defensive,,
2024-09-12,2024-09-13,False,False,True,"MA120|true_weak=6/6(100%)|弱:沪深300,创业板,科创50,中证500,恒生指数,恒生科技|MA↓:沪深300,创业板,科创50,中证500|死叉:6|⚠高确信弱市|确认弱市(连续2d)",defensive,,
2024-09-13,2024-09-18,False,False,True,"MA120|true_weak=6/6(100%)|弱:沪深300,创业板,科创50,中证500,恒生指数,恒生科技|MA↓:沪深300,创业板,科创50,中证500|死叉:6|⚠高确信弱市",defensive,,
2024-09-18,2024-09-19,False,False,True,"MA120|true_weak=4/4(100%)|弱:沪深300,创业板,科创50,中证500|MA↓:沪深300,创业板,科创50,中证500|死叉:4|⚠高确信弱市|确认弱市(连续2d)",defensive,,
2024-09-19,2024-09-20,False,False,True,"MA120|true_weak=4/6(67%)|弱:沪深300,创业板,科创50,中证500|MA↓:沪深300,创业板,科创50,中证500|死叉:6|强:恒生指数|⚠高确信弱市",defensive,,
2024-09-20,2024-09-23,False,False,True,"MA120|true_weak=4/6(67%)|弱:沪深300,创业板,科创50,中证500|MA↓:沪深300,创业板,科创50,中证500|死叉:6|强:恒生指数|⚠高确信弱市|确认弱市(连续2d)",defensive,,
2024-09-23,2024-09-24,False,False,True,"MA120|true_weak=4/6(67%)|弱:沪深300,创业板,科创50,中证500|MA↓:沪深300,创业板,科创50,中证500|死叉:6|强:恒生指数|⚠高确信弱市",defensive,,
2024-09-24,2024-09-25,False,False,True,"MA120|true_weak=4/6(67%)|弱:沪深300,创业板,科创50,中证500|MA↓:沪深300,创业板,科创50,中证500|死叉:6|强:恒生指数|⚠高确信弱市|确认弱市(连续2d)",defensive,,
2024-09-25,2024-09-26,False,False,True,"MA120|true_weak=4/6(67%)|弱:沪深300,创业板,科创50,中证500|MA↓:沪深300,创业板,科创50,中证500|死叉:6|强:恒生指数|⚠高确信弱市",defensive,,
2024-09-26,2024-09-27,False,True,False,"MA120|true_weak=2/6(33%)|弱:科创50,中证500|MA↓:沪深300,创业板,科创50,中证500|死叉:6|强:恒生指数|确认强市(连续1d)",offensive,中概互联;银行,513050:50.0%;512800:50.0%
2024-09-27,2024-09-30,False,False,False,"MA120|true_weak=0/6(0%)|MA↓:沪深300,创业板,科创50,中证500|死叉:6|强:恒生指数,恒生科技|冷却中(1/5d)→维持强",offensive,,
2024-09-30,2024-10-08,False,False,False,"MA120|true_weak=0/6(0%)|MA↓:沪深300,创业板,科创50,中证500|死叉:6|强:恒生指数,恒生科技|冷却中(2/5d)→维持强",offensive,,
2024-10-08,2024-10-09,False,False,False,"MA120|true_weak=0/6(0%)|MA↓:沪深300,创业板,科创50,中证500|死叉:5|强:恒生指数,恒生科技|冷却中(3/5d)→维持强",offensive,,
2024-10-09,2024-10-10,True,False,False,"MA120|true_weak=0/6(0%)|MA↓:沪深300,创业板,科创50,中证500|死叉:4|强:恒生指数,恒生科技|冷却中(4/5d)→维持强",offensive,科创芯片;香港证券,588200:50.0%;513090:50.0%
2024-10-10,2024-10-11,False,False,False,"MA120|true_weak=0/6(0%)|MA↓:沪深300,创业板,科创50,中证500|死叉:4|强:恒生指数,恒生科技|确认强市(连续1d)",offensive,,
2024-10-11,2024-10-14,False,False,False,"MA120|true_weak=0/4(0%)|MA↓:创业板,科创50,中证500|死叉:4|确认强市(连续1d)",offensive,,
2024-10-14,2024-10-15,False,False,False,"MA120|true_weak=0/6(0%)|MA↓:创业板,科创50,中证500|死叉:4|强:恒生指数,恒生科技|确认强市(连续1d)",offensive,,
2024-10-15,2024-10-16,False,False,False,"MA120|true_weak=0/6(0%)|MA↓:中证500|死叉:4|强:恒生指数,恒生科技|确认强市(连续1d)",offensive,,
2024-10-16,2024-10-17,False,False,False,"MA120|true_weak=0/6(0%)|MA↓:中证500|死叉:4|强:恒生指数,恒生科技|确认强市(连续1d)",offensive,,
2024-10-17,2024-10-18,False,False,False,"MA120|true_weak=0/6(0%)|MA↓:中证500|死叉:4|强:恒生指数,恒生科技|确认强市(连续1d)",offensive,,
2024-10-18,2024-10-21,False,False,False,"MA120|true_weak=0/6(0%)|MA↓:中证500|死叉:4|强:创业板,科创50,恒生指数,恒生科技|确认强市(连续1d)",offensive,,
2024-10-21,2024-10-22,False,False,False,"MA120|true_weak=0/6(0%)|死叉:3|强:沪深300,创业板,科创50,恒生指数,恒生科技|确认强市(连续1d)",offensive,,
2024-10-22,2024-10-23,False,False,False,"MA120|true_weak=0/6(0%)|死叉:3|强:沪深300,创业板,科创50,恒生指数,恒生科技|确认强市(连续1d)",offensive,,
2024-10-23,2024-10-24,False,False,False,"MA120|true_weak=0/6(0%)|死叉:3|强:沪深300,创业板,科创50,恒生指数,恒生科技|确认强市(连续1d)",offensive,,
2024-10-24,2024-10-25,False,False,False,"MA120|true_weak=0/6(0%)|死叉:3|强:沪深300,创业板,科创50,恒生指数,恒生科技|确认强市(连续1d)",offensive,,
2024-10-25,2024-10-28,False,False,False,"MA120|true_weak=0/6(0%)|死叉:2|强:沪深300,创业板,科创50,中证500,恒生指数,恒生科技|确认强市(连续1d)",offensive,,
2024-10-28,2024-10-29,False,False,False,"MA120|true_weak=0/6(0%)|死叉:2|强:沪深300,创业板,科创50,中证500,恒生指数,恒生科技|确认强市(连续1d)",offensive,,
2024-10-29,2024-10-30,False,False,False,"MA120|true_weak=0/6(0%)|死叉:2|强:沪深300,创业板,科创50,中证500,恒生指数,恒生科技|确认强市(连续1d)",offensive,,
2024-10-30,2024-10-31,False,False,False,"MA120|true_weak=0/6(0%)|死叉:1|强:沪深300,创业板,科创50,中证500,恒生指数,恒生科技|确认强市(连续1d)",offensive,,
2024-10-31,2024-11-01,False,False,False,"MA120|true_weak=0/6(0%)|死叉:1|强:沪深300,创业板,科创50,中证500,恒生指数,恒生科技|确认强市(连续1d)",offensive,,
2024-11-01,2024-11-04,False,False,False,"MA120|true_weak=0/6(0%)|死叉:1|强:沪深300,创业板,科创50,中证500,恒生指数,恒生科技|确认强市(连续1d)",offensive,,
2024-11-04,2024-11-05,True,False,False,"MA120|true_weak=0/6(0%)|强:沪深300,创业板,科创50,中证500,恒生指数,恒生科技|确认强市(连续1d)",offensive,香港证券;科创芯片,513090:50.0%;588200:50.0%
2024-11-05,2024-11-06,False,False,False,"MA120|true_weak=0/6(0%)|强:沪深300,创业板,科创50,中证500,恒生指数,恒生科技|确认强市(连续1d)",offensive,,
2024-11-06,2024-11-07,False,False,False,"MA120|true_weak=0/6(0%)|强:沪深300,创业板,科创50,中证500,恒生指数,恒生科技|确认强市(连续1d)",offensive,,
2024-11-07,2024-11-08,False,False,False,"MA120|true_weak=0/6(0%)|强:沪深300,创业板,科创50,中证500,恒生指数,恒生科技|确认强市(连续1d)",offensive,,
2024-11-08,2024-11-11,False,False,False,"MA120|true_weak=0/6(0%)|强:沪深300,创业板,科创50,中证500,恒生指数,恒生科技|确认强市(连续1d)",offensive,,
2024-11-11,2024-11-12,False,False,False,"MA120|true_weak=0/6(0%)|强:沪深300,创业板,科创50,中证500,恒生指数,恒生科技|确认强市(连续1d)",offensive,,
2024-11-12,2024-11-13,False,False,False,"MA120|true_weak=0/6(0%)|强:沪深300,创业板,科创50,中证500,恒生指数,恒生科技|确认强市(连续1d)",offensive,,
2024-11-13,2024-11-14,False,False,False,"MA120|true_weak=0/6(0%)|强:沪深300,创业板,科创50,中证500,恒生指数,恒生科技|确认强市(连续1d)",offensive,,
2024-11-14,2024-11-15,False,False,False,"MA120|true_weak=0/6(0%)|强:沪深300,创业板,科创50,中证500,恒生指数,恒生科技|确认强市(连续1d)",offensive,,
2024-11-15,2024-11-18,False,False,False,"MA120|true_weak=0/6(0%)|强:沪深300,创业板,科创50,中证500,恒生指数,恒生科技|确认强市(连续1d)",offensive,,
2024-11-18,2024-11-19,False,False,False,"MA120|true_weak=0/6(0%)|强:沪深300,创业板,科创50,中证500,恒生指数,恒生科技|确认强市(连续1d)",offensive,,
2024-11-19,2024-11-20,False,False,False,"MA120|true_weak=0/6(0%)|强:沪深300,创业板,科创50,中证500,恒生指数,恒生科技|确认强市(连续1d)",offensive,,
2024-11-20,2024-11-21,False,False,False,"MA120|true_weak=0/6(0%)|强:沪深300,创业板,科创50,中证500,恒生指数,恒生科技|确认强市(连续1d)",offensive,,
2024-11-21,2024-11-22,False,False,False,"MA120|true_weak=0/6(0%)|强:沪深300,创业板,科创50,中证500,恒生指数,恒生科技|确认强市(连续1d)",offensive,,
2024-11-22,2024-11-25,False,False,False,"MA120|true_weak=0/6(0%)|强:沪深300,创业板,科创50,中证500,恒生指数,恒生科技|确认强市(连续1d)",offensive,,
2024-11-25,2024-11-26,False,False,False,"MA120|true_weak=0/6(0%)|强:沪深300,创业板,科创50,中证500,恒生指数,恒生科技|确认强市(连续1d)",offensive,,
2024-11-26,2024-11-27,False,False,False,"MA120|true_weak=0/6(0%)|强:沪深300,创业板,科创50,中证500,恒生指数,恒生科技|确认强市(连续1d)",offensive,,
2024-11-27,2024-11-28,False,False,False,"MA120|true_weak=0/6(0%)|强:沪深300,创业板,科创50,中证500,恒生指数,恒生科技|确认强市(连续1d)",offensive,,
2024-11-28,2024-11-29,False,False,False,"MA120|true_weak=0/6(0%)|强:沪深300,创业板,科创50,中证500,恒生指数,恒生科技|确认强市(连续1d)",offensive,,
2024-11-29,2024-12-02,False,False,False,"MA120|true_weak=0/6(0%)|强:沪深300,创业板,科创50,中证500,恒生指数,恒生科技|确认强市(连续1d)",offensive,,
2024-12-02,2024-12-03,False,False,False,"MA120|true_weak=0/6(0%)|强:沪深300,创业板,科创50,中证500,恒生指数,恒生科技|确认强市(连续1d)",offensive,,
2024-12-03,2024-12-04,True,False,False,"MA120|true_weak=0/6(0%)|强:沪深300,创业板,科创50,中证500,恒生指数,恒生科技|确认强市(连续1d)",offensive,香港证券;科创芯片,513090:50.0%;588200:50.0%
2024-12-04,2024-12-05,False,False,False,"MA120|true_weak=0/6(0%)|强:沪深300,创业板,科创50,中证500,恒生指数,恒生科技|确认强市(连续1d)",offensive,,
2024-12-05,2024-12-06,False,False,False,"MA120|true_weak=0/6(0%)|强:沪深300,创业板,科创50,中证500,恒生指数,恒生科技|确认强市(连续1d)",offensive,,
2024-12-06,2024-12-09,False,False,False,"MA120|true_weak=0/6(0%)|强:沪深300,创业板,科创50,中证500,恒生指数,恒生科技|确认强市(连续1d)",offensive,,
2024-12-09,2024-12-10,False,False,False,"MA120|true_weak=0/6(0%)|强:沪深300,创业板,科创50,中证500,恒生指数,恒生科技|确认强市(连续1d)",offensive,,
2024-12-10,2024-12-11,False,False,False,"MA120|true_weak=0/6(0%)|强:沪深300,创业板,科创50,中证500,恒生指数,恒生科技|确认强市(连续1d)",offensive,,
2024-12-11,2024-12-12,False,False,False,"MA120|true_weak=0/6(0%)|强:沪深300,创业板,科创50,中证500,恒生指数,恒生科技|确认强市(连续1d)",offensive,,
2024-12-12,2024-12-13,False,False,False,"MA120|true_weak=0/6(0%)|强:沪深300,创业板,科创50,中证500,恒生指数,恒生科技|确认强市(连续1d)",offensive,,
2024-12-13,2024-12-16,False,False,False,"MA120|true_weak=0/6(0%)|强:沪深300,创业板,科创50,中证500,恒生指数,恒生科技|确认强市(连续1d)",offensive,,
2024-12-16,2024-12-17,False,False,False,"MA120|true_weak=0/6(0%)|强:沪深300,创业板,科创50,中证500,恒生指数,恒生科技|确认强市(连续1d)",offensive,,
2024-12-17,2024-12-18,False,False,False,"MA120|true_weak=0/6(0%)|强:沪深300,创业板,科创50,中证500,恒生指数,恒生科技|确认强市(连续1d)",offensive,,
2024-12-18,2024-12-19,False,False,False,"MA120|true_weak=0/6(0%)|强:沪深300,创业板,科创50,中证500,恒生指数,恒生科技|确认强市(连续1d)",offensive,,
2024-12-19,2024-12-20,False,False,False,"MA120|true_weak=0/6(0%)|强:沪深300,创业板,科创50,中证500,恒生指数,恒生科技|确认强市(连续1d)",offensive,,
2024-12-20,2024-12-23,False,False,False,"MA120|true_weak=0/6(0%)|强:沪深300,创业板,科创50,中证500,恒生指数,恒生科技|确认强市(连续1d)",offensive,,
2024-12-23,2024-12-24,False,False,False,"MA120|true_weak=0/6(0%)|强:沪深300,创业板,科创50,中证500,恒生指数,恒生科技|确认强市(连续1d)",offensive,,
2024-12-24,2024-12-25,False,False,False,"MA120|true_weak=0/6(0%)|强:沪深300,创业板,科创50,中证500,恒生指数,恒生科技|确认强市(连续1d)",offensive,,
2024-12-25,2024-12-26,False,False,False,"MA120|true_weak=0/4(0%)|强:沪深300,创业板,科创50,中证500|确认强市(连续1d)",offensive,,
2024-12-26,2024-12-27,False,False,False,"MA120|true_weak=0/4(0%)|强:沪深300,创业板,科创50,中证500|确认强市(连续1d)",offensive,,
2024-12-27,2024-12-30,False,False,False,"MA120|true_weak=0/6(0%)|强:沪深300,创业板,科创50,中证500,恒生指数,恒生科技|确认强市(连续1d)",offensive,,
2024-12-30,2024-12-31,False,False,False,"MA120|true_weak=0/6(0%)|强:沪深300,创业板,科创50,中证500,恒生指数,恒生科技|确认强市(连续1d)",offensive,,
2024-12-31,2025-01-02,False,False,False,"MA120|true_weak=0/6(0%)|强:沪深300,创业板,科创50,中证500,恒生指数,恒生科技|确认强市(连续1d)",offensive,,
2025-01-02,2025-01-03,False,False,False,"MA120|true_weak=0/6(0%)|强:沪深300,创业板,科创50,中证500,恒生指数,恒生科技|确认强市(连续1d)",offensive,,
2025-01-03,2025-01-06,True,False,False,"MA120|true_weak=0/6(0%)|强:沪深300,创业板,科创50,中证500,恒生指数,恒生科技|确认强市(连续1d)",offensive,香港证券;科创芯片,513090:50.0%;588200:50.0%
2025-01-06,2025-01-07,False,False,False,"MA120|true_weak=0/6(0%)|强:沪深300,创业板,科创50,中证500,恒生指数,恒生科技|确认强市(连续1d)",offensive,,
2025-01-07,2025-01-08,False,False,False,"MA120|true_weak=0/6(0%)|强:沪深300,创业板,科创50,中证500,恒生指数,恒生科技|确认强市(连续1d)",offensive,,
2025-01-08,2025-01-09,False,False,False,"MA120|true_weak=0/6(0%)|强:沪深300,创业板,科创50,中证500,恒生指数,恒生科技|确认强市(连续1d)",offensive,,
2025-01-09,2025-01-10,False,False,False,"MA120|true_weak=0/6(0%)|强:沪深300,创业板,科创50,中证500,恒生指数,恒生科技|确认强市(连续1d)",offensive,,
2025-01-10,2025-01-13,False,False,False,"MA120|true_weak=0/6(0%)|假弱(忽略):恒生指数|强:沪深300,创业板,科创50,中证500,恒生科技|确认强市(连续1d)",offensive,,
2025-01-13,2025-01-14,False,False,False,"MA120|true_weak=0/6(0%)|假弱(忽略):恒生指数|强:沪深300,创业板,科创50,中证500,恒生科技|确认强市(连续1d)",offensive,,
2025-01-14,2025-01-15,False,False,False,"MA120|true_weak=0/6(0%)|强:沪深300,创业板,科创50,中证500,恒生指数,恒生科技|确认强市(连续1d)",offensive,,
2025-01-15,2025-01-16,False,False,False,"MA120|true_weak=0/6(0%)|强:沪深300,创业板,科创50,中证500,恒生指数,恒生科技|确认强市(连续1d)",offensive,,
2025-01-16,2025-01-17,False,False,False,"MA120|true_weak=0/6(0%)|强:沪深300,创业板,科创50,中证500,恒生指数,恒生科技|确认强市(连续1d)",offensive,,
2025-01-17,2025-01-20,False,False,False,"MA120|true_weak=0/6(0%)|强:沪深300,创业板,科创50,中证500,恒生指数,恒生科技|确认强市(连续1d)",offensive,,
2025-01-20,2025-01-21,False,False,False,"MA120|true_weak=0/6(0%)|强:沪深300,创业板,科创50,中证500,恒生指数,恒生科技|确认强市(连续1d)",offensive,,
2025-01-21,2025-01-22,False,False,False,"MA120|true_weak=0/6(0%)|强:沪深300,创业板,科创50,中证500,恒生指数,恒生科技|确认强市(连续1d)",offensive,,
2025-01-22,2025-01-23,False,False,False,"MA120|true_weak=0/6(0%)|强:沪深300,创业板,科创50,中证500,恒生指数,恒生科技|确认强市(连续1d)",offensive,,
2025-01-23,2025-01-24,False,False,False,"MA120|true_weak=0/6(0%)|强:沪深300,创业板,科创50,中证500,恒生指数,恒生科技|确认强市(连续1d)",offensive,,
2025-01-24,2025-01-27,False,False,False,"MA120|true_weak=0/6(0%)|强:沪深300,创业板,科创50,中证500,恒生指数,恒生科技|确认强市(连续1d)",offensive,,
2025-01-27,2025-02-05,False,False,False,"MA120|true_weak=0/6(0%)|强:沪深300,创业板,科创50,中证500,恒生指数,恒生科技|确认强市(连续1d)",offensive,,
2025-02-05,2025-02-06,False,False,False,"MA120|true_weak=0/6(0%)|强:沪深300,创业板,科创50,中证500,恒生指数,恒生科技|确认强市(连续1d)",offensive,,
2025-02-06,2025-02-07,True,False,False,"MA120|true_weak=0/6(0%)|强:沪深300,创业板,科创50,中证500,恒生指数,恒生科技|确认强市(连续1d)",offensive,香港证券;科创芯片,513090:50.0%;588200:50.0%
2025-02-07,2025-02-10,False,False,False,"MA120|true_weak=0/6(0%)|强:沪深300,创业板,科创50,中证500,恒生指数,恒生科技|确认强市(连续1d)",offensive,,
2025-02-10,2025-02-11,False,False,False,"MA120|true_weak=0/6(0%)|强:沪深300,创业板,科创50,中证500,恒生指数,恒生科技|确认强市(连续1d)",offensive,,
2025-02-11,2025-02-12,False,False,False,"MA120|true_weak=0/6(0%)|强:沪深300,创业板,科创50,中证500,恒生指数,恒生科技|确认强市(连续1d)",offensive,,
2025-02-12,2025-02-13,False,False,False,"MA120|true_weak=0/6(0%)|强:沪深300,创业板,科创50,中证500,恒生指数,恒生科技|确认强市(连续1d)",offensive,,
2025-02-13,2025-02-14,False,False,False,"MA120|true_weak=0/6(0%)|强:沪深300,创业板,科创50,中证500,恒生指数,恒生科技|确认强市(连续1d)",offensive,,
2025-02-14,2025-02-17,False,False,False,"MA120|true_weak=0/6(0%)|强:沪深300,创业板,科创50,中证500,恒生指数,恒生科技|确认强市(连续1d)",offensive,,
2025-02-17,2025-02-18,False,False,False,"MA120|true_weak=0/6(0%)|强:沪深300,创业板,科创50,中证500,恒生指数,恒生科技|确认强市(连续1d)",offensive,,
2025-02-18,2025-02-19,False,False,False,"MA120|true_weak=0/6(0%)|强:沪深300,创业板,科创50,中证500,恒生指数,恒生科技|确认强市(连续1d)",offensive,,
2025-02-19,2025-02-20,False,False,False,"MA120|true_weak=0/6(0%)|强:沪深300,创业板,科创50,中证500,恒生指数,恒生科技|确认强市(连续1d)",offensive,,
2025-02-20,2025-02-21,False,False,False,"MA120|true_weak=0/6(0%)|强:沪深300,创业板,科创50,中证500,恒生指数,恒生科技|确认强市(连续1d)",offensive,,
2025-02-21,2025-02-24,False,False,False,"MA120|true_weak=0/6(0%)|强:沪深300,创业板,科创50,中证500,恒生指数,恒生科技|确认强市(连续1d)",offensive,,
2025-02-24,2025-02-25,False,False,False,"MA120|true_weak=0/6(0%)|强:沪深300,创业板,科创50,中证500,恒生指数,恒生科技|确认强市(连续1d)",offensive,,
2025-02-25,2025-02-26,False,False,False,"MA120|true_weak=0/6(0%)|强:沪深300,创业板,科创50,中证500,恒生指数,恒生科技|确认强市(连续1d)",offensive,,
2025-02-26,2025-02-27,False,False,False,"MA120|true_weak=0/6(0%)|强:沪深300,创业板,科创50,中证500,恒生指数,恒生科技|确认强市(连续1d)",offensive,,
2025-02-27,2025-02-28,False,False,False,"MA120|true_weak=0/6(0%)|强:沪深300,创业板,科创50,中证500,恒生指数,恒生科技|确认强市(连续1d)",offensive,,
2025-02-28,2025-03-03,False,False,False,"MA120|true_weak=0/6(0%)|强:沪深300,创业板,科创50,中证500,恒生指数,恒生科技|确认强市(连续1d)",offensive,,
2025-03-03,2025-03-04,False,False,False,"MA120|true_weak=0/6(0%)|强:沪深300,创业板,科创50,中证500,恒生指数,恒生科技|确认强市(连续1d)",offensive,,
2025-03-04,2025-03-05,True,False,False,"MA120|true_weak=0/6(0%)|强:沪深300,创业板,科创50,中证500,恒生指数,恒生科技|确认强市(连续1d)",offensive,香港证券;科创芯片,513090:50.0%;588200:50.0%
2025-03-05,2025-03-06,False,False,False,"MA120|true_weak=0/6(0%)|强:沪深300,创业板,科创50,中证500,恒生指数,恒生科技|确认强市(连续1d)",offensive,,
2025-03-06,2025-03-07,False,False,False,"MA120|true_weak=0/6(0%)|强:沪深300,创业板,科创50,中证500,恒生指数,恒生科技|确认强市(连续1d)",offensive,,
2025-03-07,2025-03-10,False,False,False,"MA120|true_weak=0/6(0%)|强:沪深300,创业板,科创50,中证500,恒生指数,恒生科技|确认强市(连续1d)",offensive,,
2025-03-10,2025-03-11,False,False,False,"MA120|true_weak=0/6(0%)|强:沪深300,创业板,科创50,中证500,恒生指数,恒生科技|确认强市(连续1d)",offensive,,
2025-03-11,2025-03-12,False,False,False,"MA120|true_weak=0/6(0%)|强:沪深300,创业板,科创50,中证500,恒生指数,恒生科技|确认强市(连续1d)",offensive,,
2025-03-12,2025-03-13,False,False,False,"MA120|true_weak=0/6(0%)|强:沪深300,创业板,科创50,中证500,恒生指数,恒生科技|确认强市(连续1d)",offensive,,
2025-03-13,2025-03-14,False,False,False,"MA120|true_weak=0/6(0%)|强:沪深300,创业板,科创50,中证500,恒生指数,恒生科技|确认强市(连续1d)",offensive,,
2025-03-14,2025-03-17,False,False,False,"MA120|true_weak=0/6(0%)|强:沪深300,创业板,科创50,中证500,恒生指数,恒生科技|确认强市(连续1d)",offensive,,
2025-03-17,2025-03-18,False,False,False,"MA120|true_weak=0/6(0%)|强:沪深300,创业板,科创50,中证500,恒生指数,恒生科技|确认强市(连续1d)",offensive,,
2025-03-18,2025-03-19,False,False,False,"MA120|true_weak=0/6(0%)|强:沪深300,创业板,科创50,中证500,恒生指数,恒生科技|确认强市(连续1d)",offensive,,
2025-03-19,2025-03-20,False,False,False,"MA120|true_weak=0/6(0%)|强:沪深300,创业板,科创50,中证500,恒生指数,恒生科技|确认强市(连续1d)",offensive,,
2025-03-20,2025-03-21,False,False,False,"MA120|true_weak=0/6(0%)|死叉:2|强:沪深300,创业板,科创50,中证500,恒生指数,恒生科技|确认强市(连续1d)",offensive,,
2025-03-21,2025-03-24,False,False,False,"MA120|true_weak=1/6(17%)|弱:创业板|死叉:2|强:沪深300,科创50,中证500,恒生指数,恒生科技|确认强市(连续1d)",offensive,,
2025-03-24,2025-03-25,False,False,False,"MA120|true_weak=1/6(17%)|弱:创业板|死叉:2|强:沪深300,科创50,中证500,恒生指数,恒生科技|确认强市(连续1d)",offensive,,
2025-03-25,2025-03-26,False,False,False,"MA120|true_weak=1/6(17%)|弱:创业板|死叉:2|强:沪深300,科创50,中证500,恒生指数,恒生科技|确认强市(连续1d)",offensive,,
2025-03-26,2025-03-27,False,False,False,"MA120|true_weak=1/6(17%)|弱:创业板|死叉:2|强:沪深300,科创50,中证500,恒生指数,恒生科技|确认强市(连续1d)",offensive,,
2025-03-27,2025-03-28,False,False,False,"MA120|true_weak=1/6(17%)|弱:创业板|死叉:2|强:沪深300,科创50,中证500,恒生指数,恒生科技|确认强市(连续1d)",offensive,,
2025-03-28,2025-03-31,False,False,False,"MA120|true_weak=2/6(33%)|弱:沪深300,创业板|死叉:2|强:科创50,中证500,恒生指数,恒生科技|确认强市(连续1d)",offensive,,
2025-03-31,2025-04-01,False,False,False,"MA120|true_weak=2/6(33%)|弱:沪深300,创业板|死叉:2|强:科创50,中证500,恒生指数,恒生科技|确认强市(连续1d)",offensive,,
2025-04-01,2025-04-02,False,False,False,"MA120|true_weak=2/6(33%)|弱:沪深300,创业板|死叉:2|强:科创50,中证500,恒生指数,恒生科技|确认强市(连续1d)",offensive,,
2025-04-02,2025-04-03,True,False,False,"MA120|true_weak=2/6(33%)|弱:沪深300,创业板|死叉:2|强:科创50,中证500,恒生指数,恒生科技|确认强市(连续1d)",offensive,科创芯片;香港证券,588200:50.0%;513090:50.0%
2025-04-03,2025-04-07,False,False,False,"MA120|true_weak=2/6(33%)|弱:沪深300,创业板|死叉:2|假弱(忽略):中证500|强:科创50,恒生指数,恒生科技|确认强市(连续1d)",offensive,,
2025-04-07,2025-04-08,False,False,False,"MA120|true_weak=2/6(33%)|弱:沪深300,创业板|死叉:2|假弱(忽略):科创50,中证500,恒生指数,恒生科技|确认强市(连续1d)",offensive,,
2025-04-08,2025-04-09,False,False,False,"MA120|true_weak=2/6(33%)|弱:沪深300,创业板|死叉:2|假弱(忽略):科创50,中证500,恒生指数,恒生科技|确认强市(连续1d)",offensive,,
2025-04-09,2025-04-10,False,False,False,"MA120|true_weak=2/6(33%)|弱:沪深300,创业板|死叉:2|假弱(忽略):科创50,中证500,恒生指数,恒生科技|确认强市(连续1d)",offensive,,
2025-04-10,2025-04-11,False,False,False,"MA120|true_weak=2/6(33%)|弱:沪深300,创业板|死叉:2|假弱(忽略):科创50,中证500,恒生指数,恒生科技|确认强市(连续1d)",offensive,,
2025-04-11,2025-04-14,False,False,False,"MA120|true_weak=2/6(33%)|弱:沪深300,创业板|死叉:2|假弱(忽略):中证500,恒生指数|强:科创50,恒生科技|确认强市(连续1d)",offensive,,
2025-04-14,2025-04-15,False,False,False,"MA120|true_weak=2/6(33%)|弱:沪深300,创业板|死叉:2|假弱(忽略):中证500|强:科创50,恒生指数,恒生科技|确认强市(连续1d)",offensive,,
2025-04-15,2025-04-16,False,False,False,"MA120|true_weak=2/6(33%)|弱:沪深300,创业板|死叉:2|假弱(忽略):科创50,中证500|强:恒生指数,恒生科技|确认强市(连续1d)",offensive,,
2025-04-16,2025-04-17,False,False,False,"MA120|true_weak=2/6(33%)|弱:沪深300,创业板|死叉:2|假弱(忽略):中证500,恒生指数,恒生科技|强:科创50|确认强市(连续1d)",offensive,,
2025-04-17,2025-04-18,False,False,False,"MA120|true_weak=2/6(33%)|弱:沪深300,创业板|死叉:2|假弱(忽略):中证500,恒生科技|强:科创50,恒生指数|确认强市(连续1d)",offensive,,
2025-04-18,2025-04-21,False,False,False,"MA120|true_weak=2/4(50%)|弱:沪深300,创业板|死叉:2|假弱(忽略):科创50,中证500|⚠高确信弱市|待确认弱市(1/2d)",offensive,,
2025-04-21,2025-04-22,False,True,True,"MA120|true_weak=2/4(50%)|弱:沪深300,创业板|死叉:2|假弱(忽略):中证500|强:科创50|⚠高确信弱市|确认弱市(连续2d)",defensive,,
2025-04-22,2025-04-23,False,False,True,"MA120|true_weak=2/6(33%)|弱:沪深300,创业板|死叉:2|假弱(忽略):中证500,恒生科技|强:科创50,恒生指数|冷却中(1/5d)→维持弱",defensive,,
2025-04-23,2025-04-24,False,False,True,"MA120|true_weak=2/6(33%)|弱:沪深300,创业板|MA↓:创业板|死叉:2|假弱(忽略):科创50,中证500|强:恒生指数,恒生科技|冷却中(2/5d)→维持弱",defensive,,
2025-04-24,2025-04-25,False,False,True,"MA120|true_weak=2/6(33%)|弱:沪深300,创业板|MA↓:创业板|死叉:2|假弱(忽略):科创50,中证500|强:恒生指数,恒生科技|冷却中(3/5d)→维持弱",defensive,,
2025-04-25,2025-04-28,False,False,True,"MA120|true_weak=2/6(33%)|弱:沪深300,创业板|MA↓:创业板|死叉:2|假弱(忽略):科创50,中证500|强:恒生指数,恒生科技|冷却中(4/5d)→维持弱",defensive,,
2025-04-28,2025-04-29,False,True,False,"MA120|true_weak=2/6(33%)|弱:沪深300,创业板|MA↓:沪深300,创业板|死叉:2|假弱(忽略):科创50,中证500|强:恒生指数,恒生科技|确认强市(连续1d)",offensive,科创芯片;港股创新药,588200:50.0%;513120:50.0%
2025-04-29,2025-04-30,False,False,False,"MA120|true_weak=2/6(33%)|弱:沪深300,创业板|MA↓:沪深300,创业板|死叉:2|假弱(忽略):科创50,中证500|强:恒生指数,恒生科技|冷却中(1/5d)→维持强",offensive,,
2025-04-30,2025-05-06,False,False,False,"MA120|true_weak=2/6(33%)|弱:沪深300,创业板|MA↓:沪深300,创业板|死叉:2|假弱(忽略):科创50,中证500|强:恒生指数,恒生科技|冷却中(2/5d)→维持强",offensive,,
2025-05-06,2025-05-07,False,False,False,"MA120|true_weak=2/6(33%)|弱:沪深300,创业板|MA↓:沪深300,创业板|死叉:2|假弱(忽略):中证500|强:科创50,恒生指数,恒生科技|冷却中(3/5d)→维持强",offensive,,
2025-05-07,2025-05-08,True,False,False,"MA120|true_weak=3/6(50%)|弱:沪深300,创业板,中证500|MA↓:沪深300,创业板|死叉:3|强:科创50,恒生指数,恒生科技|⚠高确信弱市|冷却中(4/5d)→维持强",offensive,恒生科技;科创芯片,513130:50.0%;588200:50.0%
2025-05-08,2025-05-09,False,False,False,"MA120|true_weak=3/6(50%)|弱:沪深300,创业板,中证500|MA↓:沪深300,创业板|死叉:3|强:科创50,恒生指数,恒生科技|⚠高确信弱市|待确认弱市(1/2d)",offensive,,
2025-05-09,2025-05-12,False,True,True,"MA120|true_weak=3/6(50%)|弱:沪深300,创业板,中证500|MA↓:沪深300,创业板|死叉:3|假弱(忽略):科创50|强:恒生指数,恒生科技|⚠高确信弱市|确认弱市(连续2d)",defensive,,
2025-05-12,2025-05-13,False,False,True,"MA120|true_weak=2/6(33%)|弱:创业板,中证500|MA↓:沪深300,创业板|死叉:3|假弱(忽略):科创50|强:恒生指数,恒生科技|冷却中(1/5d)→维持弱",defensive,,
2025-05-13,2025-05-14,False,False,True,"MA120|true_weak=2/6(33%)|弱:创业板,中证500|MA↓:沪深300,创业板,中证500|死叉:3|假弱(忽略):科创50|强:恒生指数,恒生科技|冷却中(2/5d)→维持弱",defensive,,
2025-05-14,2025-05-15,False,False,True,"MA120|true_weak=2/6(33%)|弱:创业板,中证500|MA↓:沪深300,创业板,中证500|死叉:3|假弱(忽略):科创50|强:恒生指数,恒生科技|冷却中(3/5d)→维持弱",defensive,,
2025-05-15,2025-05-16,False,False,True,"MA120|true_weak=2/6(33%)|弱:创业板,中证500|MA↓:沪深300,创业板,中证500|死叉:3|假弱(忽略):科创50|强:恒生指数,恒生科技|冷却中(4/5d)→维持弱",defensive,,
2025-05-16,2025-05-19,False,True,False,"MA120|true_weak=2/6(33%)|弱:创业板,中证500|MA↓:沪深300,创业板,中证500|死叉:3|假弱(忽略):科创50|强:恒生指数,恒生科技|确认强市(连续1d)",offensive,恒生科技;港股创新药,513130:50.0%;513120:50.0%
2025-05-19,2025-05-20,False,False,False,"MA120|true_weak=3/6(50%)|弱:沪深300,创业板,中证500|MA↓:沪深300,创业板,中证500|死叉:3|假弱(忽略):科创50|强:恒生指数,恒生科技|⚠高确信弱市|冷却中(1/5d)→维持强",offensive,,
2025-05-20,2025-05-21,False,False,False,"MA120|true_weak=2/6(33%)|弱:创业板,中证500|MA↓:沪深300,创业板,中证500|死叉:3|假弱(忽略):科创50|强:恒生指数,恒生科技|冷却中(2/5d)→维持强",offensive,,
2025-05-21,2025-05-22,False,False,False,"MA120|true_weak=2/6(33%)|弱:创业板,中证500|MA↓:沪深300,创业板,中证500|死叉:3|假弱(忽略):科创50|强:恒生指数,恒生科技|冷却中(3/5d)→维持强",offensive,,
2025-05-22,2025-05-23,False,False,False,"MA120|true_weak=2/6(33%)|弱:创业板,中证500|MA↓:沪深300,创业板,中证500|死叉:3|假弱(忽略):科创50|强:恒生指数,恒生科技|冷却中(4/5d)→维持强",offensive,,
2025-05-23,2025-05-26,False,False,False,"MA120|true_weak=2/6(33%)|弱:创业板,中证500|MA↓:沪深300,创业板,中证500|死叉:3|假弱(忽略):科创50|强:恒生指数,恒生科技|确认强市(连续1d)",offensive,,
2025-05-26,2025-05-27,False,False,False,"MA120|true_weak=3/6(50%)|弱:沪深300,创业板,中证500|MA↓:沪深300,创业板,中证500|死叉:3|假弱(忽略):科创50|强:恒生指数,恒生科技|⚠高确信弱市|待确认弱市(1/2d)",offensive,,
2025-05-27,2025-05-28,False,True,True,"MA120|true_weak=3/6(50%)|弱:沪深300,创业板,中证500|MA↓:沪深300,创业板,中证500|死叉:3|假弱(忽略):科创50|强:恒生指数,恒生科技|⚠高确信弱市|确认弱市(连续2d)",defensive,纳指,513100:100.0%
2025-05-28,2025-05-29,False,False,True,"MA120|true_weak=4/6(67%)|弱:沪深300,创业板,科创50,中证500|MA↓:沪深300,创业板,中证500|死叉:4|强:恒生指数,恒生科技|⚠高确信弱市|冷却中(1/5d)→维持弱",defensive,,
2025-05-29,2025-05-30,False,False,True,"MA120|true_weak=4/6(67%)|弱:沪深300,创业板,科创50,中证500|MA↓:沪深300,创业板,中证500|死叉:4|强:恒生指数,恒生科技|⚠高确信弱市|冷却中(2/5d)→维持弱",defensive,,
2025-05-30,2025-06-03,False,False,True,"MA120|true_weak=4/6(67%)|弱:沪深300,创业板,科创50,中证500|MA↓:沪深300,创业板,中证500|死叉:4|强:恒生指数,恒生科技|⚠高确信弱市|冷却中(3/5d)→维持弱",defensive,,
2025-06-03,2025-06-04,False,False,True,"MA120|true_weak=4/6(67%)|弱:沪深300,创业板,科创50,中证500|MA↓:创业板,中证500|死叉:4|强:恒生指数,恒生科技|⚠高确信弱市|冷却中(4/5d)→维持弱",defensive,,
2025-06-04,2025-06-05,True,False,True,"MA120|true_weak=4/6(67%)|弱:沪深300,创业板,科创50,中证500|MA↓:创业板,中证500|死叉:4|强:恒生指数,恒生科技|⚠高确信弱市",defensive,纳指,513100:100.0%
2025-06-05,2025-06-06,False,False,True,"MA120|true_weak=3/6(50%)|弱:创业板,科创50,中证500|MA↓:创业板,中证500|死叉:4|强:恒生指数,恒生科技|⚠高确信弱市|确认弱市(连续2d)",defensive,,
2025-06-06,2025-06-09,False,False,True,"MA120|true_weak=4/6(67%)|弱:沪深300,创业板,科创50,中证500|MA↓:创业板,中证500|死叉:4|强:恒生指数,恒生科技|⚠高确信弱市",defensive,,
2025-06-09,2025-06-10,False,True,False,"MA120|true_weak=2/6(33%)|弱:创业板,科创50|MA↓:创业板,中证500|死叉:4|强:恒生指数,恒生科技|确认强市(连续1d)",offensive,港股创新药;香港证券,513120:50.0%;513090:50.0%
2025-06-10,2025-06-11,False,False,False,"MA120|true_weak=4/6(67%)|弱:沪深300,创业板,科创50,中证500|MA↓:创业板,中证500|死叉:4|强:恒生指数,恒生科技|⚠高确信弱市|冷却中(1/5d)→维持强",offensive,,
2025-06-11,2025-06-12,False,False,False,"MA120|true_weak=2/6(33%)|弱:创业板,科创50|MA↓:创业板,中证500|死叉:4|强:恒生指数,恒生科技|冷却中(2/5d)→维持强",offensive,,
2025-06-12,2025-06-13,False,False,False,"MA120|true_weak=2/6(33%)|弱:创业板,科创50|MA↓:创业板,中证500|死叉:4|强:恒生指数,恒生科技|冷却中(3/5d)→维持强",offensive,,
2025-06-13,2025-06-16,False,False,False,"MA120|true_weak=4/6(67%)|弱:沪深300,创业板,科创50,中证500|MA↓:创业板|死叉:4|强:恒生指数,恒生科技|⚠高确信弱市|冷却中(4/5d)→维持强",offensive,,
2025-06-16,2025-06-17,False,False,False,"MA120|true_weak=3/6(50%)|弱:创业板,科创50,中证500|MA↓:创业板|死叉:4|强:恒生指数,恒生科技|⚠高确信弱市|待确认弱市(1/2d)",offensive,,
2025-06-17,2025-06-18,False,True,True,"MA120|true_weak=3/6(50%)|弱:创业板,科创50,中证500|MA↓:创业板|死叉:4|强:恒生指数,恒生科技|⚠高确信弱市|确认弱市(连续2d)",defensive,纳指,513100:100.0%
2025-06-18,2025-06-19,False,False,True,"MA120|true_weak=3/6(50%)|弱:创业板,科创50,中证500|MA↓:创业板,中证500|死叉:5|强:恒生指数,恒生科技|⚠高确信弱市|冷却中(1/5d)→维持弱",defensive,,
2025-06-19,2025-06-20,False,False,True,"MA120|true_weak=5/6(83%)|弱:沪深300,创业板,科创50,中证500,恒生科技|MA↓:创业板,中证500|死叉:5|强:恒生指数|⚠高确信弱市|冷却中(2/5d)→维持弱",defensive,,
2025-06-20,2025-06-23,False,False,True,"MA120|true_weak=5/6(83%)|弱:沪深300,创业板,科创50,中证500,恒生科技|MA↓:创业板,中证500|死叉:5|强:恒生指数|⚠高确信弱市|冷却中(3/5d)→维持弱",defensive,,
2025-06-23,2025-06-24,False,False,True,"MA120|true_weak=4/6(67%)|弱:沪深300,创业板,科创50,中证500|MA↓:创业板|死叉:4|强:恒生指数,恒生科技|⚠高确信弱市|冷却中(4/5d)→维持弱",defensive,,
2025-06-24,2025-06-25,False,True,False,"MA120|true_weak=2/6(33%)|弱:创业板,科创50|MA↓:创业板|死叉:4|强:恒生指数,恒生科技|确认强市(连续1d)",offensive,港股创新药;香港证券,513120:50.0%;513090:50.0%
2025-06-25,2025-06-26,False,False,False,"MA120|true_weak=1/6(17%)|弱:科创50|MA↓:创业板|死叉:4|强:恒生指数,恒生科技|冷却中(1/5d)→维持强",offensive,,
2025-06-26,2025-06-27,False,False,False,"MA120|true_weak=1/6(17%)|弱:科创50|MA↓:创业板|死叉:4|强:恒生指数,恒生科技|冷却中(2/5d)→维持强",offensive,,
2025-06-27,2025-06-30,False,False,False,"MA120|true_weak=1/6(17%)|弱:科创50|MA↓:创业板|死叉:4|强:恒生指数,恒生科技|冷却中(3/5d)→维持强",offensive,,
2025-06-30,2025-07-01,False,False,False,"MA120|true_weak=1/6(17%)|弱:科创50|MA↓:创业板|死叉:4|强:恒生指数,恒生科技|冷却中(4/5d)→维持强",offensive,,
2025-07-01,2025-07-02,False,False,False,MA120|true_weak=1/4(25%)|弱:科创50|MA↓:创业板|死叉:4|确认强市(连续1d),offensive,,
2025-07-02,2025-07-03,True,False,False,"MA120|true_weak=1/6(17%)|弱:科创50|MA↓:创业板|死叉:4|强:恒生指数,恒生科技|确认强市(连续1d)",offensive,港股创新药;香港证券,513120:50.0%;513090:50.0%
2025-07-03,2025-07-04,False,False,False,"MA120|true_weak=1/6(17%)|弱:科创50|MA↓:创业板|死叉:3|强:恒生指数,恒生科技|确认强市(连续1d)",offensive,,
2025-07-04,2025-07-07,False,False,False,MA120|true_weak=1/6(17%)|弱:科创50|MA↓:创业板|死叉:3|假弱(忽略):恒生科技|强:恒生指数|确认强市(连续1d),offensive,,
2025-07-07,2025-07-08,False,False,False,MA120|true_weak=1/6(17%)|弱:科创50|MA↓:创业板|死叉:3|假弱(忽略):恒生科技|强:恒生指数|确认强市(连续1d),offensive,,
2025-07-08,2025-07-09,False,False,False,"MA120|true_weak=1/6(17%)|弱:科创50|MA↓:创业板|死叉:3|强:恒生指数,恒生科技|确认强市(连续1d)",offensive,,
2025-07-09,2025-07-10,False,False,False,MA120|true_weak=1/6(17%)|弱:科创50|MA↓:创业板|死叉:3|假弱(忽略):恒生科技|强:恒生指数|确认强市(连续1d),offensive,,
2025-07-10,2025-07-11,False,False,False,MA120|true_weak=1/6(17%)|弱:科创50|死叉:3|假弱(忽略):恒生科技|强:恒生指数|确认强市(连续1d),offensive,,
2025-07-11,2025-07-14,False,False,False,"MA120|true_weak=2/6(33%)|弱:科创50,恒生科技|死叉:4|强:恒生指数|确认强市(连续1d)",offensive,,
2025-07-14,2025-07-15,False,False,False,"MA120|true_weak=1/6(17%)|弱:科创50|死叉:4|强:恒生指数,恒生科技|确认强市(连续1d)",offensive,,
2025-07-15,2025-07-16,False,False,False,"MA120|true_weak=1/6(17%)|弱:科创50|死叉:4|强:中证500,恒生指数,恒生科技|确认强市(连续1d)",offensive,,
2025-07-16,2025-07-17,False,False,False,"MA120|true_weak=1/6(17%)|弱:科创50|死叉:4|强:中证500,恒生指数,恒生科技|确认强市(连续1d)",offensive,,
2025-07-17,2025-07-18,False,False,False,"MA120|true_weak=1/6(17%)|弱:科创50|死叉:4|强:中证500,恒生指数,恒生科技|确认强市(连续1d)",offensive,,
2025-07-18,2025-07-21,False,False,False,"MA120|true_weak=1/6(17%)|弱:科创50|死叉:3|强:中证500,恒生指数,恒生科技|确认强市(连续1d)",offensive,,
2025-07-21,2025-07-22,False,False,False,"MA120|true_weak=1/6(17%)|弱:科创50|死叉:3|强:沪深300,创业板,中证500,恒生指数,恒生科技|确认强市(连续1d)",offensive,,
2025-07-22,2025-07-23,False,False,False,"MA120|true_weak=0/6(0%)|死叉:2|强:沪深300,创业板,中证500,恒生指数,恒生科技|确认强市(连续1d)",offensive,,
2025-07-23,2025-07-24,False,False,False,"MA120|true_weak=0/6(0%)|死叉:2|强:沪深300,创业板,中证500,恒生指数,恒生科技|确认强市(连续1d)",offensive,,
2025-07-24,2025-07-25,False,False,False,"MA120|true_weak=0/6(0%)|死叉:2|强:沪深300,创业板,中证500,恒生指数,恒生科技|确认强市(连续1d)",offensive,,
2025-07-25,2025-07-28,False,False,False,"MA120|true_weak=0/6(0%)|死叉:2|强:沪深300,创业板,中证500,恒生指数,恒生科技|确认强市(连续1d)",offensive,,
2025-07-28,2025-07-29,False,False,False,"MA120|true_weak=0/6(0%)|死叉:2|强:沪深300,创业板,科创50,中证500,恒生指数,恒生科技|确认强市(连续1d)",offensive,,
2025-07-29,2025-07-30,False,False,False,"MA120|true_weak=0/6(0%)|死叉:2|强:沪深300,创业板,科创50,中证500,恒生指数,恒生科技|确认强市(连续1d)",offensive,,
2025-07-30,2025-07-31,False,False,False,"MA120|true_weak=0/6(0%)|死叉:2|强:沪深300,创业板,科创50,中证500,恒生指数,恒生科技|确认强市(连续1d)",offensive,,
2025-07-31,2025-08-01,False,False,False,"MA120|true_weak=0/6(0%)|死叉:2|强:沪深300,创业板,科创50,中证500,恒生指数,恒生科技|确认强市(连续1d)",offensive,,
2025-08-01,2025-08-04,False,False,False,"MA120|true_weak=0/6(0%)|死叉:2|强:沪深300,创业板,科创50,中证500,恒生指数,恒生科技|确认强市(连续1d)",offensive,,
2025-08-04,2025-08-05,True,False,False,"MA120|true_weak=0/6(0%)|死叉:2|强:沪深300,创业板,科创50,中证500,恒生指数,恒生科技|确认强市(连续1d)",offensive,港股创新药;香港证券,513120:50.0%;513090:50.0%
2025-08-05,2025-08-06,False,False,False,"MA120|true_weak=0/6(0%)|死叉:2|强:沪深300,创业板,科创50,中证500,恒生指数,恒生科技|确认强市(连续1d)",offensive,,
2025-08-06,2025-08-07,False,False,False,"MA120|true_weak=0/6(0%)|死叉:2|强:沪深300,创业板,科创50,中证500,恒生指数,恒生科技|确认强市(连续1d)",offensive,,
2025-08-07,2025-08-08,False,False,False,"MA120|true_weak=0/6(0%)|死叉:2|强:沪深300,创业板,科创50,中证500,恒生指数,恒生科技|确认强市(连续1d)",offensive,,
2025-08-08,2025-08-11,False,False,False,"MA120|true_weak=0/6(0%)|死叉:2|强:沪深300,创业板,科创50,中证500,恒生指数,恒生科技|确认强市(连续1d)",offensive,,
2025-08-11,2025-08-12,False,False,False,"MA120|true_weak=0/6(0%)|死叉:2|强:沪深300,创业板,科创50,中证500,恒生指数,恒生科技|确认强市(连续1d)",offensive,,
2025-08-12,2025-08-13,False,False,False,"MA120|true_weak=0/6(0%)|死叉:2|强:沪深300,创业板,科创50,中证500,恒生指数,恒生科技|确认强市(连续1d)",offensive,,
2025-08-13,2025-08-14,False,False,False,"MA120|true_weak=0/6(0%)|死叉:1|强:沪深300,创业板,科创50,中证500,恒生指数,恒生科技|确认强市(连续1d)",offensive,,
2025-08-14,2025-08-15,False,False,False,"MA120|true_weak=0/6(0%)|死叉:1|强:沪深300,创业板,科创50,中证500,恒生指数,恒生科技|确认强市(连续1d)",offensive,,
2025-08-15,2025-08-18,False,False,False,"MA120|true_weak=0/6(0%)|死叉:1|强:沪深300,创业板,科创50,中证500,恒生指数,恒生科技|确认强市(连续1d)",offensive,,
2025-08-18,2025-08-19,False,False,False,"MA120|true_weak=0/6(0%)|死叉:1|强:沪深300,创业板,科创50,中证500,恒生指数,恒生科技|确认强市(连续1d)",offensive,,
2025-08-19,2025-08-20,False,False,False,"MA120|true_weak=0/6(0%)|死叉:1|强:沪深300,创业板,科创50,中证500,恒生指数,恒生科技|确认强市(连续1d)",offensive,,
2025-08-20,2025-08-21,False,False,False,"MA120|true_weak=0/6(0%)|死叉:1|强:沪深300,创业板,科创50,中证500,恒生指数,恒生科技|确认强市(连续1d)",offensive,,
2025-08-21,2025-08-22,False,False,False,"MA120|true_weak=0/6(0%)|强:沪深300,创业板,科创50,中证500,恒生指数,恒生科技|确认强市(连续1d)",offensive,,
2025-08-22,2025-08-25,False,False,False,"MA120|true_weak=0/6(0%)|强:沪深300,创业板,科创50,中证500,恒生指数|确认强市(连续1d)",offensive,,
2025-08-25,2025-08-26,False,False,False,"MA120|true_weak=0/6(0%)|强:沪深300,创业板,科创50,中证500,恒生指数|确认强市(连续1d)",offensive,,
2025-08-26,2025-08-27,False,False,False,"MA120|true_weak=0/6(0%)|强:沪深300,创业板,科创50,中证500,恒生指数|确认强市(连续1d)",offensive,,
2025-08-27,2025-08-28,False,False,False,"MA120|true_weak=0/6(0%)|强:沪深300,创业板,科创50,中证500,恒生指数|确认强市(连续1d)",offensive,,
2025-08-28,2025-08-29,False,False,False,"MA120|true_weak=0/6(0%)|强:沪深300,创业板,科创50,中证500,恒生指数|确认强市(连续1d)",offensive,,
2025-08-29,2025-09-01,False,False,False,"MA120|true_weak=0/6(0%)|强:沪深300,创业板,科创50,中证500,恒生指数|确认强市(连续1d)",offensive,,
2025-09-01,2025-09-02,False,False,False,"MA120|true_weak=0/6(0%)|强:沪深300,创业板,科创50,中证500,恒生指数|确认强市(连续1d)",offensive,,
2025-09-02,2025-09-03,True,False,False,"MA120|true_weak=0/6(0%)|强:沪深300,创业板,科创50,中证500,恒生指数|确认强市(连续1d)",offensive,港股创新药;通信,513120:50.0%;515880:50.0%
2025-09-03,2025-09-04,False,False,False,"MA120|true_weak=0/6(0%)|强:沪深300,创业板,科创50,中证500,恒生指数|确认强市(连续1d)",offensive,,
2025-09-04,2025-09-05,False,False,False,"MA120|true_weak=0/6(0%)|强:沪深300,创业板,科创50,中证500,恒生指数|确认强市(连续1d)",offensive,,
2025-09-05,2025-09-08,False,False,False,"MA120|true_weak=0/6(0%)|强:沪深300,创业板,科创50,中证500,恒生指数|确认强市(连续1d)",offensive,,
2025-09-08,2025-09-09,False,False,False,"MA120|true_weak=0/6(0%)|强:沪深300,创业板,科创50,中证500,恒生指数|确认强市(连续1d)",offensive,,
2025-09-09,2025-09-10,False,False,False,"MA120|true_weak=0/6(0%)|强:沪深300,创业板,科创50,中证500,恒生指数|确认强市(连续1d)",offensive,,
2025-09-10,2025-09-11,False,False,False,"MA120|true_weak=0/6(0%)|强:沪深300,创业板,科创50,中证500,恒生指数|确认强市(连续1d)",offensive,,
2025-09-11,2025-09-12,False,False,False,"MA120|true_weak=0/6(0%)|强:沪深300,创业板,科创50,中证500,恒生指数|确认强市(连续1d)",offensive,,
2025-09-12,2025-09-15,False,False,False,"MA120|true_weak=0/6(0%)|强:沪深300,创业板,科创50,中证500,恒生指数|确认强市(连续1d)",offensive,,
2025-09-15,2025-09-16,False,False,False,"MA120|true_weak=0/6(0%)|强:沪深300,创业板,科创50,中证500,恒生指数|确认强市(连续1d)",offensive,,
2025-09-16,2025-09-17,False,False,False,"MA120|true_weak=0/6(0%)|强:沪深300,创业板,科创50,中证500,恒生指数|确认强市(连续1d)",offensive,,
2025-09-17,2025-09-18,False,False,False,"MA120|true_weak=0/6(0%)|强:沪深300,创业板,科创50,中证500,恒生指数|确认强市(连续1d)",offensive,,
2025-09-18,2025-09-19,False,False,False,"MA120|true_weak=0/6(0%)|强:沪深300,创业板,科创50,中证500,恒生指数|确认强市(连续1d)",offensive,,
2025-09-19,2025-09-22,False,False,False,"MA120|true_weak=0/6(0%)|强:沪深300,创业板,科创50,中证500,恒生指数|确认强市(连续1d)",offensive,,
2025-09-22,2025-09-23,False,False,False,"MA120|true_weak=0/6(0%)|强:沪深300,创业板,科创50,中证500,恒生指数|确认强市(连续1d)",offensive,,
2025-09-23,2025-09-24,False,False,False,"MA120|true_weak=0/6(0%)|强:沪深300,创业板,科创50,中证500,恒生指数|确认强市(连续1d)",offensive,,
2025-09-24,2025-09-25,False,False,False,"MA120|true_weak=0/6(0%)|强:沪深300,创业板,科创50,中证500,恒生指数,恒生科技|确认强市(连续1d)",offensive,,
2025-09-25,2025-09-26,False,False,False,"MA120|true_weak=0/6(0%)|强:沪深300,创业板,科创50,中证500,恒生指数,恒生科技|确认强市(连续1d)",offensive,,
2025-09-26,2025-09-29,False,False,False,"MA120|true_weak=0/6(0%)|强:沪深300,创业板,科创50,中证500,恒生指数,恒生科技|确认强市(连续1d)",offensive,,
2025-09-29,2025-09-30,False,False,False,"MA120|true_weak=0/6(0%)|强:沪深300,创业板,科创50,中证500,恒生指数,恒生科技|确认强市(连续1d)",offensive,,
2025-09-30,2025-10-09,False,False,False,"MA120|true_weak=0/6(0%)|强:沪深300,创业板,科创50,中证500,恒生指数,恒生科技|确认强市(连续1d)",offensive,,
2025-10-09,2025-10-10,False,False,False,"MA120|true_weak=0/6(0%)|强:沪深300,创业板,科创50,中证500,恒生指数,恒生科技|确认强市(连续1d)",offensive,,
2025-10-10,2025-10-13,True,False,False,"MA120|true_weak=0/6(0%)|强:沪深300,创业板,科创50,中证500,恒生指数,恒生科技|确认强市(连续1d)",offensive,通信;科创芯片,515880:50.0%;588200:50.0%
2025-10-13,2025-10-14,False,False,False,"MA120|true_weak=0/6(0%)|强:沪深300,创业板,科创50,中证500,恒生指数,恒生科技|确认强市(连续1d)",offensive,,
2025-10-14,2025-10-15,False,False,False,"MA120|true_weak=0/6(0%)|强:沪深300,创业板,科创50,中证500,恒生指数,恒生科技|确认强市(连续1d)",offensive,,
2025-10-15,2025-10-16,False,False,False,"MA120|true_weak=0/6(0%)|强:沪深300,创业板,科创50,中证500,恒生指数,恒生科技|确认强市(连续1d)",offensive,,
2025-10-16,2025-10-17,False,False,False,"MA120|true_weak=0/6(0%)|强:沪深300,创业板,科创50,中证500,恒生指数,恒生科技|确认强市(连续1d)",offensive,,
2025-10-17,2025-10-20,False,False,False,"MA120|true_weak=0/6(0%)|强:沪深300,创业板,科创50,中证500,恒生指数,恒生科技|确认强市(连续1d)",offensive,,
2025-10-20,2025-10-21,False,False,False,"MA120|true_weak=0/6(0%)|强:沪深300,创业板,科创50,中证500,恒生指数,恒生科技|确认强市(连续1d)",offensive,,
2025-10-21,2025-10-22,False,False,False,"MA120|true_weak=0/6(0%)|强:沪深300,创业板,科创50,中证500,恒生指数,恒生科技|确认强市(连续1d)",offensive,,
2025-10-22,2025-10-23,False,False,False,"MA120|true_weak=0/6(0%)|强:沪深300,创业板,科创50,中证500,恒生指数,恒生科技|确认强市(连续1d)",offensive,,
2025-10-23,2025-10-24,False,False,False,"MA120|true_weak=0/6(0%)|强:沪深300,创业板,科创50,中证500,恒生指数,恒生科技|确认强市(连续1d)",offensive,,
2025-10-24,2025-10-27,False,False,False,"MA120|true_weak=0/6(0%)|强:沪深300,创业板,科创50,中证500,恒生指数,恒生科技|确认强市(连续1d)",offensive,,
2025-10-27,2025-10-28,False,False,False,"MA120|true_weak=0/6(0%)|强:沪深300,创业板,科创50,中证500,恒生指数,恒生科技|确认强市(连续1d)",offensive,,
2025-10-28,2025-10-29,False,False,False,"MA120|true_weak=0/6(0%)|强:沪深300,创业板,科创50,中证500,恒生指数,恒生科技|确认强市(连续1d)",offensive,,
2025-10-29,2025-10-30,False,False,False,"MA120|true_weak=0/4(0%)|强:沪深300,创业板,科创50,中证500|确认强市(连续1d)",offensive,,
2025-10-30,2025-10-31,False,False,False,"MA120|true_weak=0/6(0%)|强:沪深300,创业板,科创50,中证500,恒生指数,恒生科技|确认强市(连续1d)",offensive,,
2025-10-31,2025-11-03,False,False,False,"MA120|true_weak=0/6(0%)|强:沪深300,创业板,科创50,中证500,恒生指数,恒生科技|确认强市(连续1d)",offensive,,
2025-11-03,2025-11-04,False,False,False,"MA120|true_weak=0/6(0%)|强:沪深300,创业板,科创50,中证500,恒生指数,恒生科技|确认强市(连续1d)",offensive,,
2025-11-04,2025-11-05,True,False,False,"MA120|true_weak=0/6(0%)|强:沪深300,创业板,科创50,中证500,恒生指数,恒生科技|确认强市(连续1d)",offensive,通信;人工智能,515880:50.0%;159819:50.0%
2025-11-05,2025-11-06,False,False,False,"MA120|true_weak=0/6(0%)|强:沪深300,创业板,科创50,中证500,恒生指数,恒生科技|确认强市(连续1d)",offensive,,
2025-11-06,2025-11-07,False,False,False,"MA120|true_weak=0/6(0%)|强:沪深300,创业板,科创50,中证500,恒生指数,恒生科技|确认强市(连续1d)",offensive,,
2025-11-07,2025-11-10,False,False,False,"MA120|true_weak=0/6(0%)|强:沪深300,创业板,科创50,中证500,恒生指数,恒生科技|确认强市(连续1d)",offensive,,
2025-11-10,2025-11-11,False,False,False,"MA120|true_weak=0/6(0%)|强:沪深300,创业板,科创50,中证500,恒生指数,恒生科技|确认强市(连续1d)",offensive,,
2025-11-11,2025-11-12,False,False,False,"MA120|true_weak=0/6(0%)|强:沪深300,创业板,科创50,中证500,恒生指数,恒生科技|确认强市(连续1d)",offensive,,
2025-11-12,2025-11-13,False,False,False,"MA120|true_weak=0/6(0%)|强:沪深300,创业板,科创50,中证500,恒生指数,恒生科技|确认强市(连续1d)",offensive,,
2025-11-13,2025-11-14,False,False,False,"MA120|true_weak=0/6(0%)|强:沪深300,创业板,科创50,中证500,恒生指数,恒生科技|确认强市(连续1d)",offensive,,
2025-11-14,2025-11-17,False,False,False,"MA120|true_weak=0/6(0%)|强:沪深300,创业板,科创50,中证500,恒生指数,恒生科技|确认强市(连续1d)",offensive,,
2025-11-17,2025-11-18,False,False,False,"MA120|true_weak=0/6(0%)|强:沪深300,创业板,科创50,中证500,恒生指数,恒生科技|确认强市(连续1d)",offensive,,
2025-11-18,2025-11-19,False,False,False,"MA120|true_weak=0/6(0%)|假弱(忽略):恒生科技|强:沪深300,创业板,科创50,中证500,恒生指数|确认强市(连续1d)",offensive,,
2025-11-19,2025-11-20,False,False,False,"MA120|true_weak=0/6(0%)|假弱(忽略):恒生科技|强:沪深300,创业板,科创50,中证500,恒生指数|确认强市(连续1d)",offensive,,
2025-11-20,2025-11-21,False,False,False,"MA120|true_weak=0/6(0%)|假弱(忽略):恒生科技|强:沪深300,创业板,科创50,中证500,恒生指数|确认强市(连续1d)",offensive,,
2025-11-21,2025-11-24,False,False,False,"MA120|true_weak=0/6(0%)|假弱(忽略):恒生指数,恒生科技|强:沪深300,创业板,科创50,中证500|确认强市(连续1d)",offensive,,
2025-11-24,2025-11-25,False,False,False,"MA120|true_weak=0/6(0%)|假弱(忽略):恒生科技|强:沪深300,创业板,科创50,中证500,恒生指数|确认强市(连续1d)",offensive,,
2025-11-25,2025-11-26,False,False,False,"MA120|true_weak=0/6(0%)|假弱(忽略):恒生科技|强:沪深300,创业板,科创50,中证500,恒生指数|确认强市(连续1d)",offensive,,
2025-11-26,2025-11-27,False,False,False,"MA120|true_weak=0/6(0%)|假弱(忽略):恒生科技|强:沪深300,创业板,科创50,中证500,恒生指数|确认强市(连续1d)",offensive,,
2025-11-27,2025-11-28,False,False,False,"MA120|true_weak=0/6(0%)|假弱(忽略):恒生科技|强:沪深300,创业板,科创50,中证500,恒生指数|确认强市(连续1d)",offensive,,
2025-11-28,2025-12-01,False,False,False,"MA120|true_weak=0/6(0%)|假弱(忽略):恒生科技|强:沪深300,创业板,科创50,中证500,恒生指数|确认强市(连续1d)",offensive,,
2025-12-01,2025-12-02,False,False,False,"MA120|true_weak=0/6(0%)|假弱(忽略):恒生科技|强:沪深300,创业板,科创50,中证500,恒生指数|确认强市(连续1d)",offensive,,
2025-12-02,2025-12-03,True,False,False,"MA120|true_weak=0/6(0%)|假弱(忽略):恒生科技|强:沪深300,创业板,科创50,中证500,恒生指数|确认强市(连续1d)",offensive,通信;有色金属,515880:50.0%;512400:50.0%
2025-12-03,2025-12-04,False,False,False,"MA120|true_weak=0/6(0%)|假弱(忽略):恒生科技|强:沪深300,创业板,科创50,中证500,恒生指数|确认强市(连续1d)",offensive,,
2025-12-04,2025-12-05,False,False,False,"MA120|true_weak=0/6(0%)|假弱(忽略):恒生科技|强:沪深300,创业板,科创50,中证500,恒生指数|确认强市(连续1d)",offensive,,
2025-12-05,2025-12-08,False,False,False,"MA120|true_weak=0/6(0%)|假弱(忽略):恒生科技|强:沪深300,创业板,科创50,中证500,恒生指数|确认强市(连续1d)",offensive,,
2025-12-08,2025-12-09,False,False,False,"MA120|true_weak=0/6(0%)|假弱(忽略):恒生科技|强:沪深300,创业板,科创50,中证500,恒生指数|确认强市(连续1d)",offensive,,
2025-12-09,2025-12-10,False,False,False,"MA120|true_weak=0/6(0%)|假弱(忽略):恒生指数,恒生科技|强:沪深300,创业板,科创50,中证500|确认强市(连续1d)",offensive,,
2025-12-10,2025-12-11,False,False,False,"MA120|true_weak=0/6(0%)|假弱(忽略):恒生指数,恒生科技|强:沪深300,创业板,科创50,中证500|确认强市(连续1d)",offensive,,
2025-12-11,2025-12-12,False,False,False,"MA120|true_weak=0/6(0%)|假弱(忽略):恒生指数,恒生科技|强:沪深300,创业板,科创50,中证500|确认强市(连续1d)",offensive,,
2025-12-12,2025-12-15,False,False,False,"MA120|true_weak=0/6(0%)|假弱(忽略):恒生科技|强:沪深300,创业板,科创50,中证500,恒生指数|确认强市(连续1d)",offensive,,
2025-12-15,2025-12-16,False,False,False,"MA120|true_weak=0/6(0%)|假弱(忽略):恒生科技|强:沪深300,创业板,科创50,中证500,恒生指数|确认强市(连续1d)",offensive,,
2025-12-16,2025-12-17,False,False,False,"MA120|true_weak=0/6(0%)|假弱(忽略):恒生指数,恒生科技|强:沪深300,创业板,科创50,中证500|确认强市(连续1d)",offensive,,
2025-12-17,2025-12-18,False,False,False,"MA120|true_weak=0/6(0%)|假弱(忽略):恒生指数,恒生科技|强:沪深300,创业板,科创50,中证500|确认强市(连续1d)",offensive,,
2025-12-18,2025-12-19,False,False,False,"MA120|true_weak=0/6(0%)|假弱(忽略):恒生指数,恒生科技|强:沪深300,创业板,科创50,中证500|确认强市(连续1d)",offensive,,
2025-12-19,2025-12-22,False,False,False,"MA120|true_weak=0/6(0%)|假弱(忽略):恒生科技|强:沪深300,创业板,科创50,中证500,恒生指数|确认强市(连续1d)",offensive,,
2025-12-22,2025-12-23,False,False,False,"MA120|true_weak=1/6(17%)|弱:恒生科技|死叉:1|强:沪深300,创业板,科创50,中证500,恒生指数|确认强市(连续1d)",offensive,,
2025-12-23,2025-12-24,False,False,False,"MA120|true_weak=1/6(17%)|弱:恒生科技|死叉:1|强:沪深300,创业板,科创50,中证500,恒生指数|确认强市(连续1d)",offensive,,
2025-12-24,2025-12-25,False,False,False,"MA120|true_weak=1/6(17%)|弱:恒生科技|死叉:1|强:沪深300,创业板,科创50,中证500,恒生指数|确认强市(连续1d)",offensive,,
2025-12-25,2025-12-26,False,False,False,"MA120|true_weak=0/4(0%)|强:沪深300,创业板,科创50,中证500|确认强市(连续1d)",offensive,,
2025-12-26,2025-12-29,False,False,False,"MA120|true_weak=0/4(0%)|强:沪深300,创业板,科创50,中证500|确认强市(连续1d)",offensive,,
2025-12-29,2025-12-30,False,False,False,"MA120|true_weak=1/6(17%)|弱:恒生科技|死叉:1|假弱(忽略):恒生指数|强:沪深300,创业板,科创50,中证500|确认强市(连续1d)",offensive,,
2025-12-30,2025-12-31,False,False,False,"MA120|true_weak=1/6(17%)|弱:恒生科技|死叉:1|强:沪深300,创业板,科创50,中证500,恒生指数|确认强市(连续1d)",offensive,,
2025-12-31,2026-01-05,False,False,False,"MA120|true_weak=1/6(17%)|弱:恒生科技|死叉:1|假弱(忽略):恒生指数|强:沪深300,创业板,科创50,中证500|确认强市(连续1d)",offensive,,
2026-01-05,2026-01-06,False,False,False,"MA120|true_weak=1/6(17%)|弱:恒生科技|死叉:1|强:沪深300,创业板,科创50,中证500,恒生指数|确认强市(连续1d)",offensive,,
2026-01-06,2026-01-07,True,False,False,"MA120|true_weak=0/6(0%)|死叉:1|强:沪深300,创业板,科创50,中证500,恒生指数,恒生科技|确认强市(连续1d)",offensive,通信;有色金属,515880:50.0%;512400:50.0%
2026-01-07,2026-01-08,False,False,False,"MA120|true_weak=1/6(17%)|弱:恒生科技|死叉:1|强:沪深300,创业板,科创50,中证500,恒生指数|确认强市(连续1d)",offensive,,
2026-01-08,2026-01-09,False,False,False,"MA120|true_weak=1/6(17%)|弱:恒生科技|死叉:1|强:沪深300,创业板,科创50,中证500,恒生指数|确认强市(连续1d)",offensive,,
2026-01-09,2026-01-12,False,False,False,"MA120|true_weak=1/6(17%)|弱:恒生科技|死叉:1|强:沪深300,创业板,科创50,中证500,恒生指数|确认强市(连续1d)",offensive,,
2026-01-12,2026-01-13,False,False,False,"MA120|true_weak=0/6(0%)|死叉:1|强:沪深300,创业板,科创50,中证500,恒生指数,恒生科技|确认强市(连续1d)",offensive,,
2026-01-13,2026-01-14,False,False,False,"MA120|true_weak=0/6(0%)|死叉:1|强:沪深300,创业板,科创50,中证500,恒生指数,恒生科技|确认强市(连续1d)",offensive,,
2026-01-14,2026-01-15,False,False,False,"MA120|true_weak=0/6(0%)|死叉:1|强:沪深300,创业板,科创50,中证500,恒生指数,恒生科技|确认强市(连续1d)",offensive,,
2026-01-15,2026-01-16,False,False,False,"MA120|true_weak=0/6(0%)|死叉:1|强:沪深300,创业板,科创50,中证500,恒生指数,恒生科技|确认强市(连续1d)",offensive,,
2026-01-16,2026-01-19,False,False,False,"MA120|true_weak=0/6(0%)|死叉:1|强:沪深300,创业板,科创50,中证500,恒生指数,恒生科技|确认强市(连续1d)",offensive,,
2026-01-19,2026-01-20,False,False,False,"MA120|true_weak=1/6(17%)|弱:恒生科技|死叉:1|强:沪深300,创业板,科创50,中证500,恒生指数|确认强市(连续1d)",offensive,,
2026-01-20,2026-01-21,False,False,False,"MA120|true_weak=1/6(17%)|弱:恒生科技|死叉:1|强:沪深300,创业板,科创50,中证500,恒生指数|确认强市(连续1d)",offensive,,
2026-01-21,2026-01-22,False,False,False,"MA120|true_weak=1/6(17%)|弱:恒生科技|死叉:1|强:沪深300,创业板,科创50,中证500,恒生指数|确认强市(连续1d)",offensive,,
2026-01-22,2026-01-23,False,False,False,"MA120|true_weak=1/6(17%)|弱:恒生科技|死叉:1|强:沪深300,创业板,科创50,中证500,恒生指数|确认强市(连续1d)",offensive,,
2026-01-23,2026-01-26,False,False,False,"MA120|true_weak=1/6(17%)|弱:恒生科技|死叉:1|强:沪深300,创业板,科创50,中证500,恒生指数|确认强市(连续1d)",offensive,,
2026-01-26,2026-01-27,False,False,False,"MA120|true_weak=1/6(17%)|弱:恒生科技|死叉:1|强:沪深300,创业板,科创50,中证500,恒生指数|确认强市(连续1d)",offensive,,
2026-01-27,2026-01-28,False,False,False,"MA120|true_weak=1/6(17%)|弱:恒生科技|死叉:1|强:沪深300,创业板,科创50,中证500,恒生指数|确认强市(连续1d)",offensive,,
2026-01-28,2026-01-29,False,False,False,"MA120|true_weak=0/6(0%)|死叉:1|强:沪深300,创业板,科创50,中证500,恒生指数,恒生科技|确认强市(连续1d)",offensive,,
2026-01-29,2026-01-30,False,False,False,"MA120|true_weak=0/6(0%)|死叉:1|强:沪深300,创业板,科创50,中证500,恒生指数,恒生科技|确认强市(连续1d)",offensive,,
2026-01-30,2026-02-02,False,False,False,"MA120|true_weak=1/6(17%)|弱:恒生科技|死叉:1|强:沪深300,创业板,科创50,中证500,恒生指数|确认强市(连续1d)",offensive,,
2026-02-02,2026-02-03,False,False,False,"MA120|true_weak=1/6(17%)|弱:恒生科技|死叉:1|强:沪深300,创业板,科创50,中证500,恒生指数|确认强市(连续1d)",offensive,,
2026-02-03,2026-02-04,True,False,False,"MA120|true_weak=1/6(17%)|弱:恒生科技|死叉:1|强:沪深300,创业板,科创50,中证500,恒生指数|确认强市(连续1d)",offensive,有色金属;通信,512400:50.0%;515880:50.0%
2026-02-04,2026-02-05,False,False,False,"MA120|true_weak=1/6(17%)|弱:恒生科技|死叉:1|强:沪深300,创业板,科创50,中证500,恒生指数|确认强市(连续1d)",offensive,,
2026-02-05,2026-02-06,False,False,False,"MA120|true_weak=1/6(17%)|弱:恒生科技|死叉:1|强:沪深300,创业板,科创50,中证500,恒生指数|确认强市(连续1d)",offensive,,
2026-02-06,2026-02-09,False,False,False,"MA120|true_weak=1/6(17%)|弱:恒生科技|死叉:1|强:沪深300,创业板,科创50,中证500,恒生指数|确认强市(连续1d)",offensive,,
2026-02-09,2026-02-10,False,False,False,"MA120|true_weak=1/6(17%)|弱:恒生科技|死叉:1|强:沪深300,创业板,科创50,中证500,恒生指数|确认强市(连续1d)",offensive,,
2026-02-10,2026-02-11,False,False,False,"MA120|true_weak=1/6(17%)|弱:恒生科技|死叉:1|强:沪深300,创业板,科创50,中证500,恒生指数|确认强市(连续1d)",offensive,,
2026-02-11,2026-02-12,False,False,False,"MA120|true_weak=1/6(17%)|弱:恒生科技|死叉:1|强:沪深300,创业板,科创50,中证500,恒生指数|确认强市(连续1d)",offensive,,
2026-02-12,2026-02-13,False,False,False,"MA120|true_weak=1/6(17%)|弱:恒生科技|死叉:1|强:沪深300,创业板,科创50,中证500,恒生指数|确认强市(连续1d)",offensive,,
2026-02-13,2026-02-24,False,False,False,"MA120|true_weak=1/6(17%)|弱:恒生科技|死叉:1|强:沪深300,创业板,科创50,中证500,恒生指数|确认强市(连续1d)",offensive,,
2026-02-24,2026-02-25,False,False,False,"MA120|true_weak=1/6(17%)|弱:恒生科技|死叉:1|强:沪深300,创业板,科创50,中证500,恒生指数|确认强市(连续1d)",offensive,,
2026-02-25,2026-02-26,False,False,False,"MA120|true_weak=1/6(17%)|弱:恒生科技|死叉:1|强:沪深300,创业板,科创50,中证500,恒生指数|确认强市(连续1d)",offensive,,
2026-02-26,2026-02-27,False,False,False,"MA120|true_weak=1/6(17%)|弱:恒生科技|死叉:1|强:沪深300,创业板,科创50,中证500,恒生指数|确认强市(连续1d)",offensive,,
2026-02-27,2026-03-02,False,False,False,"MA120|true_weak=1/6(17%)|弱:恒生科技|MA↓:恒生科技|死叉:1|强:沪深300,创业板,科创50,中证500,恒生指数|确认强市(连续1d)",offensive,,
2026-03-02,2026-03-03,False,False,False,"MA120|true_weak=1/6(17%)|弱:恒生科技|MA↓:恒生科技|死叉:1|假弱(忽略):恒生指数|强:沪深300,创业板,科创50,中证500|确认强市(连续1d)",offensive,,
2026-03-03,2026-03-04,True,False,False,"MA120|true_weak=1/6(17%)|弱:恒生科技|MA↓:恒生科技|死叉:1|假弱(忽略):科创50,恒生指数|强:沪深300,创业板,中证500|确认强市(连续1d)",offensive,有色金属;半导体设备,512400:50.0%;159516:50.0%
2026-03-04,2026-03-05,False,False,False,"MA120|true_weak=1/6(17%)|弱:恒生科技|MA↓:恒生科技|死叉:1|假弱(忽略):沪深300,创业板,科创50,恒生指数|强:中证500|确认强市(连续1d)",offensive,,
2026-03-05,2026-03-06,False,False,False,"MA120|true_weak=1/6(17%)|弱:恒生科技|MA↓:恒生科技|死叉:1|假弱(忽略):恒生指数|强:沪深300,创业板,科创50,中证500|确认强市(连续1d)",offensive,,
2026-03-06,2026-03-09,False,False,False,"MA120|true_weak=1/6(17%)|弱:恒生科技|MA↓:恒生科技|死叉:1|假弱(忽略):恒生指数|强:沪深300,创业板,科创50,中证500|确认强市(连续1d)",offensive,,
2026-03-09,2026-03-10,False,False,False,"MA120|true_weak=1/6(17%)|弱:恒生科技|MA↓:恒生科技|死叉:1|假弱(忽略):沪深300,科创50,恒生指数|强:创业板,中证500|确认强市(连续1d)",offensive,,
2026-03-10,2026-03-11,False,False,False,"MA120|true_weak=1/6(17%)|弱:恒生科技|MA↓:恒生科技|死叉:1|假弱(忽略):恒生指数|强:沪深300,创业板,科创50,中证500|确认强市(连续1d)",offensive,,
2026-03-11,2026-03-12,False,False,False,"MA120|true_weak=1/6(17%)|弱:恒生科技|MA↓:恒生科技|死叉:1|假弱(忽略):科创50,恒生指数|强:沪深300,创业板,中证500|确认强市(连续1d)",offensive,,
2026-03-12,2026-03-13,False,False,False,"MA120|true_weak=1/6(17%)|弱:恒生科技|MA↓:恒生科技|死叉:1|假弱(忽略):科创50,恒生指数|强:沪深300,创业板,中证500|确认强市(连续1d)",offensive,,
2026-03-13,2026-03-16,False,False,False,"MA120|true_weak=1/6(17%)|弱:恒生科技|MA↓:恒生科技|死叉:1|假弱(忽略):科创50,恒生指数|强:沪深300,创业板,中证500|确认强市(连续1d)",offensive,,
2026-03-16,2026-03-17,False,False,False,"MA120|true_weak=1/6(17%)|弱:恒生科技|MA↓:恒生科技|死叉:1|假弱(忽略):科创50,恒生指数|强:沪深300,创业板,中证500|确认强市(连续1d)",offensive,,
2026-03-17,2026-03-18,False,False,False,"MA120|true_weak=1/6(17%)|弱:恒生科技|MA↓:恒生科技|死叉:1|假弱(忽略):科创50,恒生指数|强:沪深300,创业板,中证500|确认强市(连续1d)",offensive,,
2026-03-18,2026-03-19,False,False,False,"MA120|true_weak=1/6(17%)|弱:恒生科技|MA↓:恒生科技|死叉:1|假弱(忽略):科创50,恒生指数|强:沪深300,创业板,中证500|确认强市(连续1d)",offensive,,
2026-03-19,2026-03-20,False,False,False,"MA120|true_weak=1/6(17%)|弱:恒生科技|MA↓:恒生科技|死叉:1|假弱(忽略):沪深300,科创50,恒生指数|强:创业板,中证500|确认强市(连续1d)",offensive,,
2026-03-20,2026-03-23,False,False,False,"MA120|true_weak=1/6(17%)|弱:恒生科技|MA↓:恒生科技|死叉:1|假弱(忽略):沪深300,科创50,恒生指数|强:创业板,中证500|确认强市(连续1d)",offensive,,
2026-03-23,2026-03-24,False,False,False,"MA120|true_weak=1/6(17%)|弱:恒生科技|MA↓:恒生科技|死叉:1|假弱(忽略):沪深300,科创50,中证500,恒生指数|强:创业板|确认强市(连续1d)",offensive,,
2026-03-24,2026-03-25,False,False,False,"MA120|true_weak=1/6(17%)|弱:恒生科技|MA↓:恒生科技|死叉:1|假弱(忽略):沪深300,科创50,中证500,恒生指数|强:创业板|确认强市(连续1d)",offensive,,
2026-03-25,2026-03-26,False,False,False,"MA120|true_weak=1/6(17%)|弱:恒生科技|MA↓:恒生科技|死叉:1|假弱(忽略):沪深300,科创50,恒生指数|强:创业板,中证500|确认强市(连续1d)",offensive,,
2026-03-26,2026-03-27,False,False,False,"MA120|true_weak=1/6(17%)|弱:恒生科技|MA↓:恒生科技|死叉:1|假弱(忽略):沪深300,科创50,中证500,恒生指数|强:创业板|确认强市(连续1d)",offensive,,
2026-03-27,2026-03-30,False,False,False,"MA120|true_weak=1/6(17%)|弱:恒生科技|MA↓:恒生科技|死叉:1|假弱(忽略):沪深300,科创50,恒生指数|强:创业板,中证500|确认强市(连续1d)",offensive,,
2026-03-30,2026-03-31,False,False,False,"MA120|true_weak=1/6(17%)|弱:恒生科技|MA↓:恒生科技|死叉:1|假弱(忽略):沪深300,科创50,恒生指数|强:创业板,中证500|确认强市(连续1d)",offensive,,
2026-03-31,2026-04-01,False,False,False,"MA120|true_weak=2/6(33%)|弱:恒生指数,恒生科技|MA↓:恒生指数,恒生科技|死叉:1|假弱(忽略):沪深300,创业板,科创50,中证500|确认强市(连续1d)",offensive,,
2026-04-01,2026-04-02,False,False,False,"MA120|true_weak=2/6(33%)|弱:恒生指数,恒生科技|MA↓:恒生指数,恒生科技|死叉:1|假弱(忽略):沪深300,科创50|强:创业板,中证500|确认强市(连续1d)",offensive,,
2026-04-02,2026-04-03,True,False,False,"MA120|true_weak=2/6(33%)|弱:恒生指数,恒生科技|MA↓:恒生指数,恒生科技|死叉:1|假弱(忽略):沪深300,创业板,科创50,中证500|确认强市(连续1d)",offensive,通信;有色金属,515880:50.0%;512400:50.0%
2026-04-03,2026-04-07,False,False,False,"MA120|true_weak=0/4(0%)|假弱(忽略):沪深300,创业板,科创50,中证500|确认强市(连续1d)",offensive,,
2026-04-07,2026-04-08,False,False,False,"MA120|true_weak=0/4(0%)|假弱(忽略):沪深300,创业板,科创50,中证500|确认强市(连续1d)",offensive,,
2026-04-08,2026-04-09,False,False,False,"MA120|true_weak=3/6(50%)|弱:科创50,恒生指数,恒生科技|MA↓:科创50,恒生指数,恒生科技|死叉:1|假弱(忽略):沪深300|强:创业板,中证500|⚠高确信弱市|待确认弱市(1/2d)",offensive,,
2026-04-09,2026-04-10,False,True,True,"MA120|true_weak=3/6(50%)|弱:科创50,恒生指数,恒生科技|MA↓:科创50,恒生指数,恒生科技|死叉:1|假弱(忽略):沪深300|强:创业板,中证500|⚠高确信弱市|确认弱市(连续2d)",defensive,纳指,513100:100.0%
2026-04-10,2026-04-13,False,False,True,"MA120|true_weak=3/6(50%)|弱:科创50,恒生指数,恒生科技|MA↓:科创50,恒生指数,恒生科技|死叉:1|强:创业板,中证500|⚠高确信弱市|冷却中(1/5d)→维持弱",defensive,,
2026-04-13,2026-04-14,False,False,True,"MA120|true_weak=3/6(50%)|弱:科创50,恒生指数,恒生科技|MA↓:科创50,恒生指数,恒生科技|死叉:2|强:创业板,中证500|⚠高确信弱市|冷却中(2/5d)→维持弱",defensive,,
2026-04-14,2026-04-15,False,False,True,"MA120|true_weak=2/6(33%)|弱:恒生指数,恒生科技|MA↓:科创50,恒生指数,恒生科技|死叉:3|强:创业板,中证500|冷却中(3/5d)→维持弱",defensive,,
2026-04-15,2026-04-16,False,False,True,"MA120|true_weak=2/6(33%)|弱:恒生指数,恒生科技|MA↓:科创50,恒生指数,恒生科技|死叉:3|强:创业板,中证500|冷却中(4/5d)→维持弱",defensive,,
2026-04-16,2026-04-17,False,True,False,"MA120|true_weak=1/6(17%)|弱:恒生科技|MA↓:科创50,恒生指数,恒生科技|死叉:4|强:创业板,中证500|确认强市(连续1d)",offensive,通信;有色金属,515880:50.0%;512400:50.0%
2026-04-17,2026-04-20,False,False,False,"MA120|true_weak=1/6(17%)|弱:恒生科技|MA↓:科创50,恒生指数,恒生科技|死叉:4|强:创业板,中证500|冷却中(1/5d)→维持强",offensive,,
2026-04-20,2026-04-21,False,False,False,"MA120|true_weak=1/6(17%)|弱:恒生科技|MA↓:科创50,恒生指数,恒生科技|死叉:4|强:创业板,中证500|冷却中(2/5d)→维持强",offensive,,
2026-04-21,2026-04-22,False,False,False,"MA120|true_weak=1/6(17%)|弱:恒生科技|MA↓:科创50,恒生指数,恒生科技|死叉:4|强:创业板,中证500|冷却中(3/5d)→维持强",offensive,,
2026-04-22,2026-04-23,False,False,False,"MA120|true_weak=1/6(17%)|弱:恒生科技|MA↓:科创50,恒生科技|死叉:4|强:创业板,中证500|冷却中(4/5d)→维持强",offensive,,
2026-04-23,2026-04-24,False,False,False,"MA120|true_weak=2/6(33%)|弱:恒生指数,恒生科技|MA↓:科创50,恒生科技|死叉:4|强:创业板,中证500|确认强市(连续1d)",offensive,,
2026-04-24,2026-04-27,False,False,False,"MA120|true_weak=2/6(33%)|弱:恒生指数,恒生科技|MA↓:科创50,恒生科技|死叉:4|强:创业板,中证500|确认强市(连续1d)",offensive,,
2026-04-27,2026-04-28,False,False,False,"MA120|true_weak=2/6(33%)|弱:恒生指数,恒生科技|MA↓:科创50,恒生科技|死叉:4|强:创业板,中证500|确认强市(连续1d)",offensive,,
2026-04-28,2026-04-29,False,False,False,"MA120|true_weak=2/6(33%)|弱:恒生指数,恒生科技|MA↓:科创50,恒生科技|死叉:3|强:创业板,中证500|确认强市(连续1d)",offensive,,
2026-04-29,2026-04-30,False,False,False,"MA120|true_weak=1/6(17%)|弱:恒生科技|MA↓:科创50,恒生科技|死叉:3|强:创业板,中证500|确认强市(连续1d)",offensive,,
2026-04-30,2026-05-06,False,False,False,"MA120|true_weak=2/6(33%)|弱:恒生指数,恒生科技|MA↓:恒生科技|死叉:3|强:创业板,中证500|确认强市(连续1d)",offensive,,
2026-05-06,2026-05-07,False,False,False,"MA120|true_weak=1/6(17%)|弱:恒生科技|MA↓:恒生科技|死叉:3|强:创业板,中证500|确认强市(连续1d)",offensive,,
2026-05-07,2026-05-08,True,False,False,"MA120|true_weak=1/6(17%)|弱:恒生科技|MA↓:恒生科技|死叉:3|强:创业板,中证500|确认强市(连续1d)",offensive,通信;半导体设备,515880:50.0%;159516:50.0%
2026-05-08,2026-05-11,False,False,False,"MA120|true_weak=1/6(17%)|弱:恒生科技|MA↓:恒生科技|死叉:3|强:创业板,中证500|确认强市(连续1d)",offensive,,
2026-05-11,2026-05-12,False,False,False,"MA120|true_weak=1/6(17%)|弱:恒生科技|MA↓:恒生科技|死叉:2|强:创业板,科创50,中证500|确认强市(连续1d)",offensive,,
2026-05-12,2026-05-13,False,False,False,"MA120|true_weak=1/6(17%)|弱:恒生科技|MA↓:恒生科技|死叉:2|强:沪深300,创业板,科创50,中证500|确认强市(连续1d)",offensive,,
2026-05-13,2026-05-14,False,False,False,"MA120|true_weak=1/6(17%)|弱:恒生科技|MA↓:恒生科技|死叉:2|强:沪深300,创业板,科创50,中证500|确认强市(连续1d)",offensive,,
2026-05-14,2026-05-15,False,False,False,"MA120|true_weak=1/6(17%)|弱:恒生科技|MA↓:恒生科技|死叉:2|强:沪深300,创业板,科创50,中证500|确认强市(连续1d)",offensive,,
2026-05-15,2026-05-18,False,False,False,"MA120|true_weak=2/6(33%)|弱:恒生指数,恒生科技|MA↓:恒生科技|死叉:2|强:沪深300,创业板,科创50,中证500|确认强市(连续1d)",offensive,,
2026-05-18,2026-05-19,False,False,False,"MA120|true_weak=2/6(33%)|弱:恒生指数,恒生科技|MA↓:恒生科技|死叉:2|强:沪深300,创业板,科创50,中证500|确认强市(连续1d)",offensive,,
2026-05-19,2026-05-20,False,False,False,"MA120|true_weak=2/6(33%)|弱:恒生指数,恒生科技|MA↓:恒生科技|死叉:2|强:沪深300,创业板,科创50,中证500|确认强市(连续1d)",offensive,,
2026-05-20,2026-05-21,False,False,False,"MA120|true_weak=2/6(33%)|弱:恒生指数,恒生科技|MA↓:恒生科技|死叉:2|强:沪深300,创业板,科创50,中证500|确认强市(连续1d)",offensive,,
2026-05-21,2026-05-22,False,False,False,"MA120|true_weak=2/6(33%)|弱:恒生指数,恒生科技|MA↓:恒生科技|死叉:2|强:沪深300,创业板,科创50,中证500|确认强市(连续1d)",offensive,,
2026-05-22,2026-05-25,False,False,False,"MA120|true_weak=2/6(33%)|弱:恒生指数,恒生科技|MA↓:恒生科技|死叉:2|强:沪深300,创业板,科创50,中证500|确认强市(连续1d)",offensive,,
2026-05-25,2026-05-26,False,False,False,"MA120|true_weak=0/4(0%)|强:沪深300,创业板,科创50,中证500|确认强市(连续1d)",offensive,,
2026-05-26,2026-05-27,False,False,False,"MA120|true_weak=2/6(33%)|弱:恒生指数,恒生科技|MA↓:恒生科技|死叉:2|强:沪深300,创业板,科创50,中证500|确认强市(连续1d)",offensive,,
2026-05-27,2026-05-28,False,False,False,"MA120|true_weak=2/6(33%)|弱:恒生指数,恒生科技|MA↓:恒生科技|死叉:2|强:沪深300,创业板,科创50,中证500|确认强市(连续1d)",offensive,,
2026-05-28,2026-05-29,False,False,False,"MA120|true_weak=2/6(33%)|弱:恒生指数,恒生科技|MA↓:恒生科技|死叉:2|强:沪深300,创业板,科创50,中证500|确认强市(连续1d)",offensive,,
2026-05-29,2026-06-01,False,False,False,"MA120|true_weak=2/6(33%)|弱:恒生指数,恒生科技|MA↓:恒生科技|死叉:2|强:沪深300,创业板,科创50,中证500|确认强市(连续1d)",offensive,,
2026-06-01,2026-06-02,False,False,False,"MA120|true_weak=2/6(33%)|弱:恒生指数,恒生科技|MA↓:恒生科技|死叉:2|强:沪深300,创业板,科创50,中证500|确认强市(连续1d)",offensive,,
2026-06-02,2026-06-03,True,False,False,"MA120|true_weak=2/6(33%)|弱:恒生指数,恒生科技|MA↓:恒生科技|死叉:2|强:沪深300,创业板,科创50,中证500|确认强市(连续1d)",offensive,通信;半导体设备,515880:50.0%;159516:50.0%
2026-06-03,2026-06-04,False,False,False,"MA120|true_weak=2/6(33%)|弱:恒生指数,恒生科技|MA↓:恒生科技|死叉:2|强:沪深300,创业板,科创50,中证500|确认强市(连续1d)",offensive,,
2026-06-04,2026-06-05,False,False,False,"MA120|true_weak=2/6(33%)|弱:恒生指数,恒生科技|MA↓:恒生科技|死叉:2|强:沪深300,创业板,科创50,中证500|确认强市(连续1d)",offensive,,
2026-06-05,2026-06-08,False,False,False,"MA120|true_weak=2/6(33%)|弱:恒生指数,恒生科技|MA↓:恒生科技|死叉:2|强:沪深300,创业板,科创50,中证500|确认强市(连续1d)",offensive,,
2026-06-08,2026-06-09,False,False,False,"MA120|true_weak=2/6(33%)|弱:恒生指数,恒生科技|MA↓:恒生科技|死叉:2|假弱(忽略):中证500|强:沪深300,创业板,科创50|确认强市(连续1d)",offensive,,
2026-06-09,2026-06-10,False,False,False,"MA120|true_weak=2/6(33%)|弱:恒生指数,恒生科技|MA↓:恒生科技|死叉:2|强:沪深300,创业板,科创50,中证500|确认强市(连续1d)",offensive,,
2026-06-10,2026-06-11,False,False,False,"MA120|true_weak=2/6(33%)|弱:恒生指数,恒生科技|MA↓:恒生科技|死叉:2|假弱(忽略):中证500|强:沪深300,创业板,科创50|确认强市(连续1d)",offensive,,
2026-06-11,2026-06-12,False,False,False,"MA120|true_weak=2/6(33%)|弱:恒生指数,恒生科技|MA↓:恒生科技|死叉:2|假弱(忽略):中证500|强:沪深300,创业板,科创50|确认强市(连续1d)",offensive,,
2026-06-12,2026-06-15,False,False,False,"MA120|true_weak=2/6(33%)|弱:恒生指数,恒生科技|MA↓:恒生科技|死叉:2|假弱(忽略):中证500|强:沪深300,创业板,科创50|确认强市(连续1d)",offensive,,
2026-06-15,2026-06-16,False,False,False,"MA120|true_weak=2/6(33%)|弱:恒生指数,恒生科技|MA↓:恒生科技|死叉:2|强:沪深300,创业板,科创50,中证500|确认强市(连续1d)",offensive,,
2026-06-16,2026-06-17,False,False,False,"MA120|true_weak=2/6(33%)|弱:恒生指数,恒生科技|MA↓:恒生科技|死叉:2|强:沪深300,创业板,科创50,中证500|确认强市(连续1d)",offensive,,
2026-06-17,2026-06-18,False,False,False,"MA120|true_weak=2/6(33%)|弱:恒生指数,恒生科技|MA↓:恒生科技|死叉:2|强:沪深300,创业板,科创50,中证500|确认强市(连续1d)",offensive,,
2026-06-18,2026-06-22,False,False,False,"MA120|true_weak=2/6(33%)|弱:恒生指数,恒生科技|MA↓:恒生科技|死叉:2|强:沪深300,创业板,科创50,中证500|确认强市(连续1d)",offensive,,
2026-06-22,2026-06-23,False,False,False,"MA120|true_weak=2/6(33%)|弱:恒生指数,恒生科技|MA↓:恒生指数,恒生科技|死叉:2|强:沪深300,创业板,科创50,中证500|确认强市(连续1d)",offensive,,
2026-06-23,2026-06-24,False,False,False,"MA120|true_weak=2/6(33%)|弱:恒生指数,恒生科技|MA↓:恒生指数,恒生科技|死叉:2|强:沪深300,创业板,科创50,中证500|确认强市(连续1d)",offensive,,
2026-06-24,2026-06-25,False,False,False,"MA120|true_weak=2/6(33%)|弱:恒生指数,恒生科技|MA↓:恒生指数,恒生科技|死叉:2|强:沪深300,创业板,科创50,中证500|确认强市(连续1d)",offensive,,
2026-06-25,2026-06-26,False,False,False,"MA120|true_weak=2/6(33%)|弱:恒生指数,恒生科技|MA↓:恒生指数,恒生科技|死叉:2|强:沪深300,创业板,科创50,中证500|确认强市(连续1d)",offensive,,
2026-06-26,2026-06-29,False,False,False,"MA120|true_weak=2/6(33%)|弱:恒生指数,恒生科技|MA↓:恒生指数,恒生科技|死叉:2|强:沪深300,创业板,科创50,中证500|确认强市(连续1d)",offensive,,
2026-06-29,2026-06-30,False,False,False,"MA120|true_weak=2/6(33%)|弱:恒生指数,恒生科技|MA↓:恒生指数,恒生科技|死叉:2|强:沪深300,创业板,科创50,中证500|确认强市(连续1d)",offensive,,
2026-06-30,2026-07-01,False,False,False,"MA120|true_weak=2/6(33%)|弱:恒生指数,恒生科技|MA↓:恒生指数,恒生科技|死叉:2|强:沪深300,创业板,科创50,中证500|确认强市(连续1d)",offensive,,
2026-07-01,2026-07-02,False,False,False,"MA120|true_weak=0/4(0%)|强:沪深300,创业板,科创50,中证500|确认强市(连续1d)",offensive,,
2026-07-02,2026-07-03,True,False,False,"MA120|true_weak=2/6(33%)|弱:恒生指数,恒生科技|MA↓:恒生指数,恒生科技|死叉:2|强:沪深300,创业板,科创50,中证500|确认强市(连续1d)",offensive,半导体设备;科创芯片,159516:50.0%;588200:50.0%
2026-07-03,2026-07-06,False,False,False,"MA120|true_weak=2/6(33%)|弱:恒生指数,恒生科技|MA↓:恒生指数,恒生科技|死叉:2|强:沪深300,创业板,科创50,中证500|确认强市(连续1d)",offensive,,
2026-07-06,2026-07-07,False,False,False,"MA120|true_weak=2/6(33%)|弱:恒生指数,恒生科技|MA↓:恒生指数,恒生科技|死叉:2|强:沪深300,创业板,科创50,中证500|确认强市(连续1d)",offensive,,
2026-07-07,2026-07-08,False,False,False,"MA120|true_weak=2/6(33%)|弱:恒生指数,恒生科技|MA↓:恒生指数,恒生科技|死叉:2|强:沪深300,创业板,科创50,中证500|确认强市(连续1d)",offensive,,
2026-07-08,2026-07-09,False,False,False,"MA120|true_weak=2/6(33%)|弱:恒生指数,恒生科技|MA↓:恒生指数,恒生科技|死叉:2|强:沪深300,创业板,科创50,中证500|确认强市(连续1d)",offensive,,
2026-07-09,2026-07-10,False,False,False,"MA120|true_weak=2/6(33%)|弱:恒生指数,恒生科技|MA↓:恒生指数,恒生科技|死叉:2|强:沪深300,创业板,科创50,中证500|确认强市(连续1d)",offensive,,
